:0200000460009A
:100000004643464200000156000000000101020084
:1000100000000000000000000000000000000000E0
:1000200000000000000000000000000000000000D0
:1000300000000000000000000000000000000000C0
:1000400000000000010406010000000000000000A4
:100050000000200000000000000000000000000080
:100060000000000000000000000000000000000090
:100070000000000000000000000000000000000080
:10008000EB04180AFF1E04320126000000000000E5
:100090000000000000000000000000000000000060
:1000A0000000000000000000000000000000000050
:1000B0000000000000000000000000000000000040
:1000C0000000000000000000000000000000000030
:1000D0000000000000000000000000000000000020
:1000E0000000000000000000000000000000000010
:1000F0000000000000000000000000000000000000
:1001000000000000000000000000000000000000EF
:1001100000000000000000000000000000000000DF
:1001200000000000000000000000000000000000CF
:1001300000000000000000000000000000000000BF
:1001400000000000000000000000000000000000AF
:10015000000000000000000000000000000000009F
:10016000000000000000000000000000000000008F
:10017000000000000000000000000000000000007F
:10018000000000000000000000000000000000006F
:10019000000000000000000000000000000000005F
:1001A000000000000000000000000000000000004F
:1001B000000000000000000000000000000000003F
:1001C000000100000010000001000000000000001D
:1001D000000001000000000000000000000000001E
:1001E000000000000000000000000000000000000F
:1001F00000000000000000000000000000000000FF
:10020000FFFFFFFFFFFFFFFFFFFFFFFFFFFFFFFFFE
:10021000FFFFFFFFFFFFFFFFFFFFFFFFFFFFFFFFEE
:10022000FFFFFFFFFFFFFFFFFFFFFFFFFFFFFFFFDE
:10023000FFFFFFFFFFFFFFFFFFFFFFFFFFFFFFFFCE
:10024000FFFFFFFFFFFFFFFFFFFFFFFFFFFFFFFFBE
:10025000FFFFFFFFFFFFFFFFFFFFFFFFFFFFFFFFAE
:10026000FFFFFFFFFFFFFFFFFFFFFFFFFFFFFFFF9E
:10027000FFFFFFFFFFFFFFFFFFFFFFFFFFFFFFFF8E
:10028000FFFFFFFFFFFFFFFFFFFFFFFFFFFFFFFF7E
:10029000FFFFFFFFFFFFFFFFFFFFFFFFFFFFFFFF6E
:1002A000FFFFFFFFFFFFFFFFFFFFFFFFFFFFFFFF5E
:1002B000FFFFFFFFFFFFFFFFFFFFFFFFFFFFFFFF4E
:1002C000FFFFFFFFFFFFFFFFFFFFFFFFFFFFFFFF3E
:1002D000FFFFFFFFFFFFFFFFFFFFFFFFFFFFFFFF2E
:1002E000FFFFFFFFFFFFFFFFFFFFFFFFFFFFFFFF1E
:1002F000FFFFFFFFFFFFFFFFFFFFFFFFFFFFFFFF0E
:10030000FFFFFFFFFFFFFFFFFFFFFFFFFFFFFFFFFD
:10031000FFFFFFFFFFFFFFFFFFFFFFFFFFFFFFFFED
:10032000FFFFFFFFFFFFFFFFFFFFFFFFFFFFFFFFDD
:10033000FFFFFFFFFFFFFFFFFFFFFFFFFFFFFFFFCD
:10034000FFFFFFFFFFFFFFFFFFFFFFFFFFFFFFFFBD
:10035000FFFFFFFFFFFFFFFFFFFFFFFFFFFFFFFFAD
:10036000FFFFFFFFFFFFFFFFFFFFFFFFFFFFFFFF9D
:10037000FFFFFFFFFFFFFFFFFFFFFFFFFFFFFFFF8D
:10038000FFFFFFFFFFFFFFFFFFFFFFFFFFFFFFFF7D
:10039000FFFFFFFFFFFFFFFFFFFFFFFFFFFFFFFF6D
:1003A000FFFFFFFFFFFFFFFFFFFFFFFFFFFFFFFF5D
:1003B000FFFFFFFFFFFFFFFFFFFFFFFFFFFFFFFF4D
:1003C000FFFFFFFFFFFFFFFFFFFFFFFFFFFFFFFF3D
:1003D000FFFFFFFFFFFFFFFFFFFFFFFFFFFFFFFF2D
:1003E000FFFFFFFFFFFFFFFFFFFFFFFFFFFFFFFF1D
:1003F000FFFFFFFFFFFFFFFFFFFFFFFFFFFFFFFF0D
:10040000FFFFFFFFFFFFFFFFFFFFFFFFFFFFFFFFFC
:10041000FFFFFFFFFFFFFFFFFFFFFFFFFFFFFFFFEC
:10042000FFFFFFFFFFFFFFFFFFFFFFFFFFFFFFFFDC
:10043000FFFFFFFFFFFFFFFFFFFFFFFFFFFFFFFFCC
:10044000FFFFFFFFFFFFFFFFFFFFFFFFFFFFFFFFBC
:10045000FFFFFFFFFFFFFFFFFFFFFFFFFFFFFFFFAC
:10046000FFFFFFFFFFFFFFFFFFFFFFFFFFFFFFFF9C
:10047000FFFFFFFFFFFFFFFFFFFFFFFFFFFFFFFF8C
:10048000FFFFFFFFFFFFFFFFFFFFFFFFFFFFFFFF7C
:10049000FFFFFFFFFFFFFFFFFFFFFFFFFFFFFFFF6C
:1004A000FFFFFFFFFFFFFFFFFFFFFFFFFFFFFFFF5C
:1004B000FFFFFFFFFFFFFFFFFFFFFFFFFFFFFFFF4C
:1004C000FFFFFFFFFFFFFFFFFFFFFFFFFFFFFFFF3C
:1004D000FFFFFFFFFFFFFFFFFFFFFFFFFFFFFFFF2C
:1004E000FFFFFFFFFFFFFFFFFFFFFFFFFFFFFFFF1C
:1004F000FFFFFFFFFFFFFFFFFFFFFFFFFFFFFFFF0C
:10050000FFFFFFFFFFFFFFFFFFFFFFFFFFFFFFFFFB
:10051000FFFFFFFFFFFFFFFFFFFFFFFFFFFFFFFFEB
:10052000FFFFFFFFFFFFFFFFFFFFFFFFFFFFFFFFDB
:10053000FFFFFFFFFFFFFFFFFFFFFFFFFFFFFFFFCB
:10054000FFFFFFFFFFFFFFFFFFFFFFFFFFFFFFFFBB
:10055000FFFFFFFFFFFFFFFFFFFFFFFFFFFFFFFFAB
:10056000FFFFFFFFFFFFFFFFFFFFFFFFFFFFFFFF9B
:10057000FFFFFFFFFFFFFFFFFFFFFFFFFFFFFFFF8B
:10058000FFFFFFFFFFFFFFFFFFFFFFFFFFFFFFFF7B
:10059000FFFFFFFFFFFFFFFFFFFFFFFFFFFFFFFF6B
:1005A000FFFFFFFFFFFFFFFFFFFFFFFFFFFFFFFF5B
:1005B000FFFFFFFFFFFFFFFFFFFFFFFFFFFFFFFF4B
:1005C000FFFFFFFFFFFFFFFFFFFFFFFFFFFFFFFF3B
:1005D000FFFFFFFFFFFFFFFFFFFFFFFFFFFFFFFF2B
:1005E000FFFFFFFFFFFFFFFFFFFFFFFFFFFFFFFF1B
:1005F000FFFFFFFFFFFFFFFFFFFFFFFFFFFFFFFF0B
:10060000FFFFFFFFFFFFFFFFFFFFFFFFFFFFFFFFFA
:10061000FFFFFFFFFFFFFFFFFFFFFFFFFFFFFFFFEA
:10062000FFFFFFFFFFFFFFFFFFFFFFFFFFFFFFFFDA
:10063000FFFFFFFFFFFFFFFFFFFFFFFFFFFFFFFFCA
:10064000FFFFFFFFFFFFFFFFFFFFFFFFFFFFFFFFBA
:10065000FFFFFFFFFFFFFFFFFFFFFFFFFFFFFFFFAA
:10066000FFFFFFFFFFFFFFFFFFFFFFFFFFFFFFFF9A
:10067000FFFFFFFFFFFFFFFFFFFFFFFFFFFFFFFF8A
:10068000FFFFFFFFFFFFFFFFFFFFFFFFFFFFFFFF7A
:10069000FFFFFFFFFFFFFFFFFFFFFFFFFFFFFFFF6A
:1006A000FFFFFFFFFFFFFFFFFFFFFFFFFFFFFFFF5A
:1006B000FFFFFFFFFFFFFFFFFFFFFFFFFFFFFFFF4A
:1006C000FFFFFFFFFFFFFFFFFFFFFFFFFFFFFFFF3A
:1006D000FFFFFFFFFFFFFFFFFFFFFFFFFFFFFFFF2A
:1006E000FFFFFFFFFFFFFFFFFFFFFFFFFFFFFFFF1A
:1006F000FFFFFFFFFFFFFFFFFFFFFFFFFFFFFFFF0A
:10070000FFFFFFFFFFFFFFFFFFFFFFFFFFFFFFFFF9
:10071000FFFFFFFFFFFFFFFFFFFFFFFFFFFFFFFFE9
:10072000FFFFFFFFFFFFFFFFFFFFFFFFFFFFFFFFD9
:10073000FFFFFFFFFFFFFFFFFFFFFFFFFFFFFFFFC9
:10074000FFFFFFFFFFFFFFFFFFFFFFFFFFFFFFFFB9
:10075000FFFFFFFFFFFFFFFFFFFFFFFFFFFFFFFFA9
:10076000FFFFFFFFFFFFFFFFFFFFFFFFFFFFFFFF99
:10077000FFFFFFFFFFFFFFFFFFFFFFFFFFFFFFFF89
:10078000FFFFFFFFFFFFFFFFFFFFFFFFFFFFFFFF79
:10079000FFFFFFFFFFFFFFFFFFFFFFFFFFFFFFFF69
:1007A000FFFFFFFFFFFFFFFFFFFFFFFFFFFFFFFF59
:1007B000FFFFFFFFFFFFFFFFFFFFFFFFFFFFFFFF49
:1007C000FFFFFFFFFFFFFFFFFFFFFFFFFFFFFFFF39
:1007D000FFFFFFFFFFFFFFFFFFFFFFFFFFFFFFFF29
:1007E000FFFFFFFFFFFFFFFFFFFFFFFFFFFFFFFF19
:1007F000FFFFFFFFFFFFFFFFFFFFFFFFFFFFFFFF09
:10080000FFFFFFFFFFFFFFFFFFFFFFFFFFFFFFFFF8
:10081000FFFFFFFFFFFFFFFFFFFFFFFFFFFFFFFFE8
:10082000FFFFFFFFFFFFFFFFFFFFFFFFFFFFFFFFD8
:10083000FFFFFFFFFFFFFFFFFFFFFFFFFFFFFFFFC8
:10084000FFFFFFFFFFFFFFFFFFFFFFFFFFFFFFFFB8
:10085000FFFFFFFFFFFFFFFFFFFFFFFFFFFFFFFFA8
:10086000FFFFFFFFFFFFFFFFFFFFFFFFFFFFFFFF98
:10087000FFFFFFFFFFFFFFFFFFFFFFFFFFFFFFFF88
:10088000FFFFFFFFFFFFFFFFFFFFFFFFFFFFFFFF78
:10089000FFFFFFFFFFFFFFFFFFFFFFFFFFFFFFFF68
:1008A000FFFFFFFFFFFFFFFFFFFFFFFFFFFFFFFF58
:1008B000FFFFFFFFFFFFFFFFFFFFFFFFFFFFFFFF48
:1008C000FFFFFFFFFFFFFFFFFFFFFFFFFFFFFFFF38
:1008D000FFFFFFFFFFFFFFFFFFFFFFFFFFFFFFFF28
:1008E000FFFFFFFFFFFFFFFFFFFFFFFFFFFFFFFF18
:1008F000FFFFFFFFFFFFFFFFFFFFFFFFFFFFFFFF08
:10090000FFFFFFFFFFFFFFFFFFFFFFFFFFFFFFFFF7
:10091000FFFFFFFFFFFFFFFFFFFFFFFFFFFFFFFFE7
:10092000FFFFFFFFFFFFFFFFFFFFFFFFFFFFFFFFD7
:10093000FFFFFFFFFFFFFFFFFFFFFFFFFFFFFFFFC7
:10094000FFFFFFFFFFFFFFFFFFFFFFFFFFFFFFFFB7
:10095000FFFFFFFFFFFFFFFFFFFFFFFFFFFFFFFFA7
:10096000FFFFFFFFFFFFFFFFFFFFFFFFFFFFFFFF97
:10097000FFFFFFFFFFFFFFFFFFFFFFFFFFFFFFFF87
:10098000FFFFFFFFFFFFFFFFFFFFFFFFFFFFFFFF77
:10099000FFFFFFFFFFFFFFFFFFFFFFFFFFFFFFFF67
:1009A000FFFFFFFFFFFFFFFFFFFFFFFFFFFFFFFF57
:1009B000FFFFFFFFFFFFFFFFFFFFFFFFFFFFFFFF47
:1009C000FFFFFFFFFFFFFFFFFFFFFFFFFFFFFFFF37
:1009D000FFFFFFFFFFFFFFFFFFFFFFFFFFFFFFFF27
:1009E000FFFFFFFFFFFFFFFFFFFFFFFFFFFFFFFF17
:1009F000FFFFFFFFFFFFFFFFFFFFFFFFFFFFFFFF07
:100A0000FFFFFFFFFFFFFFFFFFFFFFFFFFFFFFFFF6
:100A1000FFFFFFFFFFFFFFFFFFFFFFFFFFFFFFFFE6
:100A2000FFFFFFFFFFFFFFFFFFFFFFFFFFFFFFFFD6
:100A3000FFFFFFFFFFFFFFFFFFFFFFFFFFFFFFFFC6
:100A4000FFFFFFFFFFFFFFFFFFFFFFFFFFFFFFFFB6
:100A5000FFFFFFFFFFFFFFFFFFFFFFFFFFFFFFFFA6
:100A6000FFFFFFFFFFFFFFFFFFFFFFFFFFFFFFFF96
:100A7000FFFFFFFFFFFFFFFFFFFFFFFFFFFFFFFF86
:100A8000FFFFFFFFFFFFFFFFFFFFFFFFFFFFFFFF76
:100A9000FFFFFFFFFFFFFFFFFFFFFFFFFFFFFFFF66
:100AA000FFFFFFFFFFFFFFFFFFFFFFFFFFFFFFFF56
:100AB000FFFFFFFFFFFFFFFFFFFFFFFFFFFFFFFF46
:100AC000FFFFFFFFFFFFFFFFFFFFFFFFFFFFFFFF36
:100AD000FFFFFFFFFFFFFFFFFFFFFFFFFFFFFFFF26
:100AE000FFFFFFFFFFFFFFFFFFFFFFFFFFFFFFFF16
:100AF000FFFFFFFFFFFFFFFFFFFFFFFFFFFFFFFF06
:100B0000FFFFFFFFFFFFFFFFFFFFFFFFFFFFFFFFF5
:100B1000FFFFFFFFFFFFFFFFFFFFFFFFFFFFFFFFE5
:100B2000FFFFFFFFFFFFFFFFFFFFFFFFFFFFFFFFD5
:100B3000FFFFFFFFFFFFFFFFFFFFFFFFFFFFFFFFC5
:100B4000FFFFFFFFFFFFFFFFFFFFFFFFFFFFFFFFB5
:100B5000FFFFFFFFFFFFFFFFFFFFFFFFFFFFFFFFA5
:100B6000FFFFFFFFFFFFFFFFFFFFFFFFFFFFFFFF95
:100B7000FFFFFFFFFFFFFFFFFFFFFFFFFFFFFFFF85
:100B8000FFFFFFFFFFFFFFFFFFFFFFFFFFFFFFFF75
:100B9000FFFFFFFFFFFFFFFFFFFFFFFFFFFFFFFF65
:100BA000FFFFFFFFFFFFFFFFFFFFFFFFFFFFFFFF55
:100BB000FFFFFFFFFFFFFFFFFFFFFFFFFFFFFFFF45
:100BC000FFFFFFFFFFFFFFFFFFFFFFFFFFFFFFFF35
:100BD000FFFFFFFFFFFFFFFFFFFFFFFFFFFFFFFF25
:100BE000FFFFFFFFFFFFFFFFFFFFFFFFFFFFFFFF15
:100BF000FFFFFFFFFFFFFFFFFFFFFFFFFFFFFFFF05
:100C0000FFFFFFFFFFFFFFFFFFFFFFFFFFFFFFFFF4
:100C1000FFFFFFFFFFFFFFFFFFFFFFFFFFFFFFFFE4
:100C2000FFFFFFFFFFFFFFFFFFFFFFFFFFFFFFFFD4
:100C3000FFFFFFFFFFFFFFFFFFFFFFFFFFFFFFFFC4
:100C4000FFFFFFFFFFFFFFFFFFFFFFFFFFFFFFFFB4
:100C5000FFFFFFFFFFFFFFFFFFFFFFFFFFFFFFFFA4
:100C6000FFFFFFFFFFFFFFFFFFFFFFFFFFFFFFFF94
:100C7000FFFFFFFFFFFFFFFFFFFFFFFFFFFFFFFF84
:100C8000FFFFFFFFFFFFFFFFFFFFFFFFFFFFFFFF74
:100C9000FFFFFFFFFFFFFFFFFFFFFFFFFFFFFFFF64
:100CA000FFFFFFFFFFFFFFFFFFFFFFFFFFFFFFFF54
:100CB000FFFFFFFFFFFFFFFFFFFFFFFFFFFFFFFF44
:100CC000FFFFFFFFFFFFFFFFFFFFFFFFFFFFFFFF34
:100CD000FFFFFFFFFFFFFFFFFFFFFFFFFFFFFFFF24
:100CE000FFFFFFFFFFFFFFFFFFFFFFFFFFFFFFFF14
:100CF000FFFFFFFFFFFFFFFFFFFFFFFFFFFFFFFF04
:100D0000FFFFFFFFFFFFFFFFFFFFFFFFFFFFFFFFF3
:100D1000FFFFFFFFFFFFFFFFFFFFFFFFFFFFFFFFE3
:100D2000FFFFFFFFFFFFFFFFFFFFFFFFFFFFFFFFD3
:100D3000FFFFFFFFFFFFFFFFFFFFFFFFFFFFFFFFC3
:100D4000FFFFFFFFFFFFFFFFFFFFFFFFFFFFFFFFB3
:100D5000FFFFFFFFFFFFFFFFFFFFFFFFFFFFFFFFA3
:100D6000FFFFFFFFFFFFFFFFFFFFFFFFFFFFFFFF93
:100D7000FFFFFFFFFFFFFFFFFFFFFFFFFFFFFFFF83
:100D8000FFFFFFFFFFFFFFFFFFFFFFFFFFFFFFFF73
:100D9000FFFFFFFFFFFFFFFFFFFFFFFFFFFFFFFF63
:100DA000FFFFFFFFFFFFFFFFFFFFFFFFFFFFFFFF53
:100DB000FFFFFFFFFFFFFFFFFFFFFFFFFFFFFFFF43
:100DC000FFFFFFFFFFFFFFFFFFFFFFFFFFFFFFFF33
:100DD000FFFFFFFFFFFFFFFFFFFFFFFFFFFFFFFF23
:100DE000FFFFFFFFFFFFFFFFFFFFFFFFFFFFFFFF13
:100DF000FFFFFFFFFFFFFFFFFFFFFFFFFFFFFFFF03
:100E0000FFFFFFFFFFFFFFFFFFFFFFFFFFFFFFFFF2
:100E1000FFFFFFFFFFFFFFFFFFFFFFFFFFFFFFFFE2
:100E2000FFFFFFFFFFFFFFFFFFFFFFFFFFFFFFFFD2
:100E3000FFFFFFFFFFFFFFFFFFFFFFFFFFFFFFFFC2
:100E4000FFFFFFFFFFFFFFFFFFFFFFFFFFFFFFFFB2
:100E5000FFFFFFFFFFFFFFFFFFFFFFFFFFFFFFFFA2
:100E6000FFFFFFFFFFFFFFFFFFFFFFFFFFFFFFFF92
:100E7000FFFFFFFFFFFFFFFFFFFFFFFFFFFFFFFF82
:100E8000FFFFFFFFFFFFFFFFFFFFFFFFFFFFFFFF72
:100E9000FFFFFFFFFFFFFFFFFFFFFFFFFFFFFFFF62
:100EA000FFFFFFFFFFFFFFFFFFFFFFFFFFFFFFFF52
:100EB000FFFFFFFFFFFFFFFFFFFFFFFFFFFFFFFF42
:100EC000FFFFFFFFFFFFFFFFFFFFFFFFFFFFFFFF32
:100ED000FFFFFFFFFFFFFFFFFFFFFFFFFFFFFFFF22
:100EE000FFFFFFFFFFFFFFFFFFFFFFFFFFFFFFFF12
:100EF000FFFFFFFFFFFFFFFFFFFFFFFFFFFFFFFF02
:100F0000FFFFFFFFFFFFFFFFFFFFFFFFFFFFFFFFF1
:100F1000FFFFFFFFFFFFFFFFFFFFFFFFFFFFFFFFE1
:100F2000FFFFFFFFFFFFFFFFFFFFFFFFFFFFFFFFD1
:100F3000FFFFFFFFFFFFFFFFFFFFFFFFFFFFFFFFC1
:100F4000FFFFFFFFFFFFFFFFFFFFFFFFFFFFFFFFB1
:100F5000FFFFFFFFFFFFFFFFFFFFFFFFFFFFFFFFA1
:100F6000FFFFFFFFFFFFFFFFFFFFFFFFFFFFFFFF91
:100F7000FFFFFFFFFFFFFFFFFFFFFFFFFFFFFFFF81
:100F8000FFFFFFFFFFFFFFFFFFFFFFFFFFFFFFFF71
:100F9000FFFFFFFFFFFFFFFFFFFFFFFFFFFFFFFF61
:100FA000FFFFFFFFFFFFFFFFFFFFFFFFFFFFFFFF51
:100FB000FFFFFFFFFFFFFFFFFFFFFFFFFFFFFFFF41
:100FC000FFFFFFFFFFFFFFFFFFFFFFFFFFFFFFFF31
:100FD000FFFFFFFFFFFFFFFFFFFFFFFFFFFFFFFF21
:100FE000FFFFFFFFFFFFFFFFFFFFFFFFFFFFFFFF11
:100FF000FFFFFFFFFFFFFFFFFFFFFFFFFFFFFFFF01
:10100000D1002043ED15006000000000000000004A
:10101000201000600010006000DC03600000000091
:101020000000006000E8030000000000FFFFFFFF79
:10103000FFFFFFFFFFFFFFFFFFFFFFFFFFFFFFFFC0
:10104000FFFFFFFFFFFFFFFFFFFFFFFFFFFFFFFFB0
:10105000FFFFFFFFFFFFFFFFFFFFFFFFFFFFFFFFA0
:10106000FFFFFFFFFFFFFFFFFFFFFFFFFFFFFFFF90
:10107000FFFFFFFFFFFFFFFFFFFFFFFFFFFFFFFF80
:10108000FFFFFFFFFFFFFFFFFFFFFFFFFFFFFFFF70
:10109000FFFFFFFFFFFFFFFFFFFFFFFFFFFFFFFF60
:1010A000FFFFFFFFFFFFFFFFFFFFFFFFFFFFFFFF50
:1010B000FFFFFFFFFFFFFFFFFFFFFFFFFFFFFFFF40
:1010C000FFFFFFFFFFFFFFFFFFFFFFFFFFFFFFFF30
:1010D000FFFFFFFFFFFFFFFFFFFFFFFFFFFFFFFF20
:1010E000FFFFFFFFFFFFFFFFFFFFFFFFFFFFFFFF10
:1010F000FFFFFFFFFFFFFFFFFFFFFFFFFFFFFFFF00
:10110000FFFFFFFFFFFFFFFFFFFFFFFFFFFFFFFFEF
:10111000FFFFFFFFFFFFFFFFFFFFFFFFFFFFFFFFDF
:10112000FFFFFFFFFFFFFFFFFFFFFFFFFFFFFFFFCF
:10113000FFFFFFFFFFFFFFFFFFFFFFFFFFFFFFFFBF
:10114000FFFFFFFFFFFFFFFFFFFFFFFFFFFFFFFFAF
:10115000FFFFFFFFFFFFFFFFFFFFFFFFFFFFFFFF9F
:10116000FFFFFFFFFFFFFFFFFFFFFFFFFFFFFFFF8F
:10117000FFFFFFFFFFFFFFFFFFFFFFFFFFFFFFFF7F
:10118000FFFFFFFFFFFFFFFFFFFFFFFFFFFFFFFF6F
:10119000FFFFFFFFFFFFFFFFFFFFFFFFFFFFFFFF5F
:1011A000FFFFFFFFFFFFFFFFFFFFFFFFFFFFFFFF4F
:1011B000FFFFFFFFFFFFFFFFFFFFFFFFFFFFFFFF3F
:1011C000FFFFFFFFFFFFFFFFFFFFFFFFFFFFFFFF2F
:1011D000FFFFFFFFFFFFFFFFFFFFFFFFFFFFFFFF1F
:1011E000FFFFFFFFFFFFFFFFFFFFFFFFFFFFFFFF0F
:1011F000FFFFFFFFFFFFFFFFFFFFFFFFFFFFFFFFFF
:10120000FFFFFFFFFFFFFFFFFFFFFFFFFFFFFFFFEE
:10121000FFFFFFFFFFFFFFFFFFFFFFFFFFFFFFFFDE
:10122000FFFFFFFFFFFFFFFFFFFFFFFFFFFFFFFFCE
:10123000FFFFFFFFFFFFFFFFFFFFFFFFFFFFFFFFBE
:10124000FFFFFFFFFFFFFFFFFFFFFFFFFFFFFFFFAE
:10125000FFFFFFFFFFFFFFFFFFFFFFFFFFFFFFFF9E
:10126000FFFFFFFFFFFFFFFFFFFFFFFFFFFFFFFF8E
:10127000FFFFFFFFFFFFFFFFFFFFFFFFFFFFFFFF7E
:10128000FFFFFFFFFFFFFFFFFFFFFFFFFFFFFFFF6E
:10129000FFFFFFFFFFFFFFFFFFFFFFFFFFFFFFFF5E
:1012A000FFFFFFFFFFFFFFFFFFFFFFFFFFFFFFFF4E
:1012B000FFFFFFFFFFFFFFFFFFFFFFFFFFFFFFFF3E
:1012C000FFFFFFFFFFFFFFFFFFFFFFFFFFFFFFFF2E
:1012D000FFFFFFFFFFFFFFFFFFFFFFFFFFFFFFFF1E
:1012E000FFFFFFFFFFFFFFFFFFFFFFFFFFFFFFFF0E
:1012F000FFFFFFFFFFFFFFFFFFFFFFFFFFFFFFFFFE
:10130000FFFFFFFFFFFFFFFFFFFFFFFFFFFFFFFFED
:10131000FFFFFFFFFFFFFFFFFFFFFFFFFFFFFFFFDD
:10132000FFFFFFFFFFFFFFFFFFFFFFFFFFFFFFFFCD
:10133000FFFFFFFFFFFFFFFFFFFFFFFFFFFFFFFFBD
:10134000FFFFFFFFFFFFFFFFFFFFFFFFFFFFFFFFAD
:10135000FFFFFFFFFFFFFFFFFFFFFFFFFFFFFFFF9D
:10136000FFFFFFFFFFFFFFFFFFFFFFFFFFFFFFFF8D
:10137000FFFFFFFFFFFFFFFFFFFFFFFFFFFFFFFF7D
:10138000FFFFFFFFFFFFFFFFFFFFFFFFFFFFFFFF6D
:10139000FFFFFFFFFFFFFFFFFFFFFFFFFFFFFFFF5D
:1013A000FFFFFFFFFFFFFFFFFFFFFFFFFFFFFFFF4D
:1013B000FFFFFFFFFFFFFFFFFFFFFFFFFFFFFFFF3D
:1013C000FFFFFFFFFFFFFFFFFFFFFFFFFFFFFFFF2D
:1013D000FFFFFFFFFFFFFFFFFFFFFFFFFFFFFFFF1D
:1013E000FFFFFFFFFFFFFFFFFFFFFFFFFFFFFFFF0D
:1013F000FFFFFFFFFFFFFFFFFFFFFFFFFFFFFFFFFD
:10140000824205D051F8043B40F8043B8242F9D8AF
:10141000704700BF044A05494FF0000342F8043BFF
:101420009142FBD8704700BFC0DA0020E0BD042025
:1014300008B5BFF34F8F00F0FDFF534C534B08200E
:101440005349C3F85401534AC3F800115248C3F832
:10145000F0405249FFF7D4FF514A52495248FFF732
:10146000CFFF524CFFF7D6FF4FF470004FF0E02152
:1014700000234F4AC1F8880D44F823200133B02BD4
:10148000FAD14C4B80214C4A03F8011B9342FBD10B
:101490004FF0E025494E4A4A4FF0FF31C5F8084D5C
:1014A000D5F8243D43F4E023C5F8243DF36923F047
:1014B0007F0343F04003F361736A23F07F0343F03B
:1014C000400373629166D1661167516700F0BAFFFD
:1014D0003C4A3D4BA2636322E36300246A61032319
:1014E0003A4AAC612B61C5F8202DD5F8FC2D384B5C
:1014F00042F080723749C5F8FC2D1A6842F00102AB
:101500001A605B680B6001F02BF8334801F0B0FA09
:10151000F16E324B324A41F44051F1661C60C3F81F
:101520000841C3F81841C3F82841C3F83841936B08
:10153000DB0708D442F615632A4951651365936B9E
:1015400043F001039363264A274C936843F0011349
:10155000936000F047FF01F07FFA01F033F800F0EC
:101560006BFF2368132BFCD901F0C8F82368B3F58F
:10157000967FFBD300F064FF00F060FF01F044FAB7
:1015800001F05EFA30BFFDE70C0D111300800D4035
:101590001B101820F0C7020000000000AC380060EB
:1015A000C0DA0020A00003600000002000D8002066
:1015B000D9CE010000E400E0A0E400E000C00F404C
:1015C00000C00A40B1F60100B5F60100000020207D
:1015D000001000E04C4604200046C32300400840B1
:1015E00000400D400000C05650460420054B4FF40B
:1015F0002A01054A05485A641864054A99639546C4
:10160000FFF716FF00C00A40FFAFAAAA070020009C
:10161000000005201BB9124B1B6F9B041ED400F069
:101620003F000F4B22F0604221F0604140F48910EE
:101630001867C3F88010C3F890201A6F22F4805204
:101640001A671A6F002AFCDAD3F87011054A0A40AB
:10165000C3F870211A6F22F480321A67704700BFF6
:1016600000800D40FF7F7FFFD0F88030B3F1E04F66
:1016700006D2044A934201D8034870470348704792
:1016800003487047FFFF1F20D82A0060C82A006067
:10169000D02A006010B582B0002403234FF400016B
:1016A00001AA0820019401F0B7F90F4B9DF804102E
:1016B0009DF805E003F5C36C9DF8064002E0343365
:1016C00063450CD01A7818468A42F8D15A78724588
:1016D000F5D19A78A242F2D11C3002B010BD0020A0
:1016E0001C3002B010BD00BFE02A006010B50446F7
:1016F00084B09F2333A1D1E900010193CDE9020118
:10170000D4F8CC00DDE9021201F07AF9002194F856
:10171000D00001F09DF9042302AAD4F8CC000DEB0F
:10172000030101F0B9F9012194F8D00001F090F91A
:10173000D4F8CC20D37CEBB1D90704D5906A4FF014
:10174000E021C1F800019C0704D5D06A4FF0E021E8
:10175000C1F80401580704D5106B4FF0E021C1F81F
:101760000801190704D5506B4FF0E021C1F80C01B6
:10177000DB061DD4124B9DF809109DF80AE003F515
:10178000C36C9DF80B4002E0343363450CD01A78EB
:1017900018468A42F8D15A787245F5D19A78A24211
:1017A000F2D11C3004B010BD00201C3004B010BDBC
:1017B000926B4FF0E023C3F81021DBE7AFF300801A
:1017C000E02A006080C3C9010700000010B504468C
:1017D00084B054A1D1E90001CDE90001D4F8CC00D6
:1017E000DDE9001201F00CF9002194F8D00001F0BD
:1017F0002FF94749474A322348681268120C03FB05
:1018000002F2454B5208A3FB0232120A4B681B1A24
:101810009A42FBD8D4F8CCE09F23DEF80020536630
:10182000D36D13F4F81FFBD0536F0DF1FF310DF1A1
:10183000080C00205066D36D13F4F81FFBD0536FD3
:1018400001F8013F8C45F5D194F8D030272B07D80B
:10185000324A190102EB03135258DB68C2F8843094
:101860009EF813300BB3DC0705D5DEF828104FF0D7
:10187000E022C2F80011980705D5DEF82C104FF0D1
:10188000E022C2F80411590705D5DEF830104FF0F8
:10189000E022C2F808111A0705D5DEF834104FF01F
:1018A000E022C2F80C11DB061FD49DF800107F293E
:1018B00025D09DF801409DF802E0194B03F5C36C5B
:1018C00002E0343363450CD01A7818468A42F8D1C6
:1018D0005A78A242F5D19A787245F2D11C3004B000
:1018E00010BD00201C3004B010BDDEF838204FF0D1
:1018F000E023C3F810219DF800107F29D9D19DF86D
:1019000006109DF807409DF808E0D6E7AFF3008089
:10191000001000E02CAC002011239708709B0020E1
:10192000E02A006080C3C9010700000070B50446CA
:101930000025084686B00121C4F8CC2084F8D000E8
:10194000257101F085F8012194F8D00001F070F8BC
:10195000D4F8CC0001F078F89F2362A1D1E900010E
:101960000393CDE90401D4F8CC00DDE9041201F0C1
:1019700047F8294694F8D00001F06AF803AA042336
:10198000D4F8CC00114601F087F8012194F8D0007A
:1019900001F05EF8D4F8CC20D37CEBB1D80704D5A5
:1019A000906A4FF0E021C1F80001990704D5D06A90
:1019B0004FF0E021C1F804015E0704D5106B4FF031
:1019C000E021C1F808011D0704D5506B4FF0E0215C
:1019D000C1F80C01D80674D43D4B9DF80D109DF84C
:1019E0000EC003F5C3609DF80FE002E0343383427C
:1019F00064D01A788A42F9D15A786245F6D19A7839
:101A00007245F3D17822002104F10800019301F01E
:101A10003FF83822002104F1940001F039F82D4AF2
:101A2000019BC4E920422C4AC4F888202B4AC4F800
:101A30008C202B4AC4F890209A88C4E92522986803
:101A4000C4F89C001969C4E92A22B1FBF0F1FF2215
:101A5000C4F8A01004F1080004F18001C4F8BC200F
:101A60004FF4C872C4F8A420DA7884F8D1205A69F7
:101A7000C4F8D4209A69C4F8D82001221B7B2271B3
:101A800084F8D23000F0A8FF002804DB01231846B8
:101A9000637106B070BD04F1800104F1080000F02C
:101AA000ABFF002807DB04F1800104F1080000F01F
:101AB00093FF0028EADA0023C4F8CC30002006B0F7
:101AC00070BD926B4FF0E023C3F8102184E700BF94
:101AD000E02A0060C1190100151C0100891D0100E8
:101AE000C113010080C3C9010700000070B504469E
:101AF0000025084686B00121C4F8CC2084F8D00027
:101B0000257100F0A5FF012194F8D00000F090FFAE
:101B1000D4F8CC0000F098FF642000F0A5FF97A156
:101B2000D1E90001CDE90201D4F8CC00DDE90212CF
:101B300000F066FF294694F8D00000F089FF804944
:101B4000804A322348681268120C03FB02F27E4B73
:101B50005208A3FB0232120A4B681B1A9A42FBD8A6
:101B6000D4F8CC509F232A685366D36D13F4F81F22
:101B7000FBD0536F0DF107010DF1100C00205066E2
:101B8000D36D13F4F81FFBD0536F01F8013F61458B
:101B9000F5D194F8D030272B07D86C4A190102EB05
:101BA00003135258DB68C2F88430EB7CF3B1D807DA
:101BB00004D5A96A4FF0E022C2F80011990704D5B4
:101BC000E96A4FF0E022C2F804115A0704D5296BE4
:101BD0004FF0E022C2F808111E0704D5696B4FF0E0
:101BE000E022C2F80C11D80600F191809DF808108F
:101BF0007F2900F096809DF809C09DF80AE0544BBB
:101C000003F5C36002E0343383427DD01A788A4200
:101C1000F9D15A786245F6D19A787245F3D1782293
:101C2000002104F10800019300F032FF3822002166
:101C300004F1940000F02CFF464A019BC4E92042C5
:101C4000454AC4F88820454AC4F88C20444AC4F860
:101C500090209A88C4E925229868C4F89C001969E4
:101C6000C4E92A22B1FBF0F1FF22C4F8A0103D48DC
:101C70002221C4F8BC204FF4C872C4F8A420DA783A
:101C800084F8D1205A69C4F8D42001229B692271BA
:101C9000C4F8D83000F0D0FE334800F0F1FE04F173
:101CA000800104F1080000F097FE002804DB012306
:101CB0001846637106B070BD29212C4800F0BCFEA7
:101CC000294800F0DDFE04F1800104F1080000F075
:101CD00093FE00282CDB2B21254800F0ADFE224886
:101CE00000F0CEFE04F1800104F1080000F074FE63
:101CF0000028DCDA1C211F4800F09EFE1A4800F084
:101D0000BFFE0023C4F8CC30002006B070BDAA6B23
:101D10004FF0E023C3F810219DF808107F297FF4CD
:101D20006AAF9DF80E109DF80FC09DF810E066E7B1
:101D30001021114800F080FE0B4800F0A1FEE0E702
:101D4000001000E02CAC002011239708709B0020AD
:101D5000E02A0060811E0100E91F010071210100DD
:101D6000C51301005C91002030AC00208091002060
:101D7000AC910020D8910020E491002080C3C901DB
:101D80000700000070B5057982B0BDB14379044603
:101D900000F10806B3B904F180013046019100F06A
:101DA0002BFE00280ADB0199304600F015FE0028C2
:101DB00004DB01232846637102B070BD002528466C
:101DC00002B070BD083000F06BFE00236371E2E7E3
:101DD00003790BB9002070472DE9F04FD0F8A080AF
:101DE000054683B00F464FEAD80001211446013062
:101DF00000F016FE064600285AD0D5F8940000F0F0
:101E000043FE8246002857D0B8F1000F05D02C4B76
:101E10000022C3F800802B4B1A6032462A4905F194
:101E2000080000F01DFE00283CDBD5F8A010002FB4
:101E300014BFB8468846B8F1000F25D08C4223D293
:101E400000274FF0010904E00134A1421CD94745A5
:101E50001AD2E30804F00702F35C09FA02F2134015
:101E6000F2D15246214605F1800000F0B9FD30B9AB
:101E70000137D5F88C30214605F180009847D5F818
:101E8000A0100134A142E2D83046019100F0C0FD1B
:101E9000504600F0BDFD0199A14209D9204603B08A
:101EA000BDE8F08F304600F0B3FD504600F0B0FDC5
:101EB000002003B0BDE8F08F304600F0A9FDF7E741
:101EC000B0E20020B4E20020391601002DE9F84FFD
:101ED0000379002B57D0437990468B460546002B5B
:101EE0004BD1D5F89400D5F8A07000F0CDFDB8F135
:101EF000000F18BFBBF1000F824614BF4FF001095D
:101F00004FF0000937B3214B0024A3FB0737BF096B
:101F1000B9F1000F0AD059464046B4FBF7F307FB6E
:101F200013431BB9D8F800301B689847012321469A
:101F3000524605F1800000F053FD0346214605F1AD
:101F4000800013B9D5F88C3098470134D5F8A0300B
:101F5000A342DDD8504600F05BFDB9F1000F04D17B
:101F60002846BDE8F84FFFF70DBF404600F088FD5A
:101F70002846BDE8F84FFFF705BF083000F090FD98
:101F800000236B71ADE71846BDE8F88F8988888813
:101F900070B5804A84B0002104467F480223039133
:101FA000217190617D48D3610323C2F8800208202B
:101FB000C2F884124FF4000103AA00F02DFD784B03
:101FC0009DF80C109DF80DC003F5C3609DF80E50F0
:101FD00003E03433834200F0C0801A788A42F8D19B
:101FE0005A786245F5D19A78AA42F2D17822002136
:101FF00004F10800019300F04BFD3822002104F1A8
:10200000940000F045FD674A019B4FF0010CC4E9C4
:102010002042654AC4F88820644AC4F88C20644A87
:10202000C4F890209A88C4E925229868C4F89C00D6
:102030001969C4E92A22B1FBF0F1FF22C4F8A0100B
:102040005449C4F8BC204FF4C872C4F8A420D8780E
:1020500084F8CC005A69C4F8D0209A69C4F8D42016
:102060001A6984F804C0920A4A664B4A8A610222BD
:10207000CA614FF48A62C1F8A0224FF40002C1F88D
:10208000A0204FF42022C1F8A420C1F8B0C04A69B2
:10209000D507FCD5160763D43E490122DFF834C1C9
:1020A0004A61C1F8A0C24FF0000CC1F8A4C24FF4BD
:1020B000000CC1F8A0C04FF4202CC1F8A4C0C1F896
:1020C000B0204A69D507FCD5120701D508224A611C
:1020D0000121304A182851614FF0000143D03548A2
:1020E000C2F890023448C2F894023448C2F89812F8
:1020F000C2F8B00242F20120C2F8B402187B304BA1
:102100000343C2F8C032C2F8C412224B40F2064266
:1021100004F1800104F10800C3F8A022294AC3F8A1
:10212000D0220022C3F8D42200F056FC002804DBA1
:1021300001231846637104B070BD04F1800104F1FD
:10214000080000F059FC002807DB04F1800104F1CD
:10215000080000F041FC0028EADA002004B070BD5D
:1021600008224A6198E71848C2F890021248C2F85B
:1021700094021648C2F89812C2F8B00242F2012046
:10218000C2F8B402187B124B0343C2F8C032C2F843
:10219000C412BAE700402A40F05AF05A9F040124C2
:1021A000E02A0060AD1401005D2201003D23010022
:1021B000C91301006C0420080832012634042008E9
:1021C00000042008050401246B04180832041808D0
:1021D00000041808310402043D4A84464FF6FF7398
:1021E0003C48B2F5F81F0B44F0B54FF0000483B043
:1021F0008CF80440046060D26FF30F03B3FA83F1EC
:102200004909002B59D0C2F5F8129A4255D3324DE4
:10221000782264460CF10807ED1A019300910560DD
:102220000CF1080000F034FC019B2C4A4FF448707C
:10223000DB0B0099C4F88420C4F8A0308023284A1E
:10224000C4F89430C4F88820C4F89830254AC4F8FB
:10225000A830C4F8AC300123C4F8B010C4F8B410EE
:10226000C4F8B810C4F8C010C4F8C410C4F8C8103A
:10227000FF21C4F88C2023714FF400431A4AC4F89C
:10228000A40004F10800C4F8BC1004F18001C4F8F3
:102290008050C4F89020C4F89C3000F09DFB0028CA
:1022A00004DB01231846637103B0F0BD04F1800123
:1022B000384600F0A1FB002802DA002003B0F0BD90
:1022C00004F18001384600F087FB0028E9DAF4E7E2
:1022D00000E80300A8E2002000001F604115010093
:1022E0006115010085150100CD13010030B50446CC
:1022F0008FB00D4672B6314A0021314B106070220A
:102300003048198000F0C4FB05B3B5F5607F4FF08D
:1023100000012C484FF0010E28BF4FF46075AC4609
:102320004A0901F01F03013150F822500EFA03F35D
:10233000614543EA050340F82230F1D320460023EB
:102340004380013300F582706345F9D31E4C257834
:1023500015B162B60FB030BD082000F08DFB8021B2
:102360001A4A01711A49056001900AA8049104A94A
:102370000292089200F038FB08A9164A019800F072
:1023800053FB089B0AA8DB689847029B04A8DB68FC
:1023900098472378002BDCD10F4B104AC3F8582103
:1023A0000F49D0204FF0E023402281F84600C3F8C7
:1023B00008210123237062B60FB030BDC8E10020B0
:1023C00050BD0420D0E100206EBD042050990020B3
:1023D0009DB201001B10010000D80020A9B201002D
:1023E00000E400E00F4B40F2376C0F4AA020D96E9A
:1023F00041F44031D966D96E41F44071D966C2F8D2
:1024000044C09064936C1B06FCD4084A40F23761C8
:10241000A02351649364936C13F08003FBD1044AAE
:102420001370704700C00F4000400C4000800C400B
:1024300080BD0420704700BF704700BF704700BFD9
:1024400000BF70474FF0E02300214FF0100C3448DC
:10245000C3F8941DC3F89CCD4FF0110CC3F8A00D28
:102460003048C3F89CCD4FF0120CC3F8A00D2E4895
:10247000C3F89CCD2D4AC3F8A00DDFF8D0C042F0C0
:1024800015022B48C3F89CCDC3F8A00DDFF8C0C0DF
:102490002848C3F89CCDC3F8A00DDFF8B8C0C3F836
:1024A0009C2D2548254AC3F8A0CDC3F89C0DC3F840
:1024B000A02D02F5A022DFF8A0C00C322048C3F8FE
:1024C0009CCDC3F8A02D1F4AC3F89C0DC3F8A02DC6
:1024D00002F14062DFF884C002321B48C3F89CCD91
:1024E000C3F8A02D0A32C3F89C0DC3F8A02D00BF7D
:1024F00000BF00BF00BF00BF0122C3F8942DBFF38F
:102500004F8FBFF36F8FC3F8501FBFF34F8FBFF3D1
:102510006F8FD3F8142D42F44032C3F8142D704756
:102520003F0000102500080709001000E0BD04204E
:1025300021000207250008131600202027000B1396
:10254000180000602F000B071A0000801300200005
:10255000140000200900001017000040190000704E
:1025600010B5174A4FF480544FF4005E4FF4404CBE
:102570004FF4803043F24201136913F0020F0DD182
:1025800013F4005F0FD013F4805F0FD0002BF3DA49
:1025900013F4803F0CD15B060ED510BDC2F818C0F5
:1025A00050619161E8E7C2F814E0E5E75461E3E7C0
:1025B0004FF480339361DFE740235361DCE700BFD2
:1025C00000800D40414A03204149F3EE095AD2F8F8
:1025D00080309FED406A23F001039FED3F5ADFF802
:1025E00014C100B5C2F88030C2F89000D1F8E010F4
:1025F000DFF804E1CBB23948CEF8003007EE903A6C
:102600000B0DC1F30B21F8EEE77A06EE903A07EED8
:10261000101A334BB8EEC77ACCF80010F8EEE66A21
:10262000304937EEC66A37EEC55A76EEC76A77EE9E
:10263000E57A26EE266AC3ED006A25EE265AD2F820
:10264000803067EEA64AC0ED007AC6EE275A2648CB
:1026500085EE276AC4EEA76A75EE875AFCEEE55A46
:1026600036EE076A15EE90CABCEEC66A43EA0C5312
:1026700076EE877AC2F8803016EE103AD2F890C122
:10268000FCEEE77A01EA034141EA0C014FF0000C4D
:1026900017EE903AC2F89011C3F30B03D2F89011E1
:1026A0000B431249C2F89031D2F8803043F0020354
:1026B000C2F880300E4B80F840C0C1F840314FF076
:1026C000E0230122C3F8082100BD00BF00810D40B6
:1026D00000441F400000AA420000B442243E0420EF
:1026E000283E04200000FF0F00E400E000D8002096
:1026F000BDD001001C3E0420203E0420314B40F69A
:10270000617210B5C3F8202140F2044400F070F962
:102710002D4A2E49D2F880302D4843F00303C2F8E9
:1027200080302C4BC1F8604102681A4203D1D1F8C5
:10273000A8319A071BD0254A4FF00041244B59631A
:10274000D2F8403143F00203C2F84031D2F84031B0
:102750009B07FBD44FF400304FF0E0211C4B4FF0AF
:102760000042C1F88C0219209A6300F07DF9184BE1
:102770000021164C4FF080420A209A634FF4906279
:102780001960C4F8A801144800F082F94FF48002DF
:1027900003464FF4810040F243111860C4F85831E9
:1027A0001A640E4B0E4AC4F84811C3F804224FF0C5
:1027B000E0224FF400310123C2F80C11C4F840317B
:1027C00010BD00BF00800D4000C00F4000002E4033
:1027D00000900D40001C1E000000002000D80020CA
:1027E000B1D3010008B50E4B1B6E9B0700D4FBBE96
:1027F00072B60C4B00200C4AC3F8400103F1604351
:102800000A49A3F55F2311649D46BFF34F8F4FF430
:102810000013074A0748DB6902609B68984700BFBE
:1028200000441F4000002E4000C00A40030020006A
:10283000000012EB008020200346094A09485B692A
:1028400003EB01110B7A02EB0313D3E901321060A1
:10285000CA681A600B690BB14A691A60704700BFF9
:10286000709B002061F801004369027E03EB0212B5
:1028700092F808C08C450FD01A7AFF2A0CD09142EA
:102880001CD01A7EFF2A07D00121D3E90023126849
:102890001A4202D1017670477047094B052203EBBB
:1028A0000C135B6800B583B01A60CDE90001FFF737
:1028B000C3FFDDE90001017603B000BD0021E4E7BC
:1028C000709B00200346094A09485B6903EB01112C
:1028D00091F8283002EB0313D3E901321060CA6A81
:1028E0001A600B6B0BB14A6B1A607047709B00202B
:1028F00061F801004369427E03EB021292F828C09E
:102900008C4511D093F82820FF2A0DD091421DD07C
:1029100093F83820FF2A07D00121D3E90023126859
:102920001A4202D1417670477047094B052203EBEA
:102930000C135B6800B583B01A60CDE90001FFF7A6
:10294000C1FFDDE90001417603B000BD0021E4E7ED
:10295000709B00201A4942698B6BDFF86CC023F42E
:102960007C0343F4802300B583B08B63D2E900136A
:1029700001900A681A4303690A60022200211A6161
:10298000104A19619A6401225A62C3F828C04FF4B0
:10299000303CC3F82CC04FF0011CD3F848E0C3F81A
:1029A00050E01962C3F858C01A61017EFFF744FF76
:1029B0000198417E03B05DF804EBFFF783BF00BFD1
:1029C00000C00F403B372819B80B0505F8B500BF0C
:1029D000F8BC08BC9E4670475FF800F091570100B4
:1029E0005FF800F0D51401005FF800F0CD2E000074
:1029F0005FF800F00DE401005FF800F0A956010057
:102A00005FF800F0811701005FF800F0FD68020038
:102A10005FF800F0BD5002005FF800F0D113010034
:102A20005FF800F0554F02005FF800F09DB801001C
:102A30005FF800F08DC701005FF800F09DF4010021
:102A40005FF800F019CA01005FF800F0D90E02002B
:102A50005FF800F025C701005FF800F0C1CD01006C
:102A60005FF800F0CD6401005FF800F025C60100BA
:102A70005FF800F011C301005FF800F061CB0100C6
:102A80005FF800F039BB01005FF800F0AD500200C4
:102A90005FF800F0CD6002005FF800F00D11020059
:102AA0005FF800F0DD5801004500000081B700002C
:102AB00009FD00005D02010029BA010019F90100B9
:102AC00050524F4752414D00444D414D454D00003D
:102AD0004558544D454D00004D454D4F525900004D
:102AE000EF401518000100000080000052000000B7
:102AF00000002000B80B0000006A18005732355162
:102B000031364A562A512F57323551313646560002
:102B100000000000EF4016180001000000800000D7
:102B20005200000000004000B80B0000006A1800CE
:102B30005732355133324A562A512F573235513395
:102B40003246560000000000EF4017180001000058
:102B500000000100D800000000008000B80B000059
:102B600080841E005732355136344A562A512F5729
:102B7000323551363446560000000000EF40181838
:102B80000001000000000100D8000000000000016A
:102B9000B80B000080841E00573235513132384A5C
:102BA000562A512F573235513132384656000000DF
:102BB000EF4019200001000000000100DC000000CF
:102BC00000000002B80B000080841E00573235510F
:102BD0003235364A562A510000000000000000003D
:102BE00000000000EF402020000100000000010074
:102BF000DC00000000000004AC0D000080841E001A
:102C0000573235513531324A562A51000000000002
:102C10000000000000000000EF4021200001000043
:102C200000000100DC00000000000008AC0D000006
:102C300080841E005732355130314A562A510000E7
:102C400000000000000000000000000062061318F1
:102C5000000100000010000020000000000008003B
:102C600088130000E093040053535432355046302B
:102C700034304300000000000000000000000000AD
:102C8000EF7017180001000000000100D8000000DC
:102C900000008000B80B000080841E0057323551C0
:102CA00036344A562A4D2028445452290000000048
:102CB00000000000EF701818000100000000010083
:102CC000D800000000000001B80B000080841E0046
:102CD000573235513132384A562A4D202844545201
:102CE0002900000000000000EF7019200001000022
:102CF00000000100DC00000000000002B80B000032
:102D000080841E00573235513235364A562A4D20BE
:102D1000284454522900000000000000EF801920D0
:102D20000001000000000100DC00000000000002C3
:102D3000B80B000080841E00573235513235364AB8
:102D4000572A4D00000000000000000000000000B5
:102D5000EF7020200001000000000100DC000000F6
:102D600000000004AC0D000080841E005732355175
:102D70003531324A562A4D20284454522900000049
:102D8000000000001F840118000100000010000076
:102D90002000000000000800C4090000E0930400C7
:102DA00041543235534630343100000000000000F9
:102DB00000000000000000000140141800010000A5
:102DC0000010000020000000000010008813000028
:102DD000E0930400533235464C3230384B0000004B
:102DE000000000000000000000000000C8401318B0
:102DF000000100000010000020000000000008009A
:102E000060090000E09304004744323551343043F8
:102E100000000000000000000000000000000000B2
:102E2000C84014180001000000100000200000003D
:102E30000000100060090000E093040047443235B0
:102E40005138304300000000000000000000000086
:102E500000000000C84015180001000000800000BC
:102E60005200000000002000A00F0000006A1800BF
:102E70004744323551313645000000000000000063
:102E80000000000000000000C8401618000100000B
:102E9000008000005200000000004000A00F000071
:102EA000006A1800474432355133324500000000B3
:102EB000000000000000000000000000C8401718DB
:102EC0000001000000000100D800000000008000A8
:102ED000A00F0000C0C62D0047443235513634459E
:102EE00000000000000000000000000000000000E2
:102EF000C84018180001000000000100D8000000C0
:102F000000000001A00F0000C0C62D00474432356C
:102F10005131323845000000000000000000000080
:102F200000000000C840192000010000000001005E
:102F3000DC00000000000002D0070000006A18005A
:102F4000474432355132353645000000000000005C
:102F50000000000000000000032EC2184000000026
:102F6000800000000000000000001000FA000000D7
:102F7000B00400004359313542313038514E000021
:102F8000000000000000000000000000C224001843
:102F9000400000008000000000000000000002006F
:102FA000FA000000B0040000464D32355631302D95
:102FB00047000000000000000000000000000000CA
:102FC000C224011840000000800000000000000042
:102FD00000000200FA000000B0040000464D323547
:102FE0005631302D472028726576203129000000A7
:102FF00000000000AE8309184000000080000000BF
:103000000000000000000200FA000000B004000010
:103010004D52343556313030410000000000000080
:103020000000000000000000C22608184000000058
:10303000800000000000000000000800FA0000000E
:10304000B0040000435931354231303451000000A2
:10305000000000000000000000000000602AC2180C
:10306000400000008000000000000000000004009C
:10307000FA000000B00400004359313542313032CB
:1030800051000000000000000000000000000000EF
:10309000602AC2184000000080000000000000000C
:1030A00000000400FA000000B0040000435931356C
:1030B00042313032510000000000000000000000EA
:1030C00000000000047F481840000000800000005D
:1030D0000000000000000400FA000000B00400003E
:1030E0004D4238355253324D5441504E4600000047
:1030F00000000000000000002A0354006500650085
:103100006E007300790020004D0049004400490022
:103110007800310036002F0041007500640069001E
:103120006F00000018035400650065006E00730016
:1031300079006400750069006E006F0004030904E3
:1031400009023503060100C032080B000202020129
:10315000000904000001020201000524001001051D
:10316000240101010424020605240600010705824A
:103170000310001009040100020A00000007050303
:10318000024000000705830240000009040200021B
:10319000010300000724010001E7010624020101E8
:1031A00000062402020200092403010301020100B7
:1031B000092403020401010100062402010500069E
:1031C0002402020600092403010701060100092464
:1031D0000302080105010006240201090006240279
:1031E000020A00092403010B010A01000924030259
:1031F0000C01090100062402010D00062402020E42
:1032000000092403010F010E01000924030210012B
:103210000D01000624020111000624020212000919
:1032200024030113011201000924030214011101F6
:1032300000062402011500062402021600092403D8
:1032400001170116010009240302180115010006E7
:103250002402011900062402021A00092403011B9A
:10326000011A0100092403021C01190100062402AD
:10327000011D00062402021E00092403011F011E75
:1032800001000924030220011D010006240201217E
:103290000006240202220009240301230122010066
:1032A000092403022401210100062402012500064D
:1032B0002402022600092403012701260100092413
:1032C0000302280125010006240201290006240228
:1032D000022A00092403012B012A01000924030208
:1032E0002C01290100062402012D00062402022ED1
:1032F00000092403012F012E0100092403023001DB
:103300002D010006240201310006240202320009C8
:103310002403013301320100092403023401310185
:1033200000062402013500062402023600092403A7
:103330000137013601000924030238013501000676
:103340002402013900062402023A00092403013B49
:10335000013A0100092403023C013901000624025C
:10336000013D00062402023E00092403013F013E04
:1033700001000924030240013D0100090504024047
:1033800000000000142501100105090D1115191D7B
:103390002125292D3135393D0905840240000000E1
:1033A000001425011003070B0F13171B1F23272BD6
:1033B0002F33373B3F080B030301010000090403CF
:1033C0000000010100000A240100013E0002040582
:1033D0000C2402010206000203000000092403027B
:1033E00001010001000C240203010100020300009E
:1033F000000A240631030101020200092403040229
:103400000600310009040400000102000009040460
:10341000010101020000072401020301000B240244
:10342000010202100144AC0009058509B400010045
:10343000000725010000000009040500000102004A
:103440000009040501020102000007240103030131
:10345000000B2402010202100144AC00090505051D
:10346000B40001008607250100000000090586114F
:10347000030001050000000009023503060100C039
:1034800032080B00020202010009040000010202DE
:103490000100052400100105240101010424020695
:1034A0000524060001070582031000050904010038
:1034B000020A00000007050302000200070583025C
:1034C00000020009040200020103000007240100B9
:1034D00001E701062402010100062402020200099C
:1034E0002403010301020100092403020401010174
:1034F0000006240201050006240202060009240336
:103500000107010601000924030208010501000664
:103510002402010900062402020A00092403010B07
:10352000010A0100092403020C010901000624021A
:10353000010D00062402020E00092403010F010EF2
:1035400001000924030210010D01000624020111EB
:1035500000062402021200092403011301120100D3
:1035600009240302140111010006240201150006BA
:103570002402021600092403011701160100092480
:103580000302180115010006240201190006240295
:10359000021A00092403011B011A01000924030275
:1035A0001C01190100062402011D00062402021E4E
:1035B00000092403011F011E010009240302200148
:1035C0001D01000624020121000624020222000936
:1035D0002403012301220100092403022401210103
:1035E0000006240201250006240202260009240305
:1035F00001270126010009240302280125010006F4
:103600002402012900062402022A00092403012BB6
:10361000012A0100092403022C01290100062402C9
:10362000012D00062402022E00092403012F012E81
:1036300001000924030230012D010006240201319A
:103640000006240202320009240301330132010082
:103650000924030234013101000624020135000669
:10366000240202360009240301370136010009242F
:103670000302380135010006240201390006240244
:10368000023A00092403013B013A01000924030224
:103690003C01390100062402013D00062402023EDD
:1036A00000092403013F013E0100092403024001F7
:1036B0003D0100090504020002000000142501106C
:1036C0000105090D1115191D2125292D3135393D0A
:1036D0000905840200020000001425011003070BF5
:1036E0000F13171B1F23272B2F33373B3F080B03C9
:1036F00003010100000904030000010100000A2485
:103700000100013E000204050C2402010206000231
:10371000030000000924030201010001000C24023F
:103720000301010002030000000A24063103010125
:103730000202000924030402060031000904040007
:103740000001020000090404010101020000072435
:1037500001020301000B2402010202100144AC002B
:1037600009058509B40004000007250100000000D8
:10377000090405000001020000090405010201021C
:103780000000072401030301000B240201020210C0
:103790000144AC0009050505B400040086072501B5
:1037A0000000000009058611040004070000000065
:1037B0000A060002EF0201400100000080C00F4035
:1037C000000000031900000010000000E8841F4002
:1037D00001000000FF000000FF00000000000000EA
:1037E000000000001800000010000000E4841F40EA
:1037F00001000000FF000000FF00000000000000CA
:10380000000000001F000000D90D020070C00F4032
:10381000000C00001100000011000000E0841F40B7
:10382000020000002400000012000000E0841F409D
:10383000010000001000000011000000DC841F40A7
:10384000020000002500000012000000DC841F4080
:10385000010000001E000000CD0D020070C00F40EE
:10386000C00000001200000013000000D0841F40C0
:1038700001000000FF000000FF0000000000000049
:10388000000000001300000013000000CC841F4063
:1038900001000000FF000000FF0000000000000029
:0C38A000000000001C000000C10D020030
:1038AC00000000000000000000000000000000000C
:1038BC0000000000000000000000000000000000FC
:1038CC000548064B1B1AD90F01EBA301491002D076
:1038DC00034B03B118477047C0DA0020C0DA002050
:1038EC000000000008B5054B1BB105490548AFF3B6
:1038FC000080BDE80840FFF7E3BF00BF00000000F8
:10390C002C29042000E803602DE9F04F80460021AB
:10391C002DED108B8FB01BF0E7F90121069040467E
:10392C001BF0E2F907901BF03DF904460B901BF0DD
:10393C0039F90C90002C00F0BC81002800F0B48107
:10394C00D8ED082ADFEDDE7AF4EEE72AF1EE10FA74
:10395C0000F39281B7EE003AF6EE007AD8ED10CA79
:10396C00B7EE005AD8ED0C4A0B9B98ED09CA03F13F
:10397C000209A4EEE75A0C9BF0EE6C7A079AF0EE73
:10398C004CCA03F1020A069BB0EE67CA98ED0EAA68
:10399C00D8ED11FA151D98ED12FA02F5827298ED18
:1039AC000BBAD8ED0DAA98ED0ADAD8ED0FBACDF80E
:1039BC003480C846DFEDC33A03F10409DFEDC29A47
:1039CC00C24FC34E9FEDC38A9FEDC34ADFEDC35A6E
:1039DC00DFF820B30892CDED092A8DED0A3ADDED22
:1039EC00097A069B37EEEC2ADDED0A7A77EECD7A72
:1039FC00E2EE23CAA7EEA3DA002B00F04D81B9F951
:103A0C0000300EEE903AF8EEEEEA6EEEA9EA079B65
:103A1C00002B00F03E81B5F900300EEE103AB8EEF6
:103A2C00CEEA2EEE29EAF7EE000ADFEDAD7A3EEE95
:103A3C00EB1A87EE8D2AC0EE8D7A7EEE4C1AE1EEF3
:103A4C0002BAA1EE82CA3AEE27AAB4EEC8AAF1EEE7
:103A5C0010FA01DB3AEE48AADFEDA27ABCEECA7A84
:103A6C006CEEA71A17EE104AC1EE8D7AB4F5004F22
:103A7C0028BF0024F4EEC47AF1EE10FA74FE277A13
:103A8C007AEE677AF5EEC07AF1EE10FA0DD577EE94
:103A9C00887AF5EEC07AF1EE10FAF8D4F4EEC87A22
:103AAC00F1EE10FA06DB77EEC87AF4EEC87AF1EE96
:103ABC0010FAF8DABCEEE77ACDED055AB0EE6B0AE7
:103ACC008DED044ACDED033A023517EE10CAF8EE2F
:103ADC00471A8DED025A09F1020937F91C300CF125
:103AEC00010277EEE17ACDED014AC2F30E0201EE4E
:103AFC00103A36F91C30B8EEC11A01EE903A37F98B
:103B0C00123009EE103A36F91230F8EEE11AB8EE2E
:103B1C00C99A08EE903AF8EEE88A29EE299A68EEEE
:103B2C00A98AA1EE699AE1EEE98A29EE279A68EE54
:103B3C00A78AA1EE299AE1EEA98A79EE6F1A78EE9E
:103B4C00CF7AE1EE82FAA7EE82FAAFEE8B0AAFEEF5
:103B5C002A0A22F0CDF9F0EE40DAB0EE4C0AAFEEC4
:103B6C000B0AAFEEAA0A22F0C3F9DDED014A9DED76
:103B7C00025A47F6FF7224EE899ADDED055A64EE7F
:103B8C00A88ADDED033A6DEEA5DA9DED044AA5EEAB
:103B9C002E9AE5EE0E8A20EE250AFDEEEDDABDEE4C
:103BAC00C00A29EE259A1DEE903A68EEA58A27F8F0
:103BBC00143010EE103AFDEEC97A26F81430089B3A
:103BCC0017EE90CAFDEEE87ADC45B8BFDC469445AA
:103BDC00A8BF9446E64617EE90CADC4528F802EFDB
:103BEC00B8BFDC469445A8BF9446AB422AF802CF36
:103BFC007FF4F5AEC1461DEE903ADDF8348000221C
:103C0C000B9DC8ED09CA404688ED0ADA2946C8ED75
:103C1C000FBA88ED10CAA9F800E0AAF800C088ED28
:103C2C000EAAC8ED11FA88ED12FA27F8143010EE2E
:103C3C00103A26F814300C9CA5F802E1A4F802C145
:103C4C001BF030F84046012221461BF02BF8284689
:103C5C001BF000F820461AF0FDFF069B13B1184626
:103C6C001AF0F8FF079BD3B118460FB0BDEC108BC0
:103C7C00BDE8F04F1AF0EEBF72EEE77A9FED1A6ACC
:103C8C00B7EE003A9FED197AC7EE866AA6EE873A30
:103C9C0062E69FED17EAC6E6DFED15EAB7E60FB070
:103CAC00BDEC108BBDE8F08F0B9B13B118461AF0CE
:103CBC00D1FF0C9B002BD0D018461AF0CBFFCCE7D1
:103CCC000000AF4417B7513A000000380000212023
:103CDC00000020200000004700F8FF4600FEFF46D1
:103CEC00CDCC0C3F666630420000C8443333933F62
:103CFC00000000000080FFFF70B504460022204841
:103D0C002346204943F8180B4FF40070C4E90323F1
:103D1C000B682081C4E90622002B2FD01A465B6960
:103D2C00002BFBD15461184A4FF07E550021174BE4
:103D3C00A562402622624FF0E02562621448154AC3
:103D4C00E3622363206061616160A17262634FF47E
:103D5C008032C5F88861104825F008FE4FF4803297
:103D6C0000210E4825F002FE00232046A363E363E6
:103D7C0023646364A364C5F8086170BD0C60D2E76A
:103D8C00DC950020CCE100200000C8439A99993EB4
:103D9C00E49700209A99193E000021200000202071
:103DAC0070B54FF0E025402604464FF480320021D8
:103DBC000948C5F8886125F0D9FD4FF480320021FF
:103DCC00064825F0D3FD0023A363E36323646364F7
:103DDC00A364C5F8086170BD0000212000002020FC
:103DEC00DFED087AB4EEE70AF1EE10FA07D4DFED56
:103DFC00067AB4EEE70AF1EE10FA77FE807AC0ED9F
:103E0C00087A70470000484200803B45B5EEC00A76
:103E1C00F1EE10FA0AD4DFED087AB4EEE70AF1EE0F
:103E2C0010FA37FE800A80ED0B0A70479FED030AEB
:103E3C0080ED0B0A704700BF3333733F0000000066
:103E4C00B5EEC00AF1EE10FA0AD4F7EE007AB4EE31
:103E5C00E70AF1EE10FA37FE800A80ED0C0A704783
:103E6C009FED020A80ED0C0A704700BF00000000B5
:103E7C00B5EEC00AF1EE10FA0AD4DFED087AB4EE12
:103E8C00E70AF1EE10FA37FE800A80ED0D0A704752
:103E9C009FED030A80ED0D0A704700BFCDCCCC3EE0
:103EAC0000000000704700BF004870476C8C002079
:103EBC00F8B500F530340025402300224FF0E02700
:103ECC0004F6944106461248C7F8883184F8835C9E
:103EDC00301884F8855C0A6004F698410A603C222C
:103EEC00294684F82C5D25F041FD0A4830222946EC
:103EFC00301825F03BFD402384F87C5C84F8285C6A
:103F0C0084F83C5C84F8045CC7F80831F8BD00BF49
:103F1C00F0CC0200C0CC020000F5303080F8841CDC
:103F2C0009B990F8851C80F8831C704700F5303077
:103F3C00002290F8843C80F8852C0BB980F8833CE7
:103F4C00704700BF704700BFEC2A75D90023F62AD2
:103F5C00A1F8D83168D9F72AA1F8EC316DD04FF41B
:103F6C00FA73F82AA1F8EE3167D0F92AA1F8F031EA
:103F7C0063D0FA2AA1F8F2315FD0FB2AA1F8F43110
:103F8C005BD0C823FC2AA1F8F63156D00423FD2AB5
:103F9C00A1F8F83151D04FF42F70454BFE2AA1F8FF
:103FAC00FA01C1F8E83100F081800023FF2AA1F862
:103FBC00FC3141D07820B2F5847FA1F8FE0145D9BF
:103FCC0040F209104FF0020C8242A1F810C25FD0EF
:103FDC00B2F5857FA1F812325AD040F20B10A1F83D
:103FEC0014324FF4FA73824254D04FF0010C314822
:103FFC00A1F80432A1F816C2C1F80002A1F80632E9
:10400C00A1F808324FF4FA73B2F5837FA1F80A32A3
:10401C0012D040F20710A1F80C3282420CD04FF4AF
:10402C00FA73A1F80E327047F42A05D94FF47A735B
:10403C00F52AA1F8E83104D170474FF47A73A1F84E
:10404C00E8314FF47A73A1F8EA317047B2F5807F0A
:10405C00F2D040F201104FF4FA738242A1F8003210
:10406C00EAD0B2F5817FA1F80232E5D040F203101C
:10407C00A1F804328242DFD0B2F5827FA1F8063279
:10408C00DAD040F20510A1F808328242D4D0B9E758
:10409C004FF4FA73074AA1F80832C1F80022C1F8AC
:1040AC000422A1F80A32A1F80C32B8E7704700BF1D
:1040BC00E803E803F401F401064B074AA3FB0103F0
:1040CC00DB0803EB4303A1EB8301C9B252F82100D7
:1040DC00704700BFABAAAAAAF098002000F53030B8
:1040EC0090F8503C013BDBB2022B05D8044A02EBA2
:1040FC00830393ED000A70479FED020A704700BFDF
:10410C00302400200000F042704700BF00B583B09F
:10411C00034901901CF07CF9019803B000BD00BF6D
:10412C0050CD020023B921B1012927D0022911D089
:10413C00704722B9234BC31883ED000A704700F572
:10414C00303000F6084300F6184083ED000A80ED8D
:10415C00000A70473ABBDFED1C7A00F53030B4EE44
:10416C00E70A00F5416300F54260F1EE10FA77FEC4
:10417C00807AC3ED007AC0ED007A704722B9134BF8
:10418C00C31883ED000A704700F5303000F6144276
:10419C0000F6244300F6A44082ED000A83ED000AE9
:1041AC0080ED000A704700F5303000F60C4200F646
:1041BC001C4300F6A84082ED000A83ED000A80ED56
:1041CC00000AB5E754CC02008FC2753F58CC0200F0
:1041DC0070B54FF0E023402200F53035DFED397A31
:1041EC00C3F88821044605F6544393ED007AB4EEE7
:1041FC00E77AF1EE10FA02D54FF07E521A6005F60E
:10420C005843DFED307A93ED007AB4EEE77AF1EEB5
:10421C0010FA02D54FF07E521A60A36D042204F5F9
:10422C00B031032BA26512DC274ADFED286AA218F5
:10423C0002EB830207EE903A0133B8EEE77AD1ED48
:10424C00D97A042BE7EE267AE2EC017AF2D1D1F896
:10425C0028360122052B84F849204FF00602C1F8BC
:10426C00282614DC1A4A1B48A218DFED186A081815
:10427C0002EB830207EE903A0133B8EEE77AD0ED09
:10428C00C77A062BE7EE267AE2EC017AF2D1012608
:10429C004FF48032A06881F81966002125F066FB86
:1042AC000022002305F69441626005F698420B60EB
:1042BC0013604FF0E023402285F8046CC3F808210A
:1042CC0070BD00BFCDCCCC3D64630100CDCC4C3D6A
:1042DC0034C902001866010038B500214FF0E02304
:1042EC00402200F5303504464048C3F888214FF48D
:1042FC00004285F8041C25F039FB3C4904F14800C8
:10430C0016F0BEFB3A483B49201816F0B9FBA36DDA
:10431C00042204F5B031032BA26512DC364ADFED22
:10432C00376AA21802EB830207EE903A0133B8EE1B
:10433C00E77AD1EDD97A042BE7EE267AE2EC017A12
:10434C00F2D1D1F828360122052B84F849204FF000
:10435C000602C1F8282614DC294A2548A218DFEDEC
:10436C00276A081802EB830207EE903A0133B8EE85
:10437C00E77AD0EDC77A062BE7EE267AE2EC017AE3
:10438C00F2D10122002381F81926A5F8503C94F8AB
:10439C004A200AB184F84A3091F81A3613B1002336
:1043AC0081F81A36174B4FF07C521749A363174B01
:1043BC0017486161A3611749E360174D174B2261E0
:1043CC0022624FF4803261620021A362E361A0603B
:1043DC00E56325F0CBFA002300204FF0E0224021CA
:1043EC00E36260602363C2F8081138BD000022202C
:1043FC00186601000040222064630100CDCC4C3DC6
:10440C0034C902000000203FE2FFFF3FE2FFFF3E05
:10441C00B8E20020F5FFFF3F3333333FF5FFFF3E9B
:10442C0090ED0F5AD0ED105A002B00F0E781B6EE4C
:10443C00003AD0ED0D7AD0ED0E3A90ED0C4AD0ED5D
:10444C000A4A90ED0B0ADFEDF06ADFEDF00A9FED02
:10445C00F01ADFEDF01A9FEDF02ADFEDF02A2DE9CE
:10446C00F04F0D465C1E11460368426847F6FF7616
:10447C002DED088BA7E1D0ED039A90ED079AD0EDC6
:10448C0004AA39EE838A90ED08AA79EE038A99EE94
:10449C00AA6AC0ED029A99EE0A7A80ED069A80ED2E
:1044AC00036A80ED077A03F19507D5ED009A91ED3B
:1044BC00006AF0EE60AAC7F30E07B0EE61AA39EEFF
:1044CC00866A03F5B67E32F91770C3F30E09A8EEAF
:1044DC0081AACEF30E0E07EE107AE6EE00AA03F1D7
:1044EC00970C03F52B77B8EEC77A03F5B778CCF3B6
:1044FC000E0CC7F30E07B0EE629AC8F30E0827EE47
:10450C00267A013CBDEECA6AA8EE029AE7EE87AAAB
:10451C00F8EEC68A16EE10AAB0EE008A9A443AEE6D
:10452C0068AABDEEC9BAB0EE6A6AA7EEEA7ABEEE28
:10453C00E86A16EE10BA0BF30F0B22F819B032F929
:10454C001EE006EE10EA43F6D23EB8EEC66A26EE40
:10455C00266AA7EE867AF0EE478AA7EEC76AFEEEC9
:10456C00E88A18EE909AF8EECB8A09F30F0922F834
:10457C001C9003F2BC4932F9177039EE689AC9F3F2
:10458C000E0903F2AE2C07EE107A1BEE107ACCF368
:10459C000E0CB8EEC77A1F4427EE267AA7EE876A70
:1045AC00F0EE468AA7EEC67AFEEEE88A18EE90BACE
:1045BC000BF30F0B22F818B041F2C67B32F91980BD
:1045CC009B4406EE108A0AEB0E08CBF30E0B9E44AE
:1045DC00B8EEC66ACEF30E0E26EE266AA7EE867AE3
:1045EC00F0EE478AA7EEC76AFEEEE88A18EE909ABC
:1045FC0009F30F0922F81C90C8F30E0C43F6D338BC
:10460C0003F6435932F91CC0D044C9F30E090AEE23
:10461C0090CA03F2BE4CC8F30E0832F91990F8EEAA
:10462C00EAAACCF30E0C32F9188007EE109A03F6B6
:10463C00455908EE908AB8EEC77AC9F30E0941F2D3
:10464C00C878F8EEE88A27EE267A68EEA68AEAEEB3
:10465C00E68A68EE8A8AB0EE46AAEAEEA68AF0EE00
:10466C0069AAA4EE28AA7AEE458AA3EEA85AF0EE1F
:10467C00458AE7EEC78AA7EEA87AFEEEE88A18EE1E
:10468C0090AA0AF30F0A22F81CA003EB080A32F9CD
:10469C001BC0B844CAF30E0A0AEE10CAC8F30E08BF
:1046AC00B8EECAAA2AEE26AAA7EE8A7AA7EEC7AA5D
:1046BC00BEEEE87A17EE10CA0CF30F0CB0EE4A7A85
:1046CC0022F819C041F2C979DAEE08AA43F23A3C51
:1046DC00B944BEEEE87A9C44C9F30E0717EE109A63
:1046EC00CCF30E0C09F30F0922F81A90EAEEA49AF7
:1046FC0032F9177042F65E1932F91CC008EE907A46
:10470C0032F91870994443F23C38F8EEE88A07EE17
:10471C00107A43F6D037E5EC019AB8EEC7AA07EE4B
:10472C0010CA68EEA68A1F44B8EEC77AC9F30E0CFD
:10473C00C7F30E079844EAEE668A27EE267AC8F38A
:10474C000E0868EE898A91ED009AEAEE268AA4EEAC
:10475C00286A36EE656AE3EE865AB0EE656AA7EE15
:10476C00876AF0EE468AA7EEC67AFEEEE88A18EE65
:10477C00909A09F30F0922F81C9032F9177006EE83
:10478C00107AB8EEC66A26EE266AA7EEC67AA7EEAF
:10479C00876ABEEEE87A17EE107AB0EE497A07F324
:1047AC000F0C22F818C096EE087ABEEEE86A16EEE8
:1047BC00107A07F30F0CA7EE249A671C22F81EC080
:1047CC00A1EC019A12D05F1E0DD43B460760DF06A8
:1047DC0090ED026A90ED067A3FF44DAE36EE038A08
:1047EC0077EE038A5FE633441F46EFE7BDEC088B98
:1047FC0080ED0F5AC0ED105ABDE8F08F80ED0F5AC6
:10480C00C0ED105A704700BF0000003800000000D7
:10481C000000484200A8C3450000204200608B45C0
:10482C002DE9F04106460023784806F53034784AE5
:10483C00306078497848C4F8F83B7118A4F8F03B1C
:10484C00C4F8F43B1368C4F8E80B002B00F0DC80D0
:10485C001A465B69002BFBD15161002104F65443CD
:10486C004FF07E5E04F658486C4A4FF0012C84F8E9
:10487C00041CC4F8FC1BC4F8EC1B84F8F21BC4F831
:10488C00E82B4FF07C52A4F8501CC4F8006CDFED00
:10489C00647AC3F800E00023C8F800E004F65C4E2C
:1048AC00604FCEED007A04F5466EDFED5F7A5F4D1A
:1048BC00CEED007A4FF0020E84F87C1CC4F864EC48
:1048CC0004F6884E84F8681CC4F87E1C84F8821C9C
:1048DC00A4F8831C84F8851CCEF8003004F6944EA2
:1048EC00DFED537ACEF8003004F6984E5148CEF8EE
:1048FC00003004F69C4E3018CEF800304FF0010E0C
:10490C00A4F8A0EC04F6A44ECEF8002004F6A84EB1
:10491C00CEF8002004F5536E84F8BC1C84F82D1DD1
:10492C00CEED007A04F6084EC4F8341DC4F8381DD8
:10493C0084F83C1DCEF8002004F60C4ECEF8002076
:10494C0004F5416ECEF8002004F6144ECEF800208B
:10495C0004F6184ECEF8002004F61C4ECEF80020BB
:10496C0004F5426ECEF8002004F6244ECEF800205A
:10497C0004F62C42C4F828CC136004F5436217608B
:10498C0004F63442136004F54462C4F83CCCC4F819
:10499C00381C136004F64442176004F64842136056
:1049AC0004F68C42C4F84C1C136004F54962136085
:1049BC0004F554636C221D6004F644531D6004F628
:1049CC0048531D601C4B84F82C1DC4F84C3D24F03E
:1049DC00CDFF04F6AC4330461D6004F66C431F60FB
:1049EC0004F54B631D6004F547631F6004F6B44384
:1049FC001D6004F674431F6004F6B84304F6784453
:104A0C001D602760BDE8F081116026E7E895002065
:104A1C00CCE10020E8CB0200DC9500202897002098
:104A2C009A99193E00007042CDCC4C3E000080BFDC
:104A3C000000F042C0CC02000101010081B19FEDE9
:104A4C000A7ADFED0A7AB4EEE70AF1EE10FA37FED5
:104A5C00800AB4EEC07AF1EE10FA27FE000A704715
:104A6C009FED037AEDE700BF000010420000D84232
:104A7C0000000442114600F530329FED447A9FED60
:104A8C00446ADFED446AF8B50123DFF814E192F8CB
:104A9C00507C82F8853C8644002F82F8833C9DF83C
:104AAC00185001F1FF339DF81C4001F103019DF8F2
:104ABC00206007FE067A13F801CF07EE90CABCF10E
:104ACC00230FF8EE677A98BF77EE867AF4EEE67AE3
:104ADC00F1EE10FA76FEA77AB4EEE77AF1EE10FA60
:104AEC0067FE277A8B42EEEC017AE4D1B2F9A03C56
:104AFC00002B16DD02F66C43F2EE086A394693ED94
:104B0C00000A30EE660AFFF799FF83ED000A02F601
:104B1C00784393ED000A30EE260AFFF78FFF83ED02
:104B2C00000A012C1AD0CDB1002E0CBF0321062196
:104B3C0002F65443DFED187AC2F8381C93ED007A74
:104B4C00B4EEE77AF1EE10FA07DD144B1B7823B9BB
:104B5C000421A2F8803C82F87C1CF8BD012D05D004
:104B6C005CB1002E0CBF02210521E1E72CB155B13F
:104B7C00002E0CBF04210921DAE725B9A64214BF87
:104B8C0007210321D4E70321D2E700BF0000044230
:104B9C00000010420000D8420AD7233C99BD0420E3
:104BAC006CCC020008B500F53033DFED317A03F63A
:104BBC00544C9CED007AB4EEE77AF1EE10FA36D450
:104BCC0001F0030C032998BF8C468ABB4BF21A32B6
:104BDC00624400EB820292ED017A93F8501CA9B367
:104BEC009FED240ADFED247AB3F9A02CB4EEE77A1A
:104BFC00F1EE10FA77FE877AB4EEE70AF1EE10FACE
:104C0C0020FE270A002A0BDDBCF1000F21D0BCF1DD
:104C1C00030F05D1F2EE087A30EE270AFFF70EFFEC
:104C2C0003F54361012281ED000A83F8282C08BDAD
:104C3C0007EE902A232AB8EE677ACED8DFED0D7AEC
:104C4C0093F8501C37EE277A0029C9D19FED0B0A37
:104C5C00C8E7F2EE087A012230EE670AFFF7EEFEA3
:104C6C0003F5436181ED000A83F8282CDFE700BFD0
:104C7C000AD7233C000010420000D8420000044236
:104C8C000B2900F2B180F0EE406A30B583B00546D6
:104C9C0001930B46DAB900EB81000024691800F58A
:104CAC00303000F54C631C60584CC0F8F02C0A55A1
:104CBC0005F53034564B5749EB18691813F8012F8A
:104CCC000AB98B42FAD184F82C2D03B030BD00EB1D
:104CDC008102514902F530320C6802F54C6181EDCC
:104CEC00000AD2F8F01C00297FD1DDED017AC2F860
:104CFC00F04CC418454AF8EE677A9FED480AA15467
:104D0C0000F5303437EE800A9FED455A94F8511C6B
:104D1C0004F62442FFF792FE07EE903A04F6A44301
:104D2C00DFED405AB8EE676A9FED3F7AF1EE067AF6
:104D3C0004F6444136EE676AD3ED007A04F6A843D4
:104D4C0081ED000AE6EE057A93ED006AB4F9663C53
:104D5C00F4EEE57AF1EE10FA75FEA77AB4EEE77A86
:104D6C00F1EE10FA27FE277A002B82ED007A19DD7E
:104D7C00DFED2E7AB7EE007A9FED2D5AF4EEE67A3F
:104D8C00F1EE10FA67FEA67AF4EEC77AF1EE10FA9D
:104D9C0037FE277AA7EE056AB4EEE56AF1EE10FA53
:104DAC0035FE866A04F65842DFED227A04F61C437F
:104DBC0092ED007A83ED006AB4EEE77AF1EE10FA28
:104DCC007FF778AF94F8BC3C01214BF22A3284F87F
:104DDC003C1C9A180B4405EB820203F0030382ED92
:104DEC00010A84F8BC3C65E77047641AB42C00F5E2
:104DFC0030347FF65FAF94F8682C002A3FF45AAF3A
:104E0C000344024A0121995454E700BF20CD02000B
:104E1C001FCD02002BCD0200504604200000404262
:104E2C008FC2753C3333733FCDCC4C3D000000003A
:104E3C009A99193E0AD7233C2DE9F04F4FF0E02305
:104E4C0000F5303440224FF00108D5B0002684F82C
:104E5C00828C0F46C3F8882104F6944294F8043CE3
:104E6C00314684F8046C05460593002384F87C6C69
:104E7C0084F8286C84F83C6C136004F6984257480C
:104E8C00136004F68C422818136004F54962136011
:104E9C003C2284F82C6D67F3070624F067FD67F35A
:104EAC000F26A4F8506C95F84A30BB4203D085F815
:104EBC004A7085F8498005F5B03393F81A26BA4242
:104ECC0004D0012283F81A7683F81926052F5CD9B1
:104EDC00DFF81891A94424AE3CAF602200210CA845
:104EEC004FF0180A24F042FD60220021304624F0D5
:104EFC003DFD60220021384624F038FD05F14803C1
:104F0C0004F6284ECDF808A004930DF11C0CCDE945
:104F1C000067BEE80F00ACE80F00DEF8003007A910
:104F2C002F4A05F14800CCF800300CABAA1816F04B
:104F3C0087FC2C480CAB4A4607A928180096CDE9EB
:104F4C00017A16F07DFC264A04980CABAA1807A926
:104F5C000096CDE9017A16F073FC22480CAB4A4658
:104F6C0007A928180096CDE9017A16F069FC059876
:104F7C004FF0E0224021002384F8040CC2F8081101
:104F8C0084F8823C55B0BDE8F08F07EB8707164BD1
:104F9C0004F6184204F6084103EB8703DFF84C9043
:104FAC005868A944DE68D3F800C09F684860CE609A
:104FBC00C1F800C08F60C2F800C097605060D66026
:104FCC0004F6A442166004F6A84210601A8A9B7C70
:104FDC00A4F8662C84F8683C7DE700BFF0CC020096
:104FEC0008CC020018660100A825002018CC02008D
:104FFC00002900DA7047C9B2FFF71EBF2DE9F04750
:10500C0005464FF0E0234020012205F53034D2B0A4
:10501C0084F8822CC3F88801002394F8047C04F6ED
:10502C00944084F8043C84F8283C84F87C3C0023AD
:10503C00036004F68C40036004F54960036095F846
:10504C004A3084F8501C8B4203D085F84A1085F8FE
:10505C004920364E05292E4424D801EB8101344BCE
:10506C0004F6084203EB8103D3F80080D3F804C0A4
:10507C00C2F80080D3F80CE0D3F80880C2F804C062
:10508C00C2F80CE0C2F8088004F6A442C2F800E0B2
:10509C0004F6A842C2F800C01A8A9B7CA4F8662CBD
:1050AC0084F8683C0DF188080DF1E80960220021B4
:1050BC000AA84FF0180A24F059FC6022002140463F
:1050CC0024F054FC60220021484624F04FFC04F6E6
:1050DC00284ECDF808A00DF1140CCDE90089BEE8DE
:1050EC000F00ACE80F00DEF80030324605A905F1E0
:1050FC004800CCF800300AAB16F0A2FB0AAB3246E3
:10510C0005A905F14800CDF80080CDE9019A16F00B
:10511C0097FB4FF0E0224021002384F8047CC2F876
:10512C00081184F8823C52B0BDE8F08708CC02002C
:10513C00A82500202DE9F04F4FF0E02300F5303486
:10514C0040220126D3B0834684F8826C0D46C3F806
:10515C008821002104F698430022484894F8048CD6
:10516C0084F83C1C584484F8041C1A603C2284F8D3
:10517C002C1D24F0FBFB0BF5B03384F8515C93F839
:10518C001A26AA4203D083F8196683F81A563C4FA4
:10519C00052D5F441ED805EB85053A4B04F61842E5
:1051AC0003EB8503D3F800C05D68C2F800C0DE686D
:1051BC00D3F808C05560D660C2F808C004F6A44203
:1051CC00166004F6A84215601A8A9B7CA4F8662C1B
:1051DC0084F8683C2C4B04F6AC4200250DF1880990
:1051EC00136004F54B620DF1E80A2946136004F6CE
:1051FC00B4420AA8254E136004F6B8425E444FF040
:10520C00180B1360602284F8BC5C24F0AFFB2946B9
:10521C006022484624F0AAFB29466022504624F01E
:10522C00A5FB04F63C4ECDF808B00DF1140CCDE9FD
:10523C00009ABEE80F00ACE80F00DEF800303A46EA
:10524C0005A93046CCF800300AAB16F0F9FA0AABD7
:10525C003A4605A93046CDF80090CDE901AB16F0E1
:10526C00EFFA4FF0E023402284F8048CC3F80821B5
:10527C0084F8825C53B0BDE8F08F00BFF0CC020024
:10528C0018CC0200A8250020000080BF1866010081
:10529C00B1F5867F2ED207EE902AEB29F8EEE77A4D
:1052AC0029D9DFEDC96AEC3987EEA67A1F2921D8F6
:1052BC00DFE811F0BE0120002000200020002000BB
:1052CC0020002000B40180017A016F0160014D01C2
:1052DC003E012801D600D100AF008E008900840069
:1052EC00770072006D00620055004A0043003900DF
:1052FC003000C4017047022900F0AA81032940F054
:10530C00A681DFEDB26AB24B87EEA67AC31883EDA5
:10531C00007A7047002A00F53030D4BF00220122F9
:10532C0080F8682C7047022A00F53030A8BF0222A2
:10533C0022EAE272A0F8662C704700F5303082F356
:10534C000202A0F8642C704700F5303000F62443BC
:10535C0000F6A44083ED007A80ED007A7047DFED13
:10536C009D7A9D4BB4EEE77AC318F1EE10FA77FEF6
:10537C00877AC3ED007A704700F5303000F61C4395
:10538C0000F6A84083ED007A80ED007A7047934BCD
:10539C00C31883ED007A7047914BC31883ED007AE4
:1053AC007047DFED8C7A8F4BB4EEE77AC318F1EED1
:1053BC0010FA77FE877AC3ED007A70478A4BC318D0
:1053CC0083ED007A7047894BC31883ED007A7047E0
:1053DC00F02A00F34681282ACCBF00220122F1EEEC
:1053EC00006A9FED837A002A9FED826A00F53030C7
:1053FC0047FE877A67EEA66A00F5536386EE267A37
:10540C00C3ED007ABCEEC77A17EE103AC0F8343D03
:10541C007047002A00F53030CCBF0123002380F800
:10542C002D3D7FF767AF002300F55362F1EE007A54
:10543C00DFED706A80F83C3D92ED007AC0F8383DA3
:10544C0027EE277AC6EE877AFCEEE77A17EE903ACB
:10545C00C0F8343D7047684BC31883ED007A704731
:10546C004FF0E023042A4FF0400100B59646C3F8F4
:10547C008811A8BF4FF0040E836D7345C0F858E037
:10548C0080F2F3805D4900F5B03CDFED5D6A4118B8
:10549C0001EB830107EE903A0133B8EEE77ADCEDCD
:1054AC00D97A7345E7EE267AE1EC017AF2D1062A35
:1054BC00DCF828364FF00101A8BF062280F849100D
:1054CC009342CCF8282614DA4E49DFED4D6A411888
:1054DC004D4801EB8301604407EE903A0133B8EE7E
:1054EC00E77AD0EDC77A9342E7EE267AE1EC017ABF
:1054FC00F2D101214FF0E02340228CF81916C3F8A9
:10550C00082100BDDFED317A404B67EE277A404A27
:10551C00C318404982ED077AFDEEE77A83ED007AF5
:10552C00012382F8203017EE903AA1F8E43170474D
:10553C0000F5303000F6144200F6244300F6A44087
:10554C0082ED007A83ED007A80ED007A7047DFED12
:10555C00217A00F53030B4EEE77A00F5416300F5BE
:10556C004260F1EE10FA77FE877AC3ED007AC0ED57
:10557C00007A704700F5303000F60C4200F61C4300
:10558C0000F6A84082ED007A83ED007A80ED007A77
:10559C00704700F5303000F6084300F6184083EDF4
:1055AC00007A80ED007A7047511E21EAE171C9B290
:1055BC00FFF7C0BD184BF7EE007A002A034407FE34
:1055CC00877A83ED007A704700007A440000C84265
:1055DC0054CC02008FC2753F20CC020018CC0200C4
:1055EC0014CC020010CC02000CCC020008CC02003F
:1055FC0000002042C07F214A5CCC020064630100A1
:10560C00CDCC4C3D34C902001866010060CC0200C0
:10561C006026042078A9002058CC0200144BF7EE29
:10562C00007A002A034407FE877A83ED007A7047DC
:10563C00511E21EAE171C9B2FFF7E0BC002A00F566
:10564C003030D4BF00220122A0F8A02C7047704744
:10565C00DFED086A084B87EEA67AC31883ED007A53
:10566C0070470022DFED057AB9E600F5B03C1EE785
:10567C0054CC02000000C84258CC02000000704319
:10568C0000F5303393F82D2DC2B303F65442DFED01
:10569C001D7A92ED007AB4EEE77AF1EE10FA2DD481
:1056AC004BF21A3193F850CC00B593F83C2D02F024
:1056BC00030E714400EB8100D0ED016ABCF1000FC8
:1056CC001DD09FED117ADFED117A013203F54360A5
:1056DC000121F4EEE76A02F00302F1EE10FA77FE14
:1056EC00A67AB4EEE77AF1EE10FA27FE277A80ED6F
:1056FC00007A83F8281C83F83C2D00BD70479FED81
:10570C00047AE0E70AD7233C000010420000D8429C
:10571C0000000442027F32B1826922B102F53032BC
:10572C0092F8822C02B170472DE9F04F2DED108BC1
:10573C00ADF5557D059019F035FA064619F032FA9B
:10574C000546002E00F01C84B0FA80F46409002891
:10575C0000F01284602221462CA8F6EE00AA24F058
:10576C0005F9059BA91CB7EE00AA9A69F0EE6ABA76
:10577C000991B11C02F5303B0F9207940BF65C4279
:10578C000891109392ED00FA0BF65442EFEE2ABA00
:10579C0092ED009AEFEE6AAA0BF658428DED11FAD3
:1057AC00D2ED009ACDE91265079B9BF82C2D18338E
:1057BC009BF82D4D802B07939BF8833C8CBF0821C5
:1057CC0018210691002A40F02183002B00F0FF8263
:1057DC00002C40F0FC829FEDC07A9FEDC06A69EE10
:1057EC00076ADFEDBF7AF4EEC76AF1EE10FA37FE06
:1057FC00267A27EE067A0BF69443DFEDBA6A93ED20
:10580C00008A37EE487AA7EE268A83ED008A0BF6DB
:10581C009843D3ED008A77EEE87AE7EEA68ADFEDBF
:10582C00C17AB4EEE78AF1EE10FAC3ED008A00F308
:10583C00B282F4EEE78AF1EE10FA00F3AC829FED3F
:10584C00A80ADFEDA97A0BF634439BF8855CB4EE1D
:10585C00E78A83ED000A0BF64843F1EE10FA83ED6C
:10586C00000A00F3EE82F4EEE78AF1EE10FA00F390
:10587C00E882002D40F01B83069B294614A89E004D
:10588C0032460A9624F072F8324629462CA824F0A7
:10589C006DF89BF87C3C9BB1DFED947AB4EEE79A03
:1058AC00F1EE10FA0CDDBBF87E2C002A00F02983F7
:1058BC00BBF8803C002B00F02483013BABF8803C10
:1058CC005CB1DBF8342D42B1DBF8383D06990B4462
:1058DC009A4240F26183CBF8383D5CAB109C069D3C
:1058EC00019344AB0295009314ABA069804A8149A3
:1058FC0082184118483015F0A3FF8CAB0295019328
:10590C0074AB7D4A00937D49A3697D489A18591858
:10591C0018182CAB15F094FFA36903F5303B0F93CB
:10592C000023BBF9642C8BF8283C8BF83C3C531EB1
:10593C009BB2022B00F25082DFED727A7249B4EE08
:10594C00E79A01EB8303F1EE10FA93ED007A40F342
:10595C00508279EE677ADFED6D6A67EE877A87EEB3
:10596C00A65ADFED687AF4EEE79AF1EE10FA35EE0E
:10597C000ADA40F3488279EEE77ADFED646A67EE83
:10598C00877AC7EEA68A78EE8A8AB6EE006ADFEDD1
:10599C00607A9DED117ABCABA4AC0A99F0EE46CAC4
:1059AC000B93A7EE676A44AB26460C94CDF834B043
:1059BC00E7EE27CA9FED57BA0DF5B87A0DF5E879E1
:1059CC000DF50C78BCAF1446B0EE46EA0DF5887BAD
:1059DC005D1843E0032C2DEE088A6DEE07EA00F00B
:1059EC00A580B0EE6E0A20F083FA8DED050AB0EEBC
:1059FC00480A20F07DFA022CB1EECDCAF0EE40FA46
:105A0C0000F07A81F4EECB8ADDED057A80EE0C8A1B
:105A1C00F1EE10FAC7EE8CFA11DD28EEAD0A20F08B
:105A2C0067FA28EE8FFAF0EE407AB1EEE8CAB0EEE3
:105A3C004F0AC7EE8CDA20F05BFA80EE0CFAAB451D
:105A4C006DEEAA6A2FEE2BFAEBEE886AAAEEAFFA8D
:105A5C00E6EC016AA7EC01FA00F0AB80BAEC017A33
:105A6C00B4EECBDAF8EC017A29EE077ABBEC014AFA
:105A7C0067EEA97AF9EC014A29EE044A64EEA94AC8
:105A8C002EEE078A6CEEA76A2CEE877A2EEE27FA9A
:105A9C00EEEE246AAEEE047AF1EE10FAACEE848AE5
:105AAC00ACEEA4FAF0EE66DAF0EE47FA92DCF4EE25
:105ABC00CB8AF1EE10FAC2DD032C68EEA6DA28EEE2
:105ACC008FFA59D0022C00F03D81B0EE6D0A20F017
:105ADC000FFAF0EE407AA8E79A99993F6666E63E8F
:105AEC00000000006F12033C6F12033A0AD7233CEC
:105AFC0008CC020028CC020018CC02003CCC0200DE
:105B0C00186601009A99193F24240020CDCCCC3E74
:105B1C003333B33EAE47813FDB0FC93FE4CB164076
:105B2C009A99593F6F12833A00803B461FED06CA83
:105B3C005FED06FA28EE0C0A1FF09AFD20EE2F0AF4
:105B4C001FF096FDB0EE408A2EEE8C0A1FED0CCAAB
:105B5C001FF08EFD20EE2F0A1FF08AFDF4EECB8A8B
:105B6C0028EE0C8A60EE0CFAF1EE10FA7FF767AFB4
:105B7C0068EEADDA28EE8FFA1FED19CA5FED19EA5F
:105B8C002DEE8C0A1FF074FD20EE2E0A1FF070FD16
:105B9C00F0EE40DA2FEE0C0A1FED1FCA1FF068FD65
:105BAC0020EE2E0A1FF064FD6DEE8CDA20EE0CFA5E
:105BBC0045E7DDE90C4B1FED257A0BF54663D3ED7C
:105BCC00007AF4EEC77AF1EE10FA00F37B810A9EAC
:105BDC00A4ABBFEE006A5FED2C5AF6EE004A1E44F1
:105BEC00B7EE085AD4490B9DDDE908023EE0F4EE0D
:105BFC00C66AF1EE10FA7DD426EEA44AF0EE457A90
:105C0C00E6EEC47A67EEA67A67EEA57AFDEEE77A41
:105C1C0017EE903AB3F5004F64DAC84FBB42B8BFE9
:105C2C003B46B4EECA7A20F8023FF1EE10FA2FDCB4
:105C3C00B4EEC67AF1EE10FA5AD467EE246AF0EE9E
:105C4C00457AE7EE667A67EE877A67EEA57AFDEE1F
:105C5C00E77A17EE903AB3F5004F46DAB74FBB42EE
:105C6C00B8BF3B46A64222F8023F17D0F4EC016ABB
:105C7C00B5EC017AF4EECA6AF1EE10FAB7DDB4EEC7
:105C8C00CA7A42F6E06320F8023FF1EE10FACFDD5B
:105C9C0042F6E063A64222F8023FE7D1099B30337B
:105CAC000993089B30330893079B902B7FF47CADB2
:105CBC00109B0022DDE9126518460593314618F059
:105CCC00F1FF01222946059818F0ECFF304618F038
:105CDC00C1FF284618F0BEFF0DF5557DBDEC108BAD
:105CEC00BDE8F08F47F6FF739BE747F6FF73B9E704
:105CFC000B46B7E70B4694E728EE080A20EE080A95
:105D0C0020F0F6F8DFED8E7AE0EE27FACDED0E7A84
:105D1C002EEEAE0A20EE2E0A20F0EAF8DDED05EAB2
:105D2C00DDED0E7AF4EECB8A8FEE8C8AE0EE27EA6C
:105D3C00F1EE10FACEEE8CFA7FF781AE68EEADDAAA
:105D4C0028EE8FFAF1EEE8EAB0EE6D0A20F0D0F80A
:105D5C00B0EE40CA2DEEAD0A20EE2D0A20F0C8F8A8
:105D6C00DFED777AA0EE27CACDED057AB0EE4F0ABB
:105D7C0020F0BEF8CCEE2EDAB0EE40CA2FEE0F0AB1
:105D8C0020EE0F0A20F0B4F8DDED057AA0EE27CA5C
:105D9C008CEE2EFA53E60BF69C439FED6A7ADFED00
:105DAC006A7A93ED000A30EE070AB4EEE70AF1EED8
:105DBC0010FA01DD30EE670A0BF69C4383ED000A06
:105DCC001FF056FCDFED617A20EE270A39E59FEDD6
:105DDC00697AF0EE477A0EE5002A40F38D80DFED0C
:105DEC005C7A9FED647AB4EEE79AF1EE10FA3FF725
:105DFC00B0ADDFED577AB7EE00DAF4EEE79AF1EEDC
:105E0C0010FA3FF7B8ADF7EE008ABEE59BF8682CA8
:105E1C0084F00101002B5DD10A409FED567A002AD7
:105E2C0000F0C1809FED4B6ADFED4B6A69EE867A1C
:105E3C00F4EEC67AF1EE10FA76FE277A67EEA67AC1
:105E4C00D9E4A5BB9FED4B6A06990BF68C43434FE7
:105E5C0014AA8D00B5EE005AD3ED007A02EB810640
:105E6C000A952CA8DFED3E5A3B683E493E4D01FB9E
:105E7C00035307EE103AF8EE476ABFEE007AA6EE2F
:105E8C00A57A37EE677AE7EE057A27EE867A68EE22
:105E9C00276AA8EEA77AE2EC016A9642A0EC017A96
:105EAC00E5D13B600BF68C43C3ED007AF1E4B4EE24
:105EBC00CA9ADFED2E7AF1EE10FA3AFE096A26EE56
:105ECC00276AC1E70F98BCAA069BA4A90430FEF769
:105EDC00A7FA7CE600293FF47AAFDFED1E7ADFEDFE
:105EEC00246A29EE277AB4EEE77AF1EE10FA77FEFF
:105EFC00877A27EEA67A92E7B7EE00DAF0EE4D8AB3
:105F0C0043E59BF87C3C4BF21A31C3F1040351FA84
:105F1C0083F30F9901EB830359680BF54363196005
:105F2C009BF87C3CABF8802C013B8BF87C3C012330
:105F3C008BF8283CC4E400BF20D1FFFF0080FFFF9A
:105F4C009A99193EA69BC43ADB0FC9400AD7233B4A
:105F5C009A99193F9A99993FCDCCCC3E70B80020B4
:105F6C00000000300D6619005FF36E3C0AD7233D2C
:105F7C006666E63E0000000016B1304618F06AFE78
:105F8C00002D3FF4A9AE28460DF5557DBDEC108BC8
:105F9C00BDE8F04F18F05EBE9B1A0F98CBF8383D59
:105FAC00FFF76EFB99E45FED0D7A24E400F53033D6
:105FBC00DFED217A03F6544C9CED007AB4EEE77ACF
:105FCC00F1EE10FA2DD462B307EE902A232AB8EE24
:105FDC00670A10B503D8DFED197A30EE270AA1F164
:105FEC00030C0A4693F8501C5FFA8CFC032A94BFEE
:105FFC0014466446FEF722FDB3F9A02C002A08DDF6
:10600C0014F003020ED1F2EE087A30EE670AFEF7B6
:10601C0015FD03F54361012281ED000A83F8282C5C
:10602C0010BD7047032AF4D1F2EE087A30EE270A3D
:10603C00FEF704FDEDE700BF0AD7233C0000104239
:10604C002DE9F04FDFED586A8BB08246D0F86CB07A
:10605C0000F1320E00F13C0C00F15C08534D43F2A0
:10606C003904534F05E00CF1040C0EF1010EC4453C
:10607C0054D005FB0B4B9AED037A4FEA1B4327EEEA
:10608C00267AA7FB03124FF47A71920901FB1233A3
:10609C0007EE903AF8EEE77AF4EEC77AF1EE10FAE2
:1060AC00E1D505FB0B4BCBF30143022B49D0032B62
:1060BC0040D0012B37D005FB0B4B04AA3D4B0CF108
:1060CC00040C4FEA1B4901923B4E0EF1010EA3FB4F
:1060DC0009239B0803EB4303A9EB43099EF83130DA
:1060EC0003930DEB89090FCE0296019E0FC6334622
:1060FC00029E039A96E8030083E80300D9F8103057
:10610C0013446FF017025BB2182BA8BF18239342ED
:10611C00B8BF1346C4458EF83130AAD1CAF86CB05A
:10612C000BB0BDE8F08F9EF82A3083F001038EF897
:10613C002A3098E79EF8003083F001038EF8003087
:10614C0091E705FB0B4B1D4BB3EE047A9FED1C5AEC
:10615C004FEA1B42DCED005A9FED1A6AA3FB0213B7
:10616C005B0903EB830103EBC103D31A07EE903AEF
:10617C00F8EEE77A77EEC77A87EE857A77EE257AAE
:10618C00F4EEC67AF1EE10FA04D5F0EE467ACCEDC8
:10619C00007A68E7B7EE007AF4EEC77AF1EE10FAFF
:1061AC00F5DD8CED007A5EE7000096436D4EC6413E
:1061BC00D34D6210ABAAAAAAB82100207D0CCEC781
:1061CC000000C842CDCCCC3D0B462DE9F04F1F460C
:1061DC000A688FB0C97814BA7D1E93F800C00DF10F
:1061EC00230E93F80190FE1C0091997807ABCDF823
:1061FC0004C0CDE907242C4614F8012FD2EB4C0235
:10620C0001D50C32FDD4B4420EF8012FF4D103F1B8
:10621C000B0EA9EB0C0A2C46F04614F8012F12EBCE
:10622C000A0201D50C32FDD4B44208F8012FF4D186
:10623C00009A43F2390BDFF80CA142EA0C6403F12B
:10624C000F0244EA0944904644EA0124CDE902E3F2
:10625C00CDE904513A4B0CF10C0103FB04B4C9B267
:10626C00250CAAFB05E35B0803EB4303EB1A09D0EF
:10627C00012B18BF8C46B74208F801CF0BD017F88A
:10628C0001CFE7E7BCF10C0358BF5FFA83FCB742C0
:10629C0008F801CFF3D12A4C43F2390ADDE9045155
:1062AC00DDE902E30E04019946EA0966DFF89490F1
:1062BC000E43009946EA0126099909BA0C9104FB90
:1062CC0006A61EF8017F4FEA164C07F10C08A9FB35
:1062DC000CB15FFA88F8490801EB4101BCEB0101F4
:1062EC0029D0012918BF474696458EF80C70E6D187
:1062FC0072B6002200EB820102F1040C013293F819
:10630C0000E05F78043313F8026C072A13F8014C91
:10631C0000F82CE04F748E74CC74EBD10023C218AF
:10632C00013315F8011F042B82F82C10F7D162B63B
:10633C000FB0BDE8F08FB7F10C0158BFCFB2D3E767
:10634C006D4EC641ABAAAAAAB5EEC00AF1EE10FA80
:10635C000AD4F7EE007AB4EEE70AF1EE10FA37FE43
:10636C00800A80ED010A70479FED020A80ED010A58
:10637C00704700BF00000000B5EEC00AF1EE10FA45
:10638C000AD4F7EE007AB4EEE70AF1EE10FA37FE13
:10639C00800A80ED020A70479FED020A80ED020A26
:1063AC00704700BF00000000B5EEC00AF1EE10FA15
:1063BC000AD4F7EE007AB4EEE70AF1EE10FA37FEE3
:1063CC00800A80ED030A70479FED020A80ED030AF4
:1063DC00704700BF000000000170704700787047E4
:1063EC009FED1B7AD0ED017A90F8313067EE877A09
:1063FC0010B5FCEEE77A84B0CDED017A9DF804106F
:10640C00082928BF08218B4201D104B010BD0DF121
:10641C00070E0DF10F04002372460B444FF0000CD5
:10642C00072B02DD083B4FF0010C02F801CFA24212
:10643C00F3D100F1310300F139041EF8012F03F8F8
:10644C00012FA342F9D180F8311004B010BD00BF68
:10645C000AD70F4184464FF07D510120204B00227A
:10646C0000B583B08CF80000CCF804104FF47F41D9
:10647C00CCF80820ACF83010CCF80C20DFF868E031
:10648C00184A03CB40F23953CCF83200CCF86C30BC
:10649C000023CCF83610CCF85C30CCF86030CCF85B
:1064AC006430CCF868300192BEE80F00CCF83C00A8
:1064BC00CCF84010CCF84420CCF84830BEE80F00A3
:1064CC00CCF84C006046CCF8501001A9CCF8542004
:1064DC00CCF85830FFF778FEFFF782FF03B000BD11
:1064EC00289900203C404348309900200023024664
:1064FC004FF0000C0370A0F801300878C2F804C00B
:10650C00137200286AD030B591F8300083B000289F
:10651C0066D001EB800301EB000CDB6B5360484B46
:10652C0013F800E09CF832309CF85CC082F802E072
:10653C0082F808C01370002B48D091ED027AB5EEAA
:10654C00C07AF1EE10FA62D4F7EE007ADFED3D6A14
:10655C00B1EE086AB4EEE77AF1EE10FA77FE877ABC
:10656C0067EE867ABDEEE77A17EE103A052BA8BFD8
:10657C00052307EE103AB8EEC77A77EEC77AF4EE39
:10658C00E67AF1EE10FA43DDCC6E43F239002E4D73
:10659C009FED2E7A05FB0400DFF8B4C067EE877A16
:1065AC00C866000CACFB004CFCEEE77A4FF47A7436
:1065BC004FEA9C1C04FB1C0017EE904A844227D91E
:1065CC00013325E00C3B7F2BFCDC5370013000F0D9
:1065DC00070081F83000104603B030BD10467047FC
:1065EC00084601920091FFF7FBFE0099019AD1ED4C
:1065FC00037AF5EEC07AF1EE10FA1ED9CDE900124D
:10660C00FFF71EFD0099019A91F8300081E70023F5
:10661C0072B601EB8303734493F810C05FFA8CFCE1
:10662C0062B691F830000B1893F9643013EB0C033D
:10663C00C9D50C33FDD45370C8E791F8300068E726
:10664C00209900200AD7233C6D4EC64100007A44A5
:10665C00D34D621000207047006910B10368DB68ED
:10666C0018477047006910B103681B6918477047D9
:10667C00006910B103685B6918474FF0FF30704731
:10668C00006910B103689B6918477047006998B19D
:10669C004FF0000C036801229B6800B583B00DF12C
:1066AC0007018DF807C0984718B19DF8070003B093
:1066BC0000BD4FF0FF30FAE74FF0FF30704700BFDE
:1066CC0000B5006983B08DF8071028B1036801226A
:1066DC000DF10701DB68984703B000BD4FF0FF30A8
:1066EC00704700BFC3680BB1012070470069C01A26
:1066FC0018BF0120704700BF0069003818BF012087
:10670C00704700BF704700BF704700BF704700BFA5
:10671C00704700BF704700BF704700BF704700BF95
:10672C00704700BF704700BF704700BF704700BF85
:10673C00704700BF064B074AA3FB0103DB0803EBC2
:10674C004303A1EB8301C9B252F82100704700BF8B
:10675C00ABAAAAAA88B8002000487047088F00206E
:10676C00BFEE000A704700BF036818470B68036050
:10677C00704700BF0B680360704700BF704700BFD5
:10678C00704700BF704700BF704700BF0B88038085
:10679C00704700BF0B880380704700BF704700BF75
:1067AC000B880380704700BF0B880380704700BFC5
:1067BC00704700BF704700BF704700BF704700BFF5
:1067CC00704700BF704700BF704700BF704700BFE5
:1067DC00704700BF0368086811681847704700BF0E
:1067EC008C46C16821B113468068624613F048B8E4
:1067FC000846704700B583B0019018F023FD01984E
:10680C0003B000BD38B5054CA4F12005083C20466A
:10681C0018F018FDAC42F9D138BD00BF84D6002069
:10682C0038B5054CA4F12005083C204618F00AFDAB
:10683C00AC42F9D138BD00BFA4D6002010B5044637
:10684C00094818F0FFFC094B627893F88101217814
:10685C0000EB40009FED060A03EB800358680368C9
:10686C00BDE81040DB6A184784D60020CC260420F3
:10687C003333333F08B5029B8446C168022B8CBF6F
:10688C0000200120002908BF002000B908BDDCF859
:10689C00080012F0F7FFC043C00F08BDC16810B567
:1068AC00044639B1806812F0E5FFE06822F056F832
:1068BC000023E360216939B1A06813F0BBF92069AA
:1068CC0022F04CF80023236110BD00BF10B54FF02F
:1068DC00040C84B000220C46CDF800C000F1180165
:1068EC00039203AB6322806812F028FF042802D0C5
:1068FC00002004B010BD03980028F9D0214618F0F0
:10690C0055FE012004B010BD10B54FF0040C84B03E
:10691C0000220C46CDF800C000F11801039203AB25
:10692C006D22806812F00AFF042802D0002004B007
:10693C0010BD03980028F9D0214618F037FE01202D
:10694C0004B010BD016911B1806813F0EDB9704746
:10695C000B6970B50646E4B0002B75D00C4624AD1F
:10696C004FF48472002122A823F000F822AA216996
:10697C00A06813F06DF9002842F62E6264DD2B88B6
:10698C002E2BEDD093424BD0802204F1180102A89B
:10699C0023F0F6F802A823F043FC002860D00DEB9E
:1069AC000003DB792F2B01D07D286BD900F1080374
:1069BC00C0F180026B442946184623F0E1F89DF89B
:1069CC008850012D30D0342021F0C0FF0146002822
:1069DC003AD0019002AAA06813F0DAF8002830DB54
:1069EC00982019F00DFD0199A3680546016100245A
:1069FC008360802202A918306C60EC60264B2B60FF
:106A0C0023F0BEF86B684FF47A71244A0133304698
:106A1C0074603473B16035616B60326064B070BDAA
:106A2C00AB78002B9CD0AFE7542021F08FFF0146B0
:106A3C0050B101902B4602AAA06812F00FFF00285B
:106A4C0011DA019821F08AFF002314494FF47A726D
:106A5C0030463373B2603361C6E9001364B070BD65
:106A6C00802202ABA7E7982019F0CAFC01990546D1
:106A7C00A3680024C1608360802202A918306C6076
:106A8C002C61BBE74FF02F0302A9C0F17F020B5220
:106A9C0000F109036B448EE79096002014980020B7
:106AAC0010B500F118042F21204623F0EFF800B1A7
:106ABC00441C204610BD00BFC16839B1806808B5C0
:106ACC0012F08EFF20EAE070C11708BD084670472F
:106ADC00C16839B1806808B512F080FF20EAE07017
:106AEC00C11708BD08467047C168B9B10346806834
:106AFC0000B583B0019312F071FF021E0BDB019BFA
:106B0C000192D3E9020112F06BFF002803DB019A1A
:106B1C00801A03B000BD002003B000BD00207047F8
:106B2C00C16831B1806808B512F0DCFEC043C00FFB
:106B3C0008BD0846704700BFC16811B1806812F0EB
:106B4C009BBE70478C46C16809B90846704708B5AA
:106B5C0080681346624612F091FE20EAE07008BD90
:106B6C00012A02D022B1002070470160002070473A
:106B7C0002600020704700BF012A02D022B1002021
:106B8C00704701600020704702600020704700BF12
:106B9C00704700BF012A02D1016000207047022A11
:106BAC0005D0032AF9D0002AF7D10260F5E70B686B
:106BBC000360F2E7704700BF704700BF704700BF2B
:106BCC0010B40022054C06484FF48033A2610549ED
:106BDC008261054A4B62536210BC7047A83E042088
:106BEC004CE80120383E0420703E0420084B002263
:106BFC0008491B7808481B0410B44FF48034836197
:106C0C008C61064C064962624A6210BC704700BF38
:106C1C0086BD0420A83E04204CE80120383E042008
:106C2C00703E0420044808B518F00CFB00210C2021
:106C3C00BDE8084019F076BC28D600200122C368B4
:106C4C0080F8242013B1036904301847704700BF43
:106C5C000022C36980F8242013B1036A143018474A
:106C6C00704700BF8B79503B1B0625D430B587B0DD
:106C7C000390084618F05CFD039B12491A680590B6
:106C8C00526B98688A42054618D12F2103F11800DF
:106C9C0003F1180422F0FAFF00B1441C4FF0040C6D
:106CAC0005AB6D2221462846CDF800C012F094FDAC
:106CBC00C043C00F07B030BD002070471846904746
:106CCC000446EBE7013200008B79503B1B0625D4C0
:106CDC0030B587B00390084618F02AFD039B124983
:106CEC001A680590526B98688A42054618D12F2174
:106CFC0003F1180003F1180422F0C8FF00B1441C82
:106D0C004FF0040C05AB632221462846CDF800C099
:106D1C0012F062FDC043C00F07B030BD00207047B9
:106D2C00184690470446EBE70132000083680146A1
:106D3C0043B1032200B583B00190984701990846EE
:106D4C0003B000BD704700BF0B4BC16810B50446C3
:106D5C00036039B1806812F08DFDE06821F0FEFD12
:106D6C000023E360216929B1A06812F063FF206958
:106D7C0021F0F4FD204610BD90960020094AC3690D
:106D8C0010B50446026023B100F114010322084639
:106D9C009847E3681BB1211D0322084698472046FB
:106DAC0010BD00BF3C9600200D4BC16810B50446C9
:106DBC00036039B1806812F05DFDE06821F0CEFD12
:106DCC000023E360216929B1A06812F033FF206928
:106DDC0021F0C4FD2046982119F01AFB204610BD65
:106DEC00909600200B4AC36910B50446026023B18B
:106DFC0000F11401032208469847E3681BB1211DDA
:106E0C000322084698472046282119F001FB20460A
:106E1C0010BD00BF3C96002003460D4A00691A6065
:106E2C0098B14268013A42607AB9026800B583B001
:106E3C00D26A01939047019B186918B10268526895
:106E4C009047019B184603B000BD1846704700BF21
:106E5C001498002010B50B4B04460069236058B100
:106E6C004368013B43603BB90368DB6A9847206980
:106E7C0010B103685B6898472046142119F0C8FAD2
:106E8C00204610BD1498002010B584B00446CDE9FE
:106E9C00022117F05DFF002220460092DDE902314D
:106EAC0017F0D8FF204604B010BD00BF10B500236A
:106EBC00044610460D4A2372617220612260E36021
:106ECC0019B18A00194622F051FD094A136853B1D1
:106EDC001A465B69002BFBD1546100232046636189
:106EEC006360A37210BD1460F7E700BFDC9500204F
:106EFC00CCE1002003460022DFF85CC0124943F8C5
:106F0C0018CB4FF4807C8261A0F808C0C0E9032341
:106F1C000B68B3B11A465B69002BFBD1506100239F
:106F2C000A4A4FF4681C0A49436143608372026049
:106F3C004FF000520377074BC0E90AC1C0E90C239C
:106F4C0070470860EBE700BFCCE10020A897002059
:106F5C000E00C10076061C00DC95002010B541F235
:106F6C00CC53044614480022E318144920604FF413
:106F7C0080702361208104F580500B68E260C0F8BA
:106F8C00CC25B3B11A465B69002BFBD154610021AF
:106F9C000B4B41F28C5204F1400061616160A172B3
:106FAC0023602176C4F81A10E18322F0DFFC20461E
:106FBC0010BD0C60EBE700BFDC950020CCE100209D
:106FCC001C97002003460022DFF860C0134943F8E9
:106FDC0034CB4FF4007CC0E903230B68A0F808C045
:106FEC00C0E90D22C3B11A465B69002BFBD150617D
:106FFC000B4900230B4ADFF838C001604FF4805175
:10700C008261094A436143608372C0E907C1C0E9E8
:10701C000923C0E90B3370470860E9E7CCE1002095
:10702C00FC97002090298F0480F9855ADC9500206C
:10703C0060EA8E0400220346DFF850C0114943F881
:10704C0028CB4FF4806CC0E903230B68A0F808C070
:10705C00C0E90A22C0E90C228BB11A465B69002BED
:10706C00FBD1506100224FF48033074942614260EA
:10707C0082720160C0E90633C0E9083370470860CA
:10708C00F0E700BFCCE10020D0950020DC9500207B
:10709C001349002210B50B68044612482261206087
:1070AC002281E260D3B11A465B69002BFBD154619B
:1070BC0000230D494FF0804204F138006361636096
:1070CC00A37221602363A386C4E90633C4E90833A1
:1070DC00C4E90A230DF0C4FC204610BD0C60E7E7A0
:1070EC00CCE10020DC9500209C97002010B50446D4
:1070FC00002216482346164943F8180B4FF400702B
:10710C00C4E903230B682081C4E90622DBB11A46CB
:10711C005B69002BFBD1546100230E494FF40042F4
:10712C0004F50F7063616360A37221602363C4F87C
:10713C003432A4F83832C4E90833C4E90A230DF018
:10714C008FFC204610BD0C60E6E700BFDC950020EC
:10715C00CCE10020089800200D490022DFF838C04F
:10716C000B68C0F800C002610281C2606BB11A46A4
:10717C005B69002BFBD150610023064A43614360DD
:10718C00837202600376C36170470860F4E700BF46
:10719C00CCE10020CC970020DC9500201049002287
:1071AC00DFF844C00B68C0F800C002610281C26005
:1071BC009BB11A465B69002BFBD150610949002237
:1071CC00DFF828C00B8842610133426082720B8069
:1071DC00C0F800C0C0E9062370470860EEE700BFA6
:1071EC00CCE100205CBD0420DC950020C097002081
:1071FC002DE9F04398464B79C9B00446ABB117461C
:10720C00B8F1000F1ED05420039121F09FFB814652
:10721C0058B1039940F203133A4601F108060146AE
:10722C00304612F01BFB00284CDA002363494FF464
:10723C007A7220462373A2602361C4E9001349B01B
:10724C00BDE8F08301F1080001F10805114606AA1A
:10725C0012F05EFA0028E8DB9DF81830012B74D090
:10726C00342021F073FB06460028DED001463A4656
:10727C00284612F08DFC002877DB982019F0C0F816
:10728C003946034680228560C0F804800661C0F848
:10729C000C804B48186003F11800039322F070FC2B
:1072AC00039B4FF47A705A68C4F80480013284F856
:1072BC000C80A0602046414923615A60216049B08E
:1072CC00BDE8F0830023059319F044FA04210690DD
:1072DC0005AB63220D4600913046394612F02EFA6A
:1072EC00A84208D006AB632239463046009512F00E
:1072FC0073FA00284ADB042206AB3946304600926A
:10730C006D2212F069FA002848DBB8F1010F4DD05C
:10731C000025982019F074F8034686608022C0F886
:10732C000C9039464560056125480393186003F1BC
:10733C00180022F025FC039B4FF000014FF47A70EB
:10734C005A68656001322173B3E75420039321F02E
:10735C00FDFA064600283FF468AF0146039B3A4607
:10736C00284612F07BFA002803DA304621F0F6FAB0
:10737C005BE7982019F044F8394603468022856073
:10738C00C0F80480C660C0F8108082E722210D4846
:10739C001BF0D4FC0C4818F01FF8ACE722210B486A
:1073AC001BF0CCFC084818F017F8AEE702230022BB
:1073BC004946304612F066FAAAE700BF149800203E
:1073CC0090960020088D002030AC00202C8D0020E1
:1073DC00F5EEC00A00B5F1EE10FA85B040F28880E7
:1073EC00DFED554AB7EEE05AB7EE007BB4EEE40A97
:1073FC00B7EEC11A37EE456BF1EE10FA26EE016BC3
:10740C002DDBB0EE467B00209FED435B8DED007BCA
:10741C008DED026B21EE051BFDEEC17B17EE901A74
:10742C0019F080F801209FED3E5B9DED007B27EE6F
:10743C00057BFDEEC77B17EE901A19F073F802204E
:10744C009FED397B9DED026B26EE076BFDEEC67B47
:10745C0017EE901A05B05DF804EB19F063B8B7EEAF
:10746C00C00A9FED333B80EE034BFDEEC43BB8EE00
:10747C00E32B13EE902A34EE424BB0EE472B37EE53
:10748C00440BA4EE452BA0EE457B22EE012B27EE00
:10749C00017B042A3BD801A353F822F0673B000080
:1074AC00233C00002D3C00003F3C0000113C000040
:1074BC00B0EE415BB0EE471BB0EE467BB0EE456BD9
:1074CC00A1E7B0EE417BB0EE421B9CE7B0EE415B16
:1074DC00B0EE461BB0EE476BB0EE457B93E7B0EEDB
:1074EC00415BB0EE427BB0EE461BB0EE456B8AE7DB
:1074FC000021084619F016F80021012019F012F8A5
:10750C000021022005B05DF804EB19F00BB8B0EEC9
:10751C00467BB0EE426B76E700000000000069404D
:10752C000000000000C05C400000000000805140E2
:10753C000000000000004E400000B443494B2DE910
:10754C00F041044682B053F820000E460BF0A6FC26
:10755C00454B464D53F824000BF0A0FC444BDFF890
:10756C003C8153F824000BF099FC424B424F53F8EA
:10757C0024000BF093FC414A414B126897F800C071
:10758C0043F824202B5D98F80020002B37D13D4F79
:10759C003D49DFF80C81BCF10F0F98F80000304426
:1075AC00C0B219D8531E394A0004019112781B023B
:1075BC0000F4FE00120603F4706302F0FE42134363
:1075CC00034349F2090043EA0C1318431AF034FD43
:1075DC0098F8000001993044D1F800C02C492D4B8B
:1075EC004E683A68A3FB0232920C0CFB02F24B6819
:1075FC009B1B9A42FBD8285502B0BDE8F081BCF128
:10760C000F0F18D824491B04013A48F208000978D6
:10761C0003F4FE031202090643EA0C1302F470622F
:10762C0001F0FE410B43134318431AF005FD98F883
:10763C00002097F800C0DFF858E0124F154BDEF829
:10764C00048038681049A3FB00300B68800C03FBE6
:10765C0000F0DEF80430A3EB08039842F9D80023BD
:10766C002B5596E768A9002058A90020A4E7012013
:10767C0038A9002048A9002083BD042050460420CE
:10768C001C2904202CAC002048D60020BFD7002099
:10769C00001000E083DE1B43C5D70020C0D70020BC
:1076AC0091BD042000000000F8B5274B0025274EA3
:1076BC0040F201179FED260A2DED088B9FED1E8BD6
:1076CC009FED1FABBEEE009B93ED00BAB5EEC0BABA
:1076DC00A6EC010AF1EE10FA14DD0024B7EEC00A94
:1076EC00013420EE080B1EF07FFC07EE904AF8EEFA
:1076FC00E77AB7EEC00BF4EECB7AF1EE10FAEDD4DC
:10770C0006ED010A0135BD4210D007EE905AB0EEDD
:10771C00490BB8EEE77BA7EE0A0B30EE000B20EE20
:10772C00080BB7EEC00B1DF0A3FFCFE7BDEC088B29
:10773C00F8BD00BFAFF30080182D4454FB21094065
:10774C00000000000000703FB8D70020947B04209C
:10775C002EBDBB33D14BB0EE000B2DE9F0412DED1E
:10776C000C8B1B7882B00D46044607EE903A984677
:10777C00B2EE089BB8EE67CBB0EE4C1B1EF0C8F80F
:10778C00C74AC84BB0EE40DB1778B0EE000B93ED58
:10779C00008AEB19B7EEC88A07EE103AB8EEC77B31
:1077AC0087EE09BBB0EE4B1B1EF0B2F8BE4B1E6849
:1077BC00BE4B002ED3ED00AABD4B93ED00AA40F3B7
:1077CC00AB81BC4B28EE0D7BBB4A93F90030B4EE79
:1077DC00005BC3EBC303B0EE406BB0EE000B134485
:1077EC00B64A27EE057B1B5782FB0312DB17C3EB54
:1077FC006203A8F1020227EE067B42FA83F3A8F19A
:10780C00030203EB430302EB420207EB830105EB9C
:10781C008202B7EEC7BB01EE101AA2EB8303B8EEDF
:10782C00C11B0BEE903A81EE091B1EF071F84FF064
:10783C00E0234022C3F8882128EE008BA04B1B7854
:10784C0006EE103AB7EEC88BB8EEC66AA6EE2AAAB8
:10785C00B5EEC0AAF1EE10FA00F11D81DFED997AB8
:10786C009FED997AB4EEE7AA984AF1EE10FA77FEFA
:10787C008A7A67EE877AFCEEE77A17EE903A9342B3
:10788C0028BF1346924AD2ED007A924AD2ED006A92
:10789C00914AE6EE276AD361F5EEC06AF1EE10FA72
:1078AC0000F1C182DFED877A9FED877AF4EEE76A0B
:1078BC00864AF1EE10FA77FEA67A67EE877AFCEE2E
:1078CC00E77A17EE903A934228BF1346834AB3EEF9
:1078DC00047AD2ED006A824AD2ED007A814AE6EE51
:1078EC008B7AD361804B53F82430F4EEC77AF1EEE7
:1078FC0010FA00F195829FED7D0A9FED7D7AF4EEF2
:10790C00C07A0193F1EE10FA30FE270A20EE070A36
:10791C00F0EE407AFEEEE07A17EE907A1DF0A8FEBB
:10792C00F0EE407A019BFEEEE07A17EE902AC3E966
:10793C000672704B53F824206F4BD3ED006A68EE3F
:10794C00266AF5EEC06AF1EE10FA00F17282DFEDF4
:10795C005D7A9FED5D7AF4EEE76A5C49F1EE10FA20
:10796C0077FEA67A67EE877AFCEEE77A17EE903A06
:10797C008B4228BF0B465362604B53F82420604B5C
:10798C00D3ED006A68EE266AF5EEC06AF1EE10FAE5
:10799C0000F14D82DFED4B7A9FED4B7AF4EEE76A06
:1079AC004A49F1EE10FA77FEA67A67EE877AFCEE7A
:1079BC00E77A17EE903A8B4228BF0B465362514B35
:1079CC0053F82420504BD3ED007A28EE277AB5EEED
:1079DC00C07AF1EE10FA00F12882DFED3A7ADFED91
:1079EC003A6AB4EEE77A3949F1EE10FA77FE877A03
:1079FC0067EEA67AFCEEE77A17EE903A8B4228BF38
:107A0C000B46B8EEEB5B07EE906AB3EE084B536295
:107A1C00F8EEE77A3D4B85EE046B53F82410F5EE47
:107A2C00C07AF1EE10FAB7EEC66B40F26782B7EE91
:107A3C00007AB4EEC76AF1EE10FA40F30282344ACF
:107A4C009FED347A67EE877AFDEEE77A17EE903A7F
:107A5C00002B00F0618272B6CE690A62B24200F06D
:107A6C00718286FAA2F0EFF300873F0140F1E681C4
:107A7C005F1C022F04D992FBF3F096FBF3F3C01AB0
:107A8C0020B9B242D4BF4FF0FF300120012348622D
:107A9C000B7662B645E10023F4E600BFC1D70020A7
:107AAC00A4BD042068BB002024260220B4E70120DA
:107ABC00B0E7012084BD0420BCBB0020ABAAAA2ADD
:107ACC0094EE01200044AC46C637BE470000FE7F52
:107ADC00ACE70120A8E70120FCEC012044E60120E2
:107AEC0040E6012044EB0120F8BB002000D0894681
:107AFC00936515388CBB0020A4D600209CBB0020BD
:107B0C00A8D60020ACBB0020ACD600206CBB00205B
:107B1C000000FF7F66663042B0EE4C1BB0EE000BEF
:107B2C001DF0F6FEB0EE4B1BB0EE409BB0EE000B22
:107B3C001DF0EEFE4FF0E0224021CC4B28EE098BDD
:107B4C00C2F888111B78B4EE007B06EE903AF8EE82
:107B5C00E66A28EE078BA6EEAAAA28EE008BB5EEF5
:107B6C00C0AAF1EE10FAB7EEC88B00F1C581DFEDBB
:107B7C00C07A9FEDC07AB4EEE7AABF4AF1EE10FAD4
:107B8C0077FE8A7A67EE877AFCEEE77A17EE903A00
:107B9C00934228BF1346B948B94AD0ED007A92ED0A
:107BAC00007AB849A6EEA77ACB61B5EEC07AF1EEB1
:107BBC0010FA00F19F81DFEDAE7ADFEDAE6AB4EE24
:107BCC00E77AAD4AF1EE10FA77FE877A67EEA67A7D
:107BDC00FCEEE77A17EE903A934228BF1346AA4878
:107BEC00B3EE047AA94AD0ED006AD2ED007AA84926
:107BFC00E6EE887ACB61A74B53F82470F4EEC77A83
:107C0C00F1EE10FA00F117819FEDA30A9FEDA37A14
:107C1C00F4EEC07AF1EE10FA30FE270A20EE070AD5
:107C2C00F0EE407AFEEEE07A17EE906A1DF020FD41
:107C3C00F0EE407AFEEEE07A17EE903A9849994AC7
:107C4C0091ED007ABE6128EE077A52F82410FB61A0
:107C5C00B5EEC07AF1EE10FA00F14A81DFED847ACC
:107C6C00DFED846AB4EEE77A834AF1EE10FA77FE20
:107C7C00877A67EEA67AFCEEE77A17EE903A934293
:107C8C0028BF13468848894A90ED007A4B6228EE4B
:107C9C00077A52F82410B5EEC07AF1EE10FA00F122
:107CAC00E380DFED737ADFED736AB4EEE77A724A44
:107CBC00F1EE10FA77FE877A67EEA67AFCEEE77A99
:107CCC0017EE903A934228BF13467948794AD0ED83
:107CDC00007A4B6228EE278A52F82410B5EEC08A3F
:107CEC00F1EE10FA00F1BE80DFED617A9FED617A62
:107CFC00B4EEE78A604AF1EE10FA77FE887A67EE06
:107D0C00877AFCEEE77A17EE903A934228BF134637
:107D1C00694A4B6252F8243072B60022DA611A7644
:107D2C0062B64FF0E0234022644EC3F80821335D65
:107D3C00002B70D0624A11784A1993426BD0614A79
:107D4C006148177890F800C00F2F1ED85F491B04AC
:107D5C000CF1FF3C48F20800097803F4FE034FEAEB
:107D6C000C2C090643EA07130CF4706C01F0FE416D
:107D7C000B4343EA0C0318431AF05EF9514A52487C
:107D8C0017784F4A90F800C011785148514A524B1D
:107D9C00D0F804E01268A3FB0232504B920C1B6823
:107DAC00984603FB02F24368A3EB0E039A42FAD8FF
:107DBC00294400230F2FC9B233551DD8484B090451
:107DCC000CF1FF3C49F209001B7801F4FE014FEA6B
:107DDC000C2C1B060CF4706C03F0FE430B4343EAB3
:107DEC00071343EA0C0318431AF026F9344B19789D
:107DFC003A4B2944D3F800803548364A364B45680F
:107E0C001268A3FB0232920C08FB02F243685B1B64
:107E1C009A42FBD8315502B0BDEC0C8BBDE8F08119
:107E2C00304A314F83E5002350E50023E9E5002378
:107E3C00C4E500239FE52B4B2B4EFFE690FBF3F0A4
:107E4C001EE6BFEE007ADFED296AB4EEC67AF1EEDB
:107E5C0010FA37FE067A27EE267ABDEEC77A17EEB1
:107E6C00102AEDE5002353E700232EE794EE0120C2
:107E7C000044AC46C637BE470000FE7FACE701208D
:107E8C00A8E70120FCEC012044E6012040E601209B
:107E9C0044EB0120F8BB002000D0894693651538CF
:107EAC00A4D600208CBB0020A8D600209CBB0020B0
:107EBC00ACD60020ACBB00206CBB0020A4E701209A
:107ECC0091BD042083BD0420C0D70020C5D700205D
:107EDC00001000E02CAC002083DE1B4348D60020B1
:107EEC00BFD70020DE571700DF57170000FEFF4EEC
:107EFC000023C7E6002372E600234CE6F7EE007A77
:107F0C00B4EEE76AF1EE10FA0BDD104B72B60022FC
:107F1C00CB610A7662B604E772B6CA610B7662B6BA
:107F2C00FFE6FFEE007A9FED0A7AF4EEC67AF1EEE8
:107F3C0010FA77FE867A67EE877AFDEEE77A17EE0F
:107F4C00903AE3E700230B7662B6EAE60000FF7F87
:107F5C0000FEFF4E2DE9F04104464C4D82B0084620
:107F6C0017F070F9295DE0B2494EFFF7F3FB494B6E
:107F7C00DFF8508153F824000AF090FF464B474F2E
:107F8C0053F824000AF08AFF454B53F824000AF0FA
:107F9C0085FF444B53F824000AF080FF335D98F8BA
:107FAC00002097F800C0002B3DD13F4F3F49DFF830
:107FBC001881BCF10F0F98F800001AD8531E3C4AD8
:107FCC00019112781B02120603F4706302F0FE4258
:107FDC0013432A5D024449F20900120402F4FE0222
:107FEC00134343EA0C1318431AF026F898F80000D0
:107FFC000199D1F800E02F492F4BD1F804C03A6811
:10800C00A3FB0232920C0EFB02F24B68A3EB0C03A7
:10801C009A42FAD82A5D294B1044012230551A7025
:10802C0002B0BDE8F081BCF10F0F18D824491B0435
:10803C00013A48F20800097803F4FE03120209061B
:10804C0043EA0C1302F4706201F0FE410B4313433C
:10805C00184319F0F1FF98F8002097F800C0DFF8EA
:10806C0054E0114F144BDEF8048038680F49A3FB21
:10807C0000300B68800C03FB00F0DEF80430A3EB3F
:10808C0008039842F9D80023335590E78CEE012071
:10809C00A4E7012068A9002058A9002083BD042072
:1080AC0038A9002048A900202CAC002048D600207C
:1080BC00BFD70020001000E083DE1B4392BD0420DC
:1080CC00C5D70020C0D7002091BD04200149002055
:1080DC00FFF740BF84D6002001490120FFF73ABFCB
:1080EC008CD6002001490220FFF734BF94D6002023
:1080FC0001490320FFF72EBF9CD6002010B5044683
:10810C00064817F09FF861782078FFF723FB617819
:10811C002078BDE81040FFF711BA00BF84D60020CC
:10812C002DE9F047A14B92B0A14E1B783578B5FBE9
:10813C00F3F403FB145414F0FF0407D19D4A9E4B37
:10814C0092E803009980090C186099719B4F40F2DA
:10815C000323032202A938780DF10B0C0293B0FB18
:10816C00F2F302FB1303DBB253B1614511D011F8EA
:10817C00012FB0FBF2F302FB1303DBB2002BF4D1A3
:10818C00B5FBF2F302FB1353DBB2B3FA83F35B09D7
:10819C0000E00123002C4FF00C0014BF0F21EB2149
:1081AC0003FB01F118F0BEF9854BFF21186819711A
:1081BC00A0B1844B844AC3181B11D1541378517845
:1081CC0090788B4228BF0B46D178804A834228BFD7
:1081DC0003468B4228BF0B4682F87A307C4B0CA9A5
:1081EC007C4A774806930C9316F0A8FF0C9B0EA8BC
:1081FC00794CDB689847069B08A8DB68984723787E
:10820C00002B4FD0754B764A1B68934209D803EB71
:10821C004303DB00013B102B03D9724A126802B1F5
:10822C001360002370482370FEF7D8F800284FD154
:10823C006E4A062433786E4D12F80380DFF8C09135
:10824C00DFF8C0A10AE0DAF80000E1B210B12A7838
:10825C00FDF7ACFE013C013D631C18D048FA04F359
:10826C00DA07F7D5032C99F881312246C8BFE21EF4
:10827C00002BE8D12978D0B2013C0192FFF76AFAC1
:10828C0029780198013DFFF759F9631CE6D1337841
:10829C003A780133B3FBF2F102FB1133337012B0B5
:1082AC00BDE8F087534B4E4A1B68934209D803EB49
:1082BC004303DB00013B102B03D94A4A126802B17D
:1082CC001360012348482370FEF788F80028AFD0CC
:1082DC00454903A8FEF70AF99DF80C30002BD6D0BF
:1082EC00DFF81CA1BDF80D509AF881316DBA9DF8DC
:1082FC000D809DF80E90002B00F0868003EB43035D
:10830C009DED040A424649460AEB8303586803680C
:10831C00DB6A98479DF81430002BB8D0364B9AF88E
:10832C0081111A68002978D0FD211971A2B1254B51
:10833C00D318254A1B11D154137851788B4228BF7E
:10834C000B469178D2788B4228BF0B46934228BFBC
:10835C0013461E4A82F87A30284923788DF82090EB
:10836C008DF821800691002B00F08780214B1B6833
:10837C005B081B4A934200F28A8003EB4303DA004A
:10838C00013A102A40F285800C910EA808A9FEF73C
:10839C0007FA0CA9184816F0D1FE0C9B0EA8DB6846
:1083AC009847069BDB6808A8984770E7D9D7002048
:1083BC0098BD04208CEE0120043E0420DAD7002066
:1083CC0028D6002000BFF7BF14B0002000E400E066
:1083DC0080990020FF3D4900C8D70020303E042082
:1083EC00AAAAAA0AC0D60020B42502200C3E04205A
:1083FC000A3E0420E027022084D600207099002039
:10840C00CC260420AC3D042041464846FFF7A2F997
:10841C0041464846FFF792F87CE7FD211971A2B15D
:10842C001E4BD3181E4A1B11D154137851788B4212
:10843C0028BF0B469178D2788B4228BF0B469342CB
:10844C0028BF1346174A82F87A3017492378ADF8BB
:10845C0020500691ABB1154B1B685B08144A934234
:10846C0013D803EB4303DA00013A102A13D90C9109
:10847C000EA808A9FEF78AF98BE70E4B1B685B0860
:10848C0077E70C4B1B685B08E8E70B4B8BE70B4B58
:10849C0089E70B4B86E7044B84E700BF00BFF7BFAF
:1084AC0014B0002000E400E060990020E0270220D6
:1084BC00AAAAAA0A303E0420FD2E0000112F0000AB
:1084CC0070990020000000006D4BB0EE000B10B551
:1084DC002DED068B1B7882B0B2EE089B01EE103AA4
:1084EC00B8EE411BCDE900101DF012FA654A009957
:1084FC00B0EE40AB1478B0EE000B634B0C4493ED34
:10850C00008A07EE904AB7EEC88AB8EEE71B81EEF8
:10851C00091B1DF0FDF95D4B5D4AA3FB041328EE0E
:10852C000A7B92F90020DB08B5EE00AB03EB4303AA
:10853C00B0EE406BA4EB8304B0EE000B27EE0A7B8D
:10854C00144427EE067B06EE904AB8EEE61B81EE4D
:10855C00091BB7EEC79B1DF0DBF940214FF0E02261
:10856C004C4BB5EEC09A0198C2F8881153F8201004
:10857C00F1EE10FA9FED407B28EE078B28EE0A8B6C
:10858C0028EE008BB7EEC88B70D4DFED437A9FEDED
:10859C00437AB4EEE79A424AF1EE10FA77FE897A02
:1085AC0067EE877AFCEEE77A17EE903A934228BF93
:1085BC001346B5EEC08A3B4A4B6252F82010F1EEDE
:1085CC0010FA55D4DFED347A9FED347AB4EEE78AA5
:1085DC00334AF1EE10FA77FE887A67EE877AFCEE72
:1085EC00E77A17EE903A934228BF13462E4CB3EE1F
:1085FC00047ADFF8CCC0D4ED007ADCED006AF8EE3A
:10860C00E77A2A4ACB6152F82030E6EE897AF4EE0A
:10861C00C77AF1EE10FA26D49FED250A9FED257A44
:10862C00F4EEC07A0093F1EE10FA30FE270A20EE39
:10863C00070AF0EE407AFEEEE07A17EE904A1DF053
:10864C0017F8F0EE407A009BFEEEE07A17EE902AD7
:10865C004FF0E0214020C3E90642C1F8080102B006
:10866C00BDEC068B10BD144A144CF1E70023A0E7B7
:10867C000023BBE7AFF30080000000000000504077
:10868C00CBD70020A4BD042068BB0020ABAAAAAAAB
:10869C00A1BD042040D700200044AC46C637BE47DD
:1086AC000000FE7F10D70020003F0420D4D600200D
:1086BC0000D0894693651538DE571700DF57170031
:1086CC00043F0420224B062A9B5600B53CD8DFF809
:1086DC0090C01CF902E003F10C0C4FFA8CFC7145B4
:1086EC00C8BF63461B490528095616D9002912DD57
:1086FC00194801F1FF3E01440EEB4E0E00EB4E0CFF
:10870C0001EB4E01581E1CF901EB40B2724508BF3B
:10871C0003468C45F6D1184600BD0029FBDD0F48F9
:10872C0001F1FF3E01440EEB4E0E00EB4E0C01EB43
:10873C004E01581C1CF901EB40B2724508BF0346B0
:10874C006145F6D1184600BD4FF0000EC3E700BFDF
:10875C003C2400208C240020442400206824002089
:10876C001C240020374B06EE102A30B593F900205C
:10877C00B8EEC66B344C83B002EB4202334B344D33
:10878C0004EB82042D78225CA3FB0230C00800EBC2
:10879C00800300EB4004A2EB4302D3B22D4A1078C5
:1087AC002D4A127819B12D49097899422CD01146CD
:1087BC002B4A01931278FFF785FF2A4A019B00EBA5
:1087CC008400126807EE900AD35CB8EEE77B05EEE6
:1087DC00103AB8EEC55B5DB137EE467B37EE057BE4
:1087EC00FCEEC77BCDED017A9DF8040003B030BDE3
:1087FC0037EE067B37EE057BFCEEC77BCDED017AC1
:10880C009DF8040003B030BD174B11461A78FFF7E2
:10881C0059FF00EB840007EE900AB8EEE77B45B9F0
:10882C0037EE067BFCEEC77BCDED017A9DF804009C
:10883C00DCE737EE467BFCEEC77BCDED017A9DF88D
:10884C000400D3E78BBD0420D0D50020CDCCCCCCFC
:10885C0089BD04208FBD042082BD042093BD04205B
:10886C008ABD042024BC00209EBD04202DE9F84FB5
:10887C00524D0024524EDFF87091DFF87081DFF812
:10888C0070A112E04F4B38469AF800101A78FFF797
:10889C0069FF98F8003028700BB133786BB901344C
:1088AC00013501360C2C00F0868099F80030E7B2C7
:1088BC00002BE7D007F11800EBE7DFF838B19BF895
:1088CC0000200F2A16D81B0448F2080003F4FE03FC
:1088DC0043EA02133C4A1278120602F0FE4213439A
:1088EC003A4A1278013A120202F4706213431843A6
:1088FC0019F0A2FB19F0A8FB3549364BD1F804E06E
:10890C0035481B68354AA0FB033C704613684FEA98
:10891C009C4C03FB0CFC4B681B1A9C45FBD89BF82E
:10892C000000DFF8D4B00F281AD82B789BF800C0C1
:10893C002B49634409781B04090603F4FE0301F078
:10894C00FE4143EA001349F209000B431F49097821
:10895C000139090201F470610B43184319F06CFBE7
:10896C0019F072FB1D4A1A49D2F800E0194A4868FE
:10897C00194B1268A3FB02C2920C0EFB02F24B685D
:10898C001B1A9A42FBD89BF800202B7813443370A7
:10899C00144B53F824000AF0BDFA00283FF47FAFC3
:1089AC000134297838460135FFF78EFD0C2C06F181
:1089BC0001067FF47AAFBDE8F88F00BF9CEE012072
:1089CC00A02702209BBD0420D0D70020CAD70020AE
:1089DC00001000E02CAC002083DE1B4348D60020A6
:1089EC00C9D7002098AB002085BD042081BD042090
:1089FC009DBD0420CCD7002091BD0420374B06EE42
:108A0C00102A30B593F90020B8EEC66B344C83B005
:108A1C00C2EBC202334B344D14442D78225CA3FBC1
:108A2C000230C00800EB800300EB4004A2EB4302D1
:108A3C00D3B22E4A10782E4A127819B12D490978E2
:108A4C0099422CD011462C4A01931278FFF73AFE2A
:108A5C002A4A019B00EB8400126807EE900AD35C53
:108A6C00B8EEE77B05EE103AB8EEC55B5DB137EEBC
:108A7C00467B37EE057BFCEEC77BCDED017A9DF88E
:108A8C00040003B030BD37EE067B37EE057BFCEE01
:108A9C00C77BCDED017A9DF8040003B030BD184BB7
:108AAC0011461A78FFF70EFE00EB840007EE900AD1
:108ABC00B8EEE77B45B937EE067BFCEEC77BCDED18
:108ACC00017A9DF80400DCE737EE467BFCEEC77BB1
:108ADC00CDED017A9DF80400D3E700BF84BD0420DE
:108AEC00BCBB0020CDCCCCCC89BD04208FBD0420D8
:108AFC0082BD042093BD04208ABD042024BC002028
:108B0C009EBD042000000000821E0B46F0B583B011
:108B1C00B2F5847F00F24E81DFE812F00E11831063
:108B2C007D1077106D1067104C014C0164105E10B5
:108B3C005B1055104E1044103D102C104C014C0184
:108B4C001D103610BE0FF90FC50FFD0F950F6E0FD0
:108B5C00000F360E2D0E260E0D0E060E020EB10D4A
:108B6C004C014C014C014C01900D490D290DDA0DB5
:108B7C00B50D210CFA0B870C5C0C580C490CD70C5E
:108B8C00AF0C040DD20B860B5E0B070BE00A5A0BD5
:108B9C00320B0901DC0A930A6D0ABB0A4E0A2D0A34
:108BAC000B0AEA099A096E18C51723182B16A0167A
:108BBC00E713B7138B13E916C5160716E315E6175B
:108BCC004C1611177712D4155C15AC1514158815A5
:108BDC00381549132113D0146B1447144014F21494
:108BEC000912E211BA11581AF519CB1AB118EE196B
:108BFC00E8194C014C014C014C014C014C014C014D
:108C0C004C014C014C014C0173134D138C1A7D1A01
:108C1C00A51A0A18D91951123812291269194519AD
:108C2C0091198D18B5193D191913F012F018C718B0
:108C3C00171917146B096209B81836091608D007EA
:108C4C003F089B072605FC04E504BE048E08680853
:108C5C00CF1AE2087A06F108E81AC107D3084104D2
:108C6C00FF06D806AF068906530728077C0796042B
:108C7C00D305AA057F054F054A06FA051A04F70322
:108C8C006F036C0249022602E51AB703E502920350
:108C9C00F5012203F7022302F8014803C20225035F
:108CAC00D201AF01980195014C014C014C014C01D2
:108CBC004C014C014C014C014C014C014C014C0140
:108CCC004C014C014C014C014C014C014C014C0130
:108CDC0092018F018C0189018601830180017D0144
:108CEC007A017701740171016E016B0168016501F4
:108CFC004E014C014C014C0199117A1161114C013E
:108D0C004E014E014E014E014E014E014E014E01DF
:108D1C004E014E014E014E014E014E014E014E01CF
:108D2C004E014E014E014E014E014E014E0107EE19
:108D3C00903A9FEDC35BB8EEE74B9FEDC37B84EE9F
:108D4C00056B36EE077BB7EEC77BB5EEC07AF1EE5E
:108D5C0010FA03F14284F7EE007AB4EEE77AF1EE02
:108D6C0010FA77FE877AB0EE677ABEEEC87A17EE05
:108D7C00103AB7EE007BB64AFFEE005A536237EE5C
:108D8C00467BB7EEC77BB4EEE57AF1EE10FA03F151
:108D9C002184F7EE007ADFEDC16AB4EEE77AF1EEEA
:108DAC0010FA77FE877A67EEA67AFDEEE77A17EE71
:108DBC00903A938603B0F0BDA64A92F8811101EB6C
:108DCC00410102EB8102D2F804C0BCF1000FF1D0DA
:108DDC00DCF800E01AB281B26046DEF8383003B03D
:108DEC00BDE8F04018479C4AD373E3E79A4A937363
:108DFC00E0E7994A5373DDE7974A1373DAE7964A2B
:108E0C00D372D7E7944A9372D4E7934A5372D1E75B
:108E1C00914A1372CEE7904AD371CBE78E4A937185
:108E2C00C8E78D4A5371C5E78B4A1371C2E78A4A6A
:108E3C00D370BFE7884A9370BCE7874A5370B9E791
:108E4C00854A1370B6E7854A1360B3E784491E461A
:108E5C00844A0C781578844B844A21460193167009
:108E6C00814A981A2A46C0B2FFF7C8FD019B804A76
:108E7C0003F8010B9A42EFD19CE707EE903ADFED35
:108E8C00876AB8EEE74B9FED6E5B84EE057BB7EE21
:108E9C00C77BB4EEE67AF1EE10FA03F31B83DFED39
:108EAC00757AF4EEC77AF1EE10FA77FE877AB0EEA7
:108EBC00677ABEEEC87A17EE103A6F4A936179E77B
:108ECC0007EE903ADFED756AB8EEE74B9FED5C5B11
:108EDC0084EE057BB7EEC77BB4EEE67AF1EE10FAC2
:108EEC0003F36B82DFED637AF4EEC77AF1EE10FADE
:108EFC0077FE877AB0EE677ABEEEC87A17EE103A34
:108F0C005E4A136256E75E4A137053E707EE903AD7
:108F1C00B8EEE77AF3EE047AB4EEE77AF1EE10FAF3
:108F2C0003F16B82DFED577ADFED576AB4EEE77A27
:108F3C00F1EE10FA77FE877A27EEA60AF0EE407A69
:108F4C00FEEEE07ACDED017A1CF092FBF0EE407A69
:108F5C00019BFEEEE07A17EE901A4C4AC2E90631FC
:108F6C0028E74B4A138025E707EE903ADFED4B6A72
:108F7C00B8EEE74B9FED325B84EE057BB7EEC77B1B
:108F8C00B4EEE67AF1EE10FA03F30982DFED397AEA
:108F9C00F4EEC77AF1EE10FA77FE877AB0EE677AC4
:108FAC00BEEEC87A17EE103A3A4AD36102E707EEE2
:108FBC00903ADFED3A6AB8EEE74B9FED215B84EE19
:108FCC00057BB7EEC77BB4EEE67AF1EE10FA03F34D
:108FDC00FC81DFED287AF4EEC77AF1EE10FA77FE19
:108FEC00877AB0EE677ABEEEC87A17EE103A294A45
:108FFC009361DFE607EE903ADFED286AB8EEE74BB7
:10900C009FED0F5B84EE057BB7EEC77BB4EEE67A83
:10901C00F1EE10FA03F35882DFED167AF4EEC77A0C
:10902C00F1EE10FA77FE877AB0EE677ABEEEC87A68
:10903C0017EE103A184A5362BCE600BFAFF300803B
:10904C0000000000000059407B14AE47E17A843FD9
:10905C0070420420CC2604200C3E0420242602203E
:10906C009DBD04209BBD042094EE0120C1D700209F
:10907C0098EE012000FEFFC64CE80120A4EA012076
:10908C00DAD7002000D089469365153868DF0020B8
:10909C00BCD700206CE8012008E6012000FEFF464A
:1090AC0007EE903A5FED036AB8EEE74B9FEDCE5BAF
:1090BC0084EE057BB7EEC77BB4EEE67AF1EE10FAE0
:1090CC0003F37581DFEDCC7AF4EEC77AF1EE10FA8A
:1090DC0077FE877AB0EE677ABEEEC87A17EE103A52
:1090EC00C64A936166E607EE903AC54BF8EEE77A0E
:1090FC00C3ED007AFEF7D8FA40F20112C149C2481A
:10910C0003B0BDE8F04009F0A5BF07EE903ABF4BA5
:10911C00DFEDBF5AB8EEE74B9FEDBE5ABE49BF4AD2
:10912C009FEDB17B84EE076B93ED007ABC4B37EE71
:10913C00077AC5EE077AB7EEC66B66EE255A81ED57
:10914C00006AC5EE876ABCEEE67AF8EE476A82EDF5
:10915C00007A77EEE67AFCEEE77AC3ED007A29E640
:10916C00B04A137026E607EE903ADFEDAF6AB8EE20
:10917C00E74B9FED9D5B84EE057BB7EEC77BB4EEB2
:10918C00E67AF1EE10FA03F3A281DFED9B7AF4EEAE
:10919C00C77AF1EE10FA77FE877AB0EE677ABEEEF8
:1091AC00C87A17EE103A954AD36103E607EE903A67
:1091BC00DFED9E6AB8EEE74B9FED8B5B84EE057B93
:1091CC00B7EEC77BB4EEE67AF1EE10FA03F100814C
:1091DC00F1EE047AF7EE006AB4EEE77AF1EE10FAEB
:1091EC0037FE877AC6EE877AB0EE677ABEEEC17A22
:1091FC0017EE103A8E4A5362DCE507EE903ADFED3B
:10920C008A6AB8EEE74B9FED785B84EE057BB7EE90
:10921C00C77BB4EEE67AF1EE10FA03F3D180DFED02
:10922C00767AF4EEC77AF1EE10FA77FE877AB0EE22
:10923C00677ABEEEC87A17EE103A7E4A1362B9E529
:10924C0007EE903A744ADFED725AF8EEE77AD2EDF7
:10925C00006A9FED707A66EEA56A6C4937EEA76AD4
:10926C006E4AC1ED007A6E4BC7EE067A86EE867AB0
:10927C00BCEEC77AF8EE476A82ED007A77EEE67AB2
:10928C00FCEEE77AC3ED007A94E507EE903ADFED59
:10929C00665AB8EEE73BB7EE007B9FED534B83EE7F
:1092AC00046B37EE467BB7EEC77BB4EEE57AF1EE96
:1092BC0010FA03F3F180DFED507AF4EEC77AF1EE99
:1092CC0010FA77FE877AB0EE677ABEEEC87A17EEA0
:1092DC00103AB7EEC66BDFED547A574AB4EEE76A34
:1092EC009361F1EE10FA03F3D480DFED437AF4EEE0
:1092FC00C67AF1EE10FA77FE867AB0EE677ABEEE99
:10930C00C87A17EE103AD36154E507EE903ADFEDC8
:10931C00466AB8EEE74B9FED345B84EE057BB7EE07
:10932C00C77BB4EEE67AF1EE10FA03F34380DFED7F
:10933C00327AF4EEC77AF1EE10FA77FE877AB0EE55
:10934C00677ABEEEC87A17EE103A3A4AD36131E525
:10935C0007EE903ADFED356AB8EEE74B9FED225BF6
:10936C0084EE057BB7EEC77BB4EEE67AF1EE10FA2D
:10937C0003F10780F1EE047AF7EE006AB4EEE77AB7
:10938C00F1EE10FA37FE877AC6EE877AB0EE677A7E
:10939C00BEEEC17A17EE103A284A53620AE507EE80
:1093AC00903A9FED115BB8EEE74B9FED116B84EE9D
:1093BC00057B37EE067BB7EEC77BB5EEC07AF1EED8
:1093CC0010FA03F1EC80F7EE007AB4EEE77AF1EEE6
:1093DC0010FA77FE877AB0EE677ABEEEC87A17EE8F
:1093EC00103A174A5362E5E40000000000005940AF
:1093FC007B14AE47E17A843F00FEFFC6A4EA01204D
:10940C00B8D70020947B0420F0E70120BCD60020C4
:10941C00C0E1644CC0E1E44CD0D60020E02702202F
:10942C00303E0420D9D7002000FEFF463333333FB3
:10943C0068DF002008E6012014E80120B0DF0020DE
:10944C00FCEC01206666304207EE903A5FED036A51
:10945C004FF6FF71C64AB8EEE77ADFEDD37A02F128
:10946C001000F4EEC77AF1EE10FA77FE877A67EE09
:10947C00A67AFCEEE77A17EE903A0733DB089942AE
:10948C0028BF1946002B14BF0B46012352F8041BAE
:10949C0090424B85FAD18DE407EE903A9FEDB26B7A
:1094AC00B8EEE75B85EE067BB7EEC77BB5EEC07A10
:1094BC00F1EE10FA03F17680DFEDAE7ADFEDAE6AF5
:1094CC00B4EEE77AAD4AF1EE10FA77FE877A67EEE2
:1094DC00A67AFCEEE77A17EE903A934243F2728248
:1094EC00A74BDA6166E4A749A548CB5600220B2BA3
:1094FC000262438602F04B860C2B02F0CD86093BB0
:10950C00012B3FF657ACC169383003B0BDE8F040D1
:10951C000BF002BA07EE903ADFEDA46A4FF6FF713A
:10952C00994AB8EEE77ADFEDA07A4FF0010E02F11E
:10953C00100CF4EEC77AF1EE10FA77FE877A67EE2C
:10954C00A67AFCEEE77A17EE903A0733DB088B42EB
:10955C0028BF0B4652F8041B888ECB8608B9A1F89D
:10956C0034E06245F6D125E407EE903ADFED8F6AE0
:10957C004FF6FF71844AB8EEE77ADFED8B7A02F191
:10958C001000F4EEC77AF1EE10FA77FE877A67EEE8
:10959C00A67AFCEEE77A17EE903A0733DB0899428D
:1095AC0028BF1946002B14BF0B46012352F8041B8D
:1095BC0082428B86FAD1FFF7FDBB07EE903AB5EEEF
:1095CC00005BDFED726AB8EEE73B714B714853F804
:1095DC00042B9FED654B83EE047B27EE057BB7EEEA
:1095EC00C77BB4EEE67AF1EE10FA02F35887DFEDA2
:1095FC006A6AF4EEC76AF1EE10FA76FE877AB0EE7C
:10960C00676A9842BEEEC86A82ED066A82ED076A06
:10961C003FF4D0AB53F8042BEBE707EE903ADFEDB9
:10962C00636A4FF6FF71524AB8EEE77ADFED5E7A65
:10963C004FF0010E02F1100CF4EEC77AF1EE10FAB5
:10964C0077FE877A67EEA67AFCEEE77A17EE903A09
:10965C000733DB088B4228BF0B4652F8041B888E5D
:10966C00CB8608B9A1F834E09445F6D1FFF7A2BB3C
:10967C0007EE903ADFED4D6A4FF6FF713C4AB8EEBB
:10968C00E77ADFED497A02F11000F4EEC77AF1EED9
:10969C0010FA77FE877A67EEA67AFCEEE77A17EE79
:1096AC00903A0733DB08994228BF1946002B14BFA8
:1096BC000B46012352F8041B9042CB85FAD1FFF7DD
:1096CC0079BB07EE903ADFED396A294B4FF6FF7EF6
:1096DC00B8EEE77ADFED347AD3E900C0F4EEC77A5E
:1096EC00D3E90212F1EE10FA77FE877A67EEA67ACA
:1096FC00FCEEE77A17EE903A0733DB08734528BF88
:10970C007346ACF82C3083858B859385FFF752BB61
:10971C0007EE903AB8EEE77AF3EE047AB4EEE77A15
:10972C00F1EE10FA02F1CC86DFED1C7ADFED1C6A4B
:10973C00B4EEE77AF1EE10FA77FE877A27EEA60AF6
:10974C00F0EE407AFEEEE07ACDED017A1BF090FF60
:10975C00F0EE407A019BFEEEE07A17EE901A114A79
:10976C00C2E90631FFF726BB00000000000059409B
:10977C0058A900200044AC46C637BE470000FE7F07
:10978C00A4E80120ACD7002048A9002000FEFF4629
:10979C00E8BB0020F8BB002000FEFFC600D08946C5
:1097AC0093651538B0DF002000000000666630427B
:1097BC0007EE903A1FED047A1FED046AF8EEE76AA3
:1097CC00D54AF6EE007AD549B4EEE67A087EF1EE8B
:1097DC0010FA37FE267AE7EE067AFCEEE77A17EEF9
:1097EC00903A934228BF1346C40703F17F024FEA15
:1097FC00D21202F1010202F1C785B1F81EC040F08D
:10980C0001000B626245087688BFCA83FFF7D2BAA3
:10981C0007EE903AC24BB8EEE75B9FEDBD6B85EE61
:10982C00067BB7EEC77B83ED007AFFF7C3BA07EE72
:10983C00903ABC4BBC4AB8EEE75B53F8041B9FED67
:10984C00B46B85EE067BB7EEC77BB5EEC07AF1EE56
:10985C0010FA02F1A987F7EE006AB4EEE67AF1EE9F
:10986C0010FA76FE877AFEEEC17A9A42C1ED0C7A36
:10987C003FF4A0AA53F8041BEFE707EE903ADFED94
:10988C00B16A4FF6FF71A74AB8EEE77ADFEDA77A17
:10989C0002F11000F4EEC77AF1EE10FA77FE877A37
:1098AC0067EEA67AFCEEE77A17EE903A0733DB0800
:1098BC00994228BF1946002B14BF0B46012352F8BE
:1098CC00041B9042CB85FAD1FFF774BA07EE903A9D
:1098DC00DFED9C6A934B4FF6FF7EB8EEE77ADFED37
:1098EC00937AD3E900C0F4EEC77AD3E90212F1EE11
:1098FC0010FA77FE877A67EEA67AFCEEE77A17EE17
:10990C00903A0733DB08734528BF7346ACF82C300C
:10991C0083858B859385FFF74DBA07EE903ADFED83
:10992C00896A4FF6FF717F4AB8EEE77ADFED7F7AEE
:10993C0002F11000F4EEC77AF1EE10FA77FE877A96
:10994C0067EEA67AFCEEE77A17EE903A0733DB085F
:10995C00994228BF1946002B14BF0B46012352F81D
:10996C00041B90424B85FAD1FFF724BA07EE903ACC
:10997C00DFED746A4FF6FF716A4AB8EEE77ADFEDF5
:10998C006B7A4FF0010E02F1100CF4EEC77AF1EE87
:10999C0010FA77FE877A67EEA67AFCEEE77A17EE76
:1099AC00903A0733DB088B4228BF0B4652F8041B56
:1099BC00888ECB8608B9A1F834E09445F6D1FFF730
:1099CC00F9B907EE903ADFED5F6A4FF6FF71554A31
:1099DC00B8EEE77ADFED557A02F11000F4EEC77AB3
:1099EC00F1EE10FA77FE877A67EEA67AFCEEE77A4C
:1099FC0017EE903A0733DB08994228BF1946002B23
:109A0C0014BF0B46012352F8041B90428B86FAD1EB
:109A1C00FFF7D0B907EE903AB7EE005BF7EE006AAD
:109A2C00B8EEE73B9FED3A4B83EE047B37EE457B7C
:109A3C00B7EEC77BB4EEE67AF1EE10FA42F3258668
:109A4C003B4B72B63B4A0021D361117662B6FFF7ED
:109A5C00B1B907EE903A384B384AB8EEE75B53F899
:109A6C00041B9FED2B6B85EE067BB7EEC77BB5EE2B
:109A7C00C07AF1EE10FA02F16486F7EE006AB4EEE9
:109A8C00E67AF1EE10FA76FE877AFEEEC17A9A4209
:109A9C00C1ED0C7A3FF48EA953F8041BEFE707EEE7
:109AAC00903A274BB8EEE75B9FED196B85EE067B82
:109ABC00B7EEC77B83ED007AFFF77CB907EE903ADF
:109ACC00DFED206A1C4B4FF6FF7EB8EEE77ADFED38
:109ADC00177AD3E900C0F4EEC77AD3E90212F1EE9B
:109AEC0010FA77FE877A67EEA67AFCEEE77A17EE25
:109AFC00903A0733DB08734528BF7346ACF82C301B
:109B0C0083858B859385FFF755B900BFAFF3008034
:109B1C00000000000000594000B10200A8EE012036
:109B2C00ACE7012068A9002078A900200000000003
:109B3C000000FF7FD4EC012048A9002058A9002088
:109B4C00B0E701206666304207EE903A5FED036A9B
:109B5C004FF6FF71D64AB8EEE77ADFEDD67A02F10E
:109B6C001000F4EEC77AF1EE10FA77FE877A67EE02
:109B7C00A67AFCEEE77A17EE903A0733DB089942A7
:109B8C0028BF1946002B14BF0B46012352F8041BA7
:109B9C0082424B85FAD1FFF70DB907EE903ADFED13
:109BAC00D36A4FF6FF71C24AB8EEE77ADFEDC17A9D
:109BBC0002F11000F4EEC77AF1EE10FA77FE877A14
:109BCC0067EEA67AFCEEE77A17EE903A0733DB08DD
:109BDC00994228BF1946002B14BF0B46012352F89B
:109BEC00041B9042CB85FAD1FFF7E4B807EE903A0C
:109BFC00B14BB24AB8EEE75B53F8041B9FEDA86B70
:109C0C0085EE067BB7EEC77BB5EEC07AF1EE10FAA7
:109C1C0002F18585DFEDAA6AB4EEE67AF1EE10FA70
:109C2C0076FE877AFEEECA7A9A42C1ED087A3FF444
:109C3C00C1A853F8041BEFE707EE903A9FED985B31
:109C4C00B8EEE74B9FED987B84EE056B36EE077B09
:109C5C00B7EEC77BB5EEC07AF1EE10FA02F11285C1
:109C6C00F7EE007AB4EEE77AF1EE10FA77FE877A27
:109C7C00B0EE677ABEEEC87A17EE103AB7EE007BFC
:109C8C00904AFFEE005A536237EE467BB7EEC77B25
:109C9C00B4EEE57AF1EE10FA02F1D184F7EE007A27
:109CAC00DFED896AB4EEE77AF1EE10FA77FE877A87
:109CBC0067EEA67AFDEEE77A17EE903A9386FFF7F9
:109CCC0079B807EE903A814BB8EEE75B9FED746B79
:109CDC0085EE067BB7EEC77B83ED007AFFF76AB89B
:109CEC0007EE903A7A4BB8EEE75B9FED6D6B85EE25
:109CFC00067BB7EEC77B83ED007AFFF75BB807EE08
:109D0C00903AB7EE006BF7EE005A0423B8EEE72B4F
:109D1C00BFEE005A9FED623B9FED637B82EE034BDF
:109D2C0034EE077B36EE446BB7EEC77BB7EEC66BF3
:109D3C00B5EEC07AF1EE10FA02F15682B4EEE57A85
:109D4C00F1EE10FAB4EEC56A75FE877AFEEEC87AAB
:109D5C00F1EE10FA02F14282013BE9D1B7EE007A42
:109D6C00DFED596AB4EEC76AF1EE10FA37FE067AE7
:109D7C0027EE267ABDEEC77A17EE103A554AC2ED99
:109D8C00097A9386FFF716B807EE903ADFED526A20
:109D9C00494BB8EEE74B494A53F8041B9FED405B27
:109DAC0084EE057BB7EEC77BB4EEE67AF1EE10FAE3
:109DBC0002F1D582F1EE046AF7EE005AB4EEE67ABF
:109DCC00F1EE10FA36FE876AC5EE867A9A42FEEEFE
:109DDC00C17AC1ED097A3EF4EDAF53F8041BEDE7FF
:109DEC0007EE903A3D4BF8EEE77AC3ED007AFEF7BA
:109DFC00E1BF07EE103ADFED2F7ADFED3C6A4FF64C
:109E0C00FF70B8EEC77A364901F1100EF4EEC77A3E
:109E1C00F1EE10FA77FE877A67EEA67AFCEEE77A17
:109E2C0017EE902A0732D208824228BF024651F818
:109E3C00040BB0F834C0C286BCF1000F02D14FF055
:109E4C00010484868E45F2D1264A1360FEF7B2BF18
:109E5C0007EE903ADFED256A4FF6FF70224AB8EE16
:109E6C00E77ADFED147A918EF4EEC77AF1EE10FA00
:109E7C0077FE877A67EEA67AFCEEE77A17EE903AD1
:109E8C000733DB08834228BF0346D38600297EF4C0
:109E9C0091AF01239386FEF78DBF00BFAFF3008017
:109EAC0000000000000059407B14AE47E17A843F6B
:109EBC0048A9002000000000F8BB002008BC0020CE
:109ECC002EFFDF40A4E8012000FEFF46B4E701208E
:109EDC00A8E7012044EB01203333333F40E6012057
:109EEC0038A90020A0E70120DC1F02206666304262
:109EFC0007EE903A5FED036A4FF6FF71DA4AB8EE5F
:109F0C00E77ADFEDDA7AF4EEC77AF1EE10FA77FE43
:109F1C00877A67EEA67AFCEEE77A17EE903A07336B
:109F2C00DB08994228BF19469186002B7EF442AF7C
:109F3C00AFE707EE903A9FEDC86BB8EEE75B85EEA6
:109F4C00067BB7EEC77BB5EEC07AF1EE10FA02F1E4
:109F5C004783F7EE007AB4EEE77AF1EE10FA77FE6B
:109F6C00877AB0EE677ABEEEC17A17EE103ABE4A27
:109F7C001363FEF71FBF07EE903ADFEDC86AB8EE29
:109F8C00E77ADFEDBA7AF4EEC77AF1EE10FA77FEE3
:109F9C00877A67EEA67AFCEEE77A17EE903A0733EB
:109FAC00DB0802F0CF814FF6FF71AF4A8B4228BF1E
:109FBC000B46D385FEF7FEBE07EE903ADFEDB76A8F
:109FCC004FF6FF71A84AB8EEE77ADFEDA87AF4EE07
:109FDC00C77AF1EE10FA77FE877A67EEA67AFCEE76
:109FEC00E77A17EE903A0733DB088B4228BF0B4613
:109FFC009385FEF7DFBE07EE903A9FED975BB8EEC8
:10A00C00E74B9FED976B84EE057B37EE067BB7EE47
:10A01C00C77BB5EEC07AF1EE10FA02F1E482F7EEEE
:10A02C00007AB4EEE77AF1EE10FA77FE877AB0EEAA
:10A03C00677ABEEEC87A17EE103A8D4A5362FEF775
:10A04C00B9BE07EE903A9FED846BB8EEE75B85EEF8
:10A05C00067BB7EEC77BB5EEC07AF1EE10FA02F1D3
:10A06C00C582DFED847ADFED846AB4EEE77A834A49
:10A07C00F1EE10FA77FE877A67EEA67AFCEEE77AB5
:10A08C0017EE903A934242F28B84794BDA61FEF7E9
:10A09C0091BE07EE903ADFED816AB8EEE77ADFED1C
:10A0AC00737AF4EEC77AF1EE10FA77FE877A67EEE0
:10A0BC00A67AFCEEE77A17EE903A0733DB0802F04B
:10A0CC0046814FF6FF71684A8B4228BF0B46538579
:10A0DC00FEF770BE6A496648FFF707BA07EE903A7A
:10A0EC00684B694AB8EEE75B53F8041B9FED5A6B5B
:10A0FC0085EE067BB7EEC77BB5EEC07AF1EE10FAB3
:10A10C0002F19483DFED616A01E053F8041BB4EEB5
:10A11C00E67AF1EE10FA76FE877AFEEECA7A9A4269
:10A12C00C1ED087AF1D1FEF745BE07EE903ADFEDAE
:10A13C005B6A4FF6FF73564AB8EEE77ADFED4B7A5F
:10A14C004FF0010E02F1300CF4EEC77AF1EE10FA7A
:10A15C0077FE877A67EEA67AFCEEE77A17EE901A0E
:10A16C000731C908994228BF194652F8043B988E0A
:10A17C00D98608B9A3F834E09445F6D1FEF71ABE97
:10A18C0007EE903A9FED346BB8EEE75B85EE067BFD
:10A19C00B7EEC77BB5EEC07AF1EE10FA02F1AB82E6
:10A1AC00DFED347ADFED346AB4EEE77A334AF1EE60
:10A1BC0010FA77FE877A67EEA67AFCEEE77A17EE4E
:10A1CC00903A934242F2F483324BDA61FEF7F2BDDD
:10A1DC002B493048FFF789B907EE903ADFED2F6A2B
:10A1EC004FF6FF712A4BB8EEE77ADFED207A03F1D8
:10A1FC003000F4EEC77AF1EE10FA77FE877A67EE4C
:10A20C00A67AFCEEE77A17EE902A0732D208914232
:10A21C0028BF1146002A08BF012153F8042B98428D
:10A22C009186FAD1FEF7C6BD07EE903A184B1A4844
:10A23C00B8EEE75B53F8042B9FED076B85EE067BBE
:10A24C00B7EEC77BB5EEC07AF1EE10FA02F1DF8201
:10A25C00F7EE006A26E000BF000000000000594045
:10A26C007B14AE47E17A843FDC1F02200000000023
:10A27C00284404200044AC46C637BE470000FE7F8D
:10A28C00ACD70020D4D6002004D700202EFFDF400E
:10A29C00C8AB002070420420F8AB00206666304248
:10A2AC0053F8042BB4EEE67AF1EE10FA76FE877AC8
:10A2BC00FEEEC17A9842C2ED0C7AF1D1FEF77ABD6E
:10A2CC0007EE903A5FED0B6A4FF6FF71CE4BB8EE8E
:10A2DC00E77ADFEDCE7A03F13000F4EEC77AF1EED7
:10A2EC0010FA77FE877A67EEA67AFCEEE77A17EE1D
:10A2FC00902A0732D208914228BF1146002A08BF83
:10A30C00012153F8042B8342D185FAD1FEF752BDBB
:10A31C0007EE903ABE4BBF48B8EEE75B53F8042B00
:10A32C009FEDB76B85EE067BB7EEC77BB5EEC07ABB
:10A33C00F1EE10FA02F1E481F7EE006A01E053F855
:10A34C00042BB4EEE67AF1EE10FA76FE877AFEEE86
:10A35C00C17A9842C2ED0C7AF1D1FEF72BBD07EE13
:10A36C00903ADFEDAD6A4FF6FF71A94BB8EEE77A84
:10A37C00DFEDA67A03F13000F4EEC77AF1EE10FAB5
:10A38C0077FE877A67EEA67AFCEEE77A17EE902ACC
:10A39C000732D208914228BF1146002A08BF01217A
:10A3AC0053F8042B9842D185FAD1FEF703BD07EE82
:10A3BC00903A9A4BB8EEE75B9FED916B85EE067B7E
:10A3CC00B7EEC77B83ED007AFEF7F4BC944A1360BA
:10A3DC00FEF7F0BC07EE903ADFED8F6A4FF6FF7395
:10A3EC008B4AB8EEE77ADFED897A4FF0010E02F175
:10A3FC00300CF4EEC77AF1EE10FA77FE877A67EE3E
:10A40C00A67AFCEEE77A17EE901A0731C908994242
:10A41C0028BF194652F8043B988ED98608B9A3F880
:10A42C0034E09445F6D1FEF7C5BC07EE903ADFED6B
:10A43C007A6A4FF6FF71764BB8EEE77ADFED737AF6
:10A44C0003F13000F4EEC77AF1EE10FA77FE877A5A
:10A45C0067EEA67AFCEEE77A17EE902A0732D2085E
:10A46C00914228BF1146002A08BF012153F8042B42
:10A47C0083429186FAD1FEF79DBC07EE903ADFED50
:10A48C00666A4FF6FF71604BB8EEE77ADFED5F7AE4
:10A49C0003F13000F4EEC77AF1EE10FA77FE877A0A
:10A4AC0067EEA67AFCEEE77A17EE902A0732D2080E
:10A4BC00914228BF1146002A08BF012153F8042BF2
:10A4CC0098425185FAD1FEF775BC07EE903ADFED54
:10A4DC00556A554BB8EEE74B544953F8040B9FEDB6
:10A4EC00485B84EE057BB7EEC77BB4EEE67AF1EE03
:10A4FC0010FA01F11587F1EE046AF7EE005A01E04B
:10A50C0053F8040BB4EEE67AF1EE10FA36FE876AD5
:10A51C00C5EE867A9942FEEEC17AC0ED097AEFD18A
:10A52C00FEF748BC07EE903ADFED3B6A4FF6FF7141
:10A53C00354BB8EEE77ADFED357A03F13000F4EE07
:10A54C00C77AF1EE10FA77FE877A67EEA67AFCEE00
:10A55C00E77A17EE902A0732D2088A4228BF0A46B9
:10A56C0053F8041B98428A85FAD1FEF723BC304D70
:10A57C00304C09E00C2A01F0E685012941F2DA851C
:10A58C002D4AAA423EF416AC2A4652F8040B154644
:10A59C00E2560B2AA2F1090180F83822EAD1416A6D
:10A5AC0000F50F7001930AF057FA019BE8E707EEEC
:10A5BC00903A1F4B204AB8EEE75B53F8041B9FED13
:10A5CC00106B85EE067BB7EEC77BB5EEC07AF1EE6D
:10A5DC0010FA02F13D81F7EE006A01E053F8041B1A
:10A5EC00B4EEE67AF1EE10FA76FE877AFEEEC87AD1
:10A5FC009A42C1ED0B7AF1D1FEF7DCBBAFF30080D0
:10A60C000000000000005940C8AB00200000000012
:10A61C0098AB0020C8AB002066663042043F042093
:10A62C00003F04203333333FD4D6002004D700201E
:10A63C0040D70020ACD7002070D70020CE491F4651
:10A64C00CE4A0E78CE48CF4912780578CE4B0F7093
:10A65C00002A42F0BC81144610463246294601932A
:10A66C00FEF780F8621C019B0C2A1870144603F14B
:10A67C0001033EF49FABC34AE0B21770EDE7C34A47
:10A68C001370FEF797BB07EE903ADFEDC16A4FF6F9
:10A69C00FF71C04BB8EEE77ADFEDBF7A03F1300003
:10A6AC00F4EEC77AF1EE10FA77FE877A67EEA67AA7
:10A6BC00FCEEE77A17EE902A0732D2088A4228BFBE
:10A6CC000A4653F8041B83428A85FAD1FEF772BB03
:10A6DC0007EE903ADFEDAE6A4FF6FF71AD4BB8EE78
:10A6EC00E77ADFEDAD7A03F13000F4EEC77AF1EEE4
:10A6FC0010FA77FE877A67EEA67AFCEEE77A17EE09
:10A70C00902A0732D208914228BF1146002A08BF6E
:10A71C00012153F8042B83425185FAD1FEF74ABB31
:10A72C009E4A1370FEF746BB003B9D4A18BF01239F
:10A73C001370FEF73FBB07EE903AF7EE000A994A0A
:10A74C00B8EEE75B984B92ED000A9FED896B85EEB6
:10A75C00067BB7EEC77B30EEC71A83ED007A03B0E9
:10A76C00BDE8F040FCF734BE003B904A18BF012313
:10A77C001370FEF71FBB8E4A8E4812788E490370F9
:10A78C0013440B70FEF716BB07EE903A8B4B8C4ABA
:10A79C005520B8EEE75BB3F9AA1016469FED746B23
:10A7AC0085EE067BB7EEC77B82ED007AFEF7ACF93F
:10A7BC00824BB3F9703107EE903ADFED826AB8EE56
:10A7CC00E74B9FED6B5B84EE057BB7EEC77BB4EE7E
:10A7DC00E67AF1EE10FA01F3BF85DFED7B7AF4EE49
:10A7EC00C77AF1EE10FA77FE877AB0EE677ABEEE92
:10A7FC00C87A17EE101A07EE903A744AB7EE006A50
:10A80C007348F8EEE76A92ED005AB7EE007B714B95
:10A81C00816126EE855AD9619FED553BB7EEC55A3D
:10A82C0085EE034B37EE447BB7EEC77BB4EEC67AAE
:10A83C00F1EE10FA41F34D87674972B66748D0F8CC
:10A84C001CC001628C4502F062808CFAA1F3EFF31C
:10A85C00008E1EF0006FDFF88CE102F04C808EFB56
:10A86C000154CB17C3EBE4238EFB0CE44FEAEC7ED4
:10A87C00CEEBE42EA3EB0E0323B98C45ACBF4FF00B
:10A88C00FF33012301214362017662B692ED006A27
:10A89C00B7EE007B96ED005AF7EE004A66EE866A3C
:10A8AC00B7EEC55A9FED322BB7EEE66A86EE023B49
:10A8BC0037EE437B27EE057BB7EEC77BB4EEE47A2D
:10A8CC00F1EE10FA41F35586434B72B64449C86910
:10A8DC000B62984202F0258080FAA3F2EFF3008C11
:10A8EC001CF0006F01F0F7873E4A82FB03CE82FB1F
:10A8FC00002CDA17C2EBEE224FEAE07ECEEBEC2C0A
:10A90C00A2EB0C0222B99842ACBF4FF0FF320122ED
:10A91C0001234A620B7662B6FEF74CBA07EE903A08
:10A92C009FED136BB8EEE75B85EE067BB7EEC77B4E
:10A93C00B5EEC07AF1EE10FA01F12D86F7EE006A51
:10A94C009FED296ADFED297AB4EEE67AF1EE10FA82
:10A95C0076FE876AE6EE867A72B6254A254BC2EDFC
:10A96C00007AC3EDB67A62B6FEF724BAAFF3008074
:10A97C0000000000000059409BBD042085BD042050
:10A98C009DBD04208BBD04209CEE01208FBD0420B6
:10A99C006666304298AB00200000000082BD0420A7
:10A9AC007EBD042004E60120DC27022089BD0420A2
:10A9BC00D2D70020A4BD042091BD042078A900208A
:10A9CC00B0D6002000FEFF4600FEFFC6B8D6002021
:10A9DC00743D0420043D04200000FF7FFCEA0120AC
:10A9EC005CEA0120E5DBE276B81E253F0AD7A33BE3
:10A9FC000C2C0220E427032007EE903A9FEDB26B5B
:10AA0C00B8EEE75B85EE067BB7EEC77BB5EEC07A9A
:10AA1C00F1EE10FA01F1D785F7EE007A9FEDAE6AF0
:10AA2C00B4EEE77AF1EE10FA77FE877A27EEA77A82
:10AA3C0027EE277ADFEDA97AE7EE067AA84BC3ED6D
:10AA4C00007AFEF7B7B907EE903A9FED9F6BB8EE20
:10AA5C00E75B85EE067BB7EEC77BB5EEC07AF1EE11
:10AA6C0010FA01F18085F7EE007A9FED9E6AB4EE44
:10AA7C00E77AF1EE10FA37FE877AE7EE467AF0EED7
:10AA8C00676AF1EE477A72B6974BC3ED007AC3ED65
:10AA9C00106A62B6FEF78EB9003B944A18BF0123C8
:10AAAC001370FEF787B907EE903A9FED876BB8EEFF
:10AABC00E75B85EE067BB7EEC77BB5EEC07AF1EEB1
:10AACC0010FA01F17C85F7EE007AB4EEE77AF1EE3C
:10AADC0010FA37FE877A864BDFED867AF3EC016A43
:10AAEC0036EEE76AE6EE077A72B6BDEE007AC3ED93
:10AAFC00007AB6EE006A804A67EE877A87EEA67A0D
:10AB0C0077EE067AC2ED007A62B6FEF753B97B4A4D
:10AB1C001370FEF74FB907EE903A9FED6B6BB8EEE2
:10AB2C00E75B85EE067BB7EEC77BF7EE007AB5EEFA
:10AB3C00C07AF1EE10FA07D4B4EEE77AF1EE10FA1F
:10AB4C0037FE877A77EEC77A72B66D4BC3ED007A13
:10AB5C0062B6FEF72FB907EE903A6A4AF7EE000A92
:10AB6C00694BB8EEE70A92ED001A30EEC11A83ED8C
:10AB7C00000AF4E507EE903A6448B8EEE70A03B031
:10AB8C00BDE8F0400FF0DABB003B614A18BF01236F
:10AB9C001370FEF70FB919465C4803B0BDE8F040DE
:10ABAC000FF0CABB07EE903A5848B8EEE70A03B06C
:10ABBC00BDE8F0400FF0BCBB1946544803B0BDE8EB
:10ABCC00F0400FF0B3BB07EE903A5248B8EEE70AEC
:10ABDC00D5E719464F48E0E707EE903A4E48B8EEF5
:10ABEC00E70ACCE719464C48D7E74C4A4C4B12685D
:10ABFC00DA81FEF7DFB8454819460FF0A3FB43484E
:10AC0C0003B0BDE8F0400FF087BC424819460FF086
:10AC1C0099FB4048F4E7404819460FF093FB3E4837
:10AC2C00EEE707EE903AF7EE006AB8EEE74B9FEDD1
:10AC3C00265B84EE057BB7EEC76BB4EEE66AF1EEED
:10AC4C0010FA41F33485374972B63748D0F81CC036
:10AC5C0001628C4501F06F868CFAA1F2EFF3008E45
:10AC6C001EF0006FDFF8CCE001F01E868EFB015465
:10AC7C00CA17C2EBE4228EFB0CE44FEAEC7ECEEB5F
:10AC8C00E42EA2EB0E0222B98C45ACBF4FF0FF3282
:10AC9C00012201214262017662B69FED0D6B234ABF
:10ACAC00234927EE067B1068FCEEC77B17EE902A33
:10ACBC000A7000283EF47EA8D0F800C01AB2032116
:10ACCC00DCF83830FEF78BB800000000000059406B
:10ACDC000000000000C05F403333733FCDCC4C3DCF
:10ACEC00382604208FC2F53D0C26042081BD04209B
:10ACFC0044260420CDCC4C3E082C022093BD0420CD
:10AD0C0008260420DC27022004E6012088260420E3
:10AD1C00D8D70020B82602205CE70120A8D7002055
:10AD2C0078A900200000FF7F34EA0120AC3D04200C
:10AD3C00BFD70020E5DBE27607EE903AF7EE006A2B
:10AD4C00B8EEE74B9FEDD25B84EE057BB7EEC76B9D
:10AD5C00B4EEE66AF1EE10FA41F35F84D04972B6B4
:10AD6C00D048D0F81CC001628C4501F0DF858CFA0C
:10AD7C00A1F2EFF3008E1EF0006FDFF878E301F024
:10AD8C009A858EFB0154CA17C2EBE4228EFB0CE4AD
:10AD9C004FEAEC7ECEEBE42EA2EB0E0222B98C45F0
:10ADAC00ACBF4FF0FF32012201214262017662B644
:10ADBC009FEDB96BBC4ABD4927EE067B1068FCEED3
:10ADCC00C77B17EE902A0A7000283DF4F3AFD0F839
:10ADDC0000C01AB20221DCF83830FEF700B807EEDA
:10ADEC00903A0121B24BF8EEE76ADFEDB27AB24A43
:10ADFC0083F8201086EEA77A67EE277A83ED077A20
:10AE0C00FDEEE77A17EE903AA2F8E431FDF7D2BFE7
:10AE1C0007EE903A9FEDA97AA54B0121B8EEE76AAF
:10AE2C00DFEDA47AA44A83F82010C6EE276A66EEFA
:10AE3C00A77AC3ED066A26EE877AFDEEE77A83EDF4
:10AE4C00057A17EE903AA2F8E231FDF7B3BF07EEA0
:10AE5C00903ADFED986A9FED9A6A0121F8EEE75A75
:10AE6C009FED987A924B944AC5EEA67A83F82010FF
:10AE7C0067EEA75A67EEA67AA5EE867AFDEEE77A1C
:10AE8C0017EE901A83ED047AA2F8E011FDF792BF49
:10AE9C0007EE903ADFED986A4FF6FF718A4BB8EEE9
:10AEAC00E77ADFED8A7A03F13000F4EEC77AF1EE3F
:10AEBC0010FA77FE877A67EEA67AFCEEE77A17EE41
:10AECC00902A0732D208914228BF1146002A08BFA7
:10AEDC00012153F8042B98425185FAD1FDF76ABF32
:10AEEC0007EE903A7A4B7B4AB8EEE75B53F8041BBB
:10AEFC009FED676B85EE067BB7EEC77BB5EEC07A30
:10AF0C00F1EE10FA01F17184F7EE006A01E053F8EA
:10AF1C00041BB4EEE67AF1EE10FA76FE877AFEEEBA
:10AF2C00C87A9A42C1ED097AF1D1FDF743BF684D59
:10AF3C00694C0BE00C2AA2F1090201F01781012ADD
:10AF4C0041F20C8163498D423DF434AF2A4652F8EC
:10AF5C00040B154600220262E2560B2A4286E9D106
:10AF6C00C1693830019309F077FD019BEAE707EEE0
:10AF7C00903A5A4BB8EEE75B9FED456B85EE067B3E
:10AF8C00B7EEC77B83ED007AFDF714BF544D524CDE
:10AF9C002A4652F8040B1546E2560B2AA2F1090177
:10AFAC0080F8382201F002810C2A01F04F8101292E
:10AFBC0041F269814B4AAA42EAD1FDF7FBBE07EE8A
:10AFCC00903A474B474AB8EEE75B53F8041B9FEDAA
:10AFDC00306B85EE067BB7EEC77BB5EEC07AF1EE33
:10AFEC0010FA01F1CF83F7EE006AB4EEE67AF1EED7
:10AFFC0010FA76FE877AFEEEC87A9A42C1ED0B7A89
:10B00C003DF4D8AE53F8041BEFE707EE903ADFEDB2
:10B01C00365AB8EEE73BB7EE007B9FED1D4B83EE47
:10B02C00046B37EE467BB7EEC77BB4EEE57AF1EEF8
:10B03C0010FA01F30482DFED2D7AF4EEC77AF1EE0B
:10B04C0010FA77FE877AB0EE677ABEEEC87A17EE02
:10B05C00103AB7EEC66BDFED247A254AB4EEE76AF8
:10B06C009361F1EE10FA01F3E781DFED207AF4EE53
:10B07C00C67AF1EE10FA77FE867AB0EE677ABEEEFB
:10B08C00C87A17EE103AD361FDF794BEAFF3008087
:10B09C0000000000000059400000000000C05F40AC
:10B0AC000000FF7FD0400420AC3D0420C9D7002015
:10B0BC00602604200000C84278A900201F856B3F41
:10B0CC000060384500004842F8AB0020000000004A
:10B0DC0010D7002040D70020ACD70020ACD60020E1
:10B0EC00ACBB0020BCBB002000FEFF4600FEFFC630
:10B0FC00DC450420E5DBE2766666304207EE903AEA
:10B10C005FED036A4FF6FF71CD4AB8EEE77ADFEDDB
:10B11C00CD7A02F11000F4EEC77AF1EE10FA77FE58
:10B12C00877A67EEA67AFCEEE77A17EE903A073349
:10B13C00DB08994228BF1946002B14BF0B4601238C
:10B14C0052F8041B90424B85FAD1FDF733BE4FF4F5
:10B15C007A72BD4902FB03F30B60FDF72BBE07EEC1
:10B16C00903A9FEDB56BB8EEE75B85EE067BB7EEDC
:10B17C00C77BB5EEC07AF1EE10FA01F11B82DFED60
:10B18C00B37ADFEDB36AB4EEE77AB24AF1EE10FAB5
:10B19C0077FE877A67EEA67AFCEEE77A17EE903A9E
:10B1AC00934241F20A84AC4BDA61FDF703BEAB4922
:10B1BC00A948FEF79AB907EE903AA94BA94AB8EEFE
:10B1CC00E75B53F8041B9FED9C6B85EE067BB7EE9B
:10B1DC00C77BB5EEC07AF1EE10FA01F1F482F7EE0E
:10B1EC00006AB4EEE67AF1EE10FA76FE877AFEEE9D
:10B1FC00C87A9A42C1ED0B7A3DF4DCAD53F8041BCE
:10B20C00EFE799491E46994A0C781578984B994A5C
:10B21C00214601931670964A981A2A46C0B2FDF739
:10B22C00EDFB019B944A03F8010B9342EFD1FDF720
:10B23C00C1BD07EE903AB8EEE77AF3EE047AB4EEBD
:10B24C00E77AF1EE10FA01F11081DFED8C7ADFED87
:10B25C008C6AB4EEE77AF1EE10FA77FE877A27EE75
:10B26C00A60AF0EE407AFEEEE07ACDED017A1AF005
:10B27C00FFF9F0EE407A019BFEEEE07A17EE901AA1
:10B28C00804AC2E90631FDF795BD07EE903A9FED75
:10B29C006D7A9FED7D6AF8EEE76A7C4AF6EE007AED
:10B2AC007B49B4EEE67A087EF1EE10FA37FE267A88
:10B2BC00E7EE067AFCEEE77A17EE903A934228BF57
:10B2CC001346C60703F17F024FEAD21202F10102C4
:10B2DC0001F1BA80B1F81EC040F001000B6262456A
:10B2EC00087688BFCA83FDF765BD07EE903AF2EE8B
:10B2FC00086A684BB8EEE74B674853F8042B9FED90
:10B30C004E5B84EE057BB7EEC77BB4EEE67AF1EECE
:10B31C0010FA01F37680DFED616A00219FED606A1F
:10B32C0001E053F8042BF4EEC76A82F83912F1EEFF
:10B33C0010FA76FE877A67EE867A9842FCEEE77A08
:10B34C00C2ED0A7AEDD1FDF735BD07EE903ADFED8F
:10B35C004E6A4FF6FF713A4AB8EEE77ADFED397A6A
:10B36C0002F11000F4EEC77AF1EE10FA77FE877A4C
:10B37C0067EEA67AFCEEE77A17EE903A0733DB0815
:10B38C00994228BF1946002B14BF0B46012352F8D3
:10B39C00041B82428B86FAD1FDF70CBD003B414A5F
:10B3AC0018BF01231370FDF705BD07EE903ADFEDD2
:10B3BC003E6AB8EEE74B9FED205B84EE057BB7EE63
:10B3CC00C77BB4EEE67AF1EE10FA01F34B80DFEDB9
:10B3DC00377AF4EEC77AF1EE10FA77FE877AB0EE90
:10B3EC00677ABEEEC87A17EE103A314A9361FDF7D0
:10B3FC00E1BC07EE903A9FED106BB8EEE75B85EE83
:10B40C00067BB7EEC77BB5EEC07AF1EE10FA01F110
:10B41C00CE80DFED287AB4EEE77AF1EE10FA77FE03
:10B42C00877AB0EE677ABEEECA7A17EE103A224AE5
:10B43C001362FDF7BFBC00BF0000000000005940C4
:10B44C0038A9002000000000B4D600200044AC460F
:10B45C00C637BE470000FE7F083F0420ACD7002053
:10B46C008CBB00209CBB00209DBD04209BBD0420F8
:10B47C0094EE012084BD04209BEE012000D089466F
:10B48C0093651538F0DF00206666304200B102008B
:10B49C007804022040D7002070D70020CDCCCC3DC2
:10B4AC000000804585BD042000FEFF4600FEFFC65F
:10B4BC00A83E04202EFFDF40C8E0002007EE903AA3
:10B4CC009FEDCF6BB8EEE75B85EE067BB7EEC77BE7
:10B4DC00B5EEC07AF1EE10FA01F17980F7EE007A50
:10B4EC00B4EEE77AF1EE10FA77FE877AB0EE677A6F
:10B4FC00BEEEC87A17EE103AC34A5362FDF75ABC37
:10B50C00C2491F46C24A0E78C248C3491278057810
:10B51C00C24B0F70002A40F0E7871446104602E039
:10B52C00BD49D0B20F70324629460193FDF71AF986
:10B53C00621C019B0C2A1870144603F10103EFD115
:10B54C00FDF738BC07EE903ADFEDB56AB8EEE74B85
:10B55C009FEDAB5B84EE057BB7EEC77BB4EEE67A72
:10B56C00F1EE10FA00F3B987DFEDAE7AF4EEC77A9C
:10B57C00F1EE10FA77FE877AB0EE677ABEEEC87AF3
:10B58C0017EE103AA84A9361FDF714BC07EE903AF7
:10B59C00DFEDA36AB8EEE74B9FED995B84EE057B7C
:10B5AC00B7EEC77BB4EEE67AF1EE10FA00F3B18792
:10B5BC00DFED9C7AF4EEC77AF1EE10FA77FE877A1B
:10B5CC00B0EE677ABEEEC87A17EE103A964A13625E
:10B5DC00FDF7F0BB07EE903AB8EEE77AF3EE047A9B
:10B5EC00B4EEE77AF1EE10FA00F17A87DFED8F7A9C
:10B5FC00DFED8F6AB4EEE77AF1EE10FA77FE877A18
:10B60C0027EEA60AF0EE407AFEEEE07ACDED017A56
:10B61C001AF02EF8F0EE407A019BFEEEE07A17EE6F
:10B62C00901A844AC2E90631FDF7C4BB07EE903A82
:10B63C00DFED7B6AB8EEE74B9FED715B84EE057B2B
:10B64C00B7EEC77BB4EEE67AF1EE10FA00F35E8744
:10B65C00DFED747AF4EEC77AF1EE10FA77FE877AA2
:10B66C00B0EE677ABEEEC87A17EE103A6E4AD36126
:10B67C00FDF7A0BB07EE903ADFED6F6AB8EEE74B33
:10B68C009FED5F5B84EE057BB7EEC77BB4EEE67A8D
:10B69C00F1EE10FA00F14087F1EE047AF7EE006A51
:10B6AC00B4EEE77AF1EE10FA37FE877AC6EE877AB7
:10B6BC00B0EE677ABEEEC17A17EE103A5D4A53626D
:10B6CC00FDF778BB07EE903A5C4BF8EEE77AC3EDEA
:10B6DC00007AFBF7E9FF40F2011259495948FDF78E
:10B6EC000FBD07EE903ADFED4E6AB8EEE74B9FEDDB
:10B6FC00445B84EE057BB7EEC77BB4EEE67AF1EEE5
:10B70C0010FA00F3B686DFED477AF4EEC77AF1EE65
:10B71C0010FA77FE877AB0EE677ABEEEC87A17EE2B
:10B72C00103A494A5362FDF745BB07EE903ADFEDFC
:10B73C003C6AB8EEE74B9FED325B84EE057BB7EECF
:10B74C00C77BB4EEE67AF1EE10FA00F3E185DFED9B
:10B75C00357AF4EEC77AF1EE10FA77FE877AB0EE0E
:10B76C00677ABEEEC87A17EE103A374A1362FDF7C5
:10B77C0021BB07EE903ADFED386AB8EEE77ADFEDE1
:10B78C00337AF4EEC77AF1EE10FA77FE877A67EE29
:10B79C00A67AFCEEE77A17EE903A0733DB0800F056
:10B7AC006E864FF6FF712A4A8B4228BF0B46D38513
:10B7BC00FDF700BB07EE903ADFED196AB8EEE74BE8
:10B7CC009FED0F5B84EE057BB7EEC77BB4EEE67A9C
:10B7DC00F1EE10FA00F34386DFED127AF4EEC77A3D
:10B7EC00F1EE10FA77FE877AB0EE677ABEEEC87A81
:10B7FC0017EE103A174AD361FDF7DCBAAFF30080AD
:10B80C000000000000005940083F04209BBD0420AC
:10B81C0085BD04209DBD0420CBD700209CEE0120CB
:10B82C0000FEFF4600FEFFC69840042000D089466B
:10B83C0093651538C8E000203333333FB8D7002068
:10B84C00947B0420B8450420C83E0420000000006E
:10B85C00A41F0220144604206666304207EE903A7C
:10B86C005FED036A4FF6FF70CF4AB8EEE77ADFED73
:10B87C00CF7A918EF4EEC77AF1EE10FA77FE877AD2
:10B88C0067EEA67AFCEEE77A17EE903A0733DB0800
:10B89C00834228BF0346D38600297DF48BAA01235B
:10B8AC009386FDF787BA07EE903ADFEDC16AB8EEE2
:10B8BC00E74B9FEDBB5B84EE057BB7EEC77BB4EE2D
:10B8CC00E67AF1EE10FA00F3B485DFEDBA7AF4EE15
:10B8DC00C77AF1EE10FA77FE877AB0EE677ABEEE91
:10B8EC00C87A17EE103AB44AD361FDF763BA07EE83
:10B8FC00903ADFEDB26AB8EEE74B9FEDA95B84EEB0
:10B90C00057BB7EEC77BB4EEE67AF1EE10FA00F1E8
:10B91C00B385F1EE047AF7EE006AB4EEE77AF1EE55
:10B92C0010FA37FE877AC6EE877AB0EE677ABEEEEB
:10B93C00C17A17EE103AA24A5362FDF73BBA07EEF2
:10B94C00903ADFED9B6AB8EEE74B9FED955B84EE8A
:10B95C00057BB7EEC77BB4EEE67AF1EE10FA00F396
:10B96C00DC84DFED947AF4EEC77AF1EE10FA77FE10
:10B97C00877AB0EE677ABEEEC87A17EE101A07EE29
:10B98C00903A904A904BB7EE006AF8EEE76A92ED67
:10B99C00005AB7EE007B93ED004A8C4826EE855A90
:10B9AC008B4BB7EEC44A81619961B7EEC55A9FEDD6
:10B9BC007C2B85EE023B37EE437B27EE047BB7EE08
:10B9CC00C77BB4EEC67AF1EE10FA40F314868149C7
:10B9DC0072B68148D0F81CC001628C4500F0928789
:10B9EC008CFAA1F3EFF3008E1EF0006FDFF8F0E19C
:10B9FC0000F07A878EFB0154CB17C3EBE4238EFB4C
:10BA0C000CE44FEAEC7ECEEBE42EA3EB0E0323B951
:10BA1C008C45ACBF4FF0FF3301230121436201760B
:10BA2C0062B6D2ED007AB7EE005BB7EE006A26EE96
:10BA3C00A77A9FED5B3BB7EEC77A87EE034B35EEEB
:10BA4C00447BB7EEC77BB4EEC67AF1EE10FA40F346
:10BA5C007885604B72B66148C1690362994200F007
:10BA6C005B8781FAA3F2EFF3008C1CF0006F00F0FF
:10BA7C0029875B4A82FB03CE82FB012CDA17C2EBCF
:10BA8C00EE224FEAE17ECEEBEC2CA2EB0C0222B9BB
:10BA9C009942ACBF4FF0FF32012201234262037680
:10BAAC0062B6FDF787B907EE903ADFED4E6AB8EE55
:10BABC00E77ADFED3E7AF4EEC77AF1EE10FA77FE14
:10BACC00877A67EEA67AFCEEE77A17EE903A0733A0
:10BADC00DB0800F0D9844FF6FF71334A8B4228BF44
:10BAEC000B465385FDF766B907EE903ADFED306AE9
:10BAFC00B8EEE74B9FED2A5B84EE057BB7EEC77B78
:10BB0C00B4EEE67AF1EE10FA00F34C84DFED297A0C
:10BB1C00F4EEC77AF1EE10FA77FE877AB0EE677A18
:10BB2C00BEEEC87A17EE103A2F4A9361FDF742B970
:10BB3C002E4D2F4C2A4652F8040B1546E2560B2A72
:10BB4C00A2F1090180F8382200F028830C2A00F0B9
:10BB5C00AC83012940F2D48326498D42EAD1FDF70A
:10BB6C0029B907EE903ADFED1F6A4FF6FF710E4AC6
:10BB7C00B8EEE77ADFED0D7AF4EEC77AF1EE10FA53
:10BB8C0077FE877A67EEA67AFCEEE77A17EE903AA4
:10BB9C000733DB088B4228BF0B469385FDF70AB9A8
:10BBAC000000000000005940A41F0220000000000B
:10BBBC0000FEFF4600FEFFC6C83E04203333333F71
:10BBCC00F0DF0020B8D60020B0D600203C3D042089
:10BBDC00043D04200000FF7F28420420F84004208C
:10BBEC00E5DBE27666663042144604209CBB0020FE
:10BBFC00ACD70020ACBB002007EE903AB7EE005B50
:10BC0C00F7EE006AB8EEE73B9FEDDB4B83EE047B6F
:10BC1C0037EE457BB7EEC77BB4EEE67AF1EE10FA61
:10BC2C0040F37D84D64B72B6D64A0021D36111768F
:10BC3C0062B6FDF7BFB807EE903ADFEDD36AB8EE07
:10BC4C00E74B9FEDCD5B84EE057BB7EEC77BB4EE87
:10BC5C00E67AF1EE10FA00F3B683DFEDCC7AF4EE6F
:10BC6C00C77AF1EE10FA77FE877AB0EE677ABEEEFD
:10BC7C00C87A17EE103AC64A1362FDF79BB8012B2F
:10BC8C00C44AB8BF01231370FDF794B807EE903A7D
:10BC9C00C14BB8EEE75B9FEDB86B85EE067BB7EE5C
:10BCAC00C77B83ED007AFDF785B807EE903ADFEDA0
:10BCBC00C66A4FF6FF71B94AB8EEE77ADFEDB87A8B
:10BCCC0002F11000F4EEC77AF1EE10FA77FE877AE3
:10BCDC0067EEA67AFCEEE77A17EE903A0733DB08AC
:10BCEC00994228BF1946002B14BF0B46012352F86A
:10BCFC00041B8242CB85FAD1FDF75CB807EE903A73
:10BD0C00DFEDB16AA54B4FF6FF7EB8EEE77ADFEDBB
:10BD1C00A47AD3E900C0F4EEC77AD3E90212F1EEAB
:10BD2C0010FA77FE877A67EEA67AFCEEE77A17EEC2
:10BD3C00903A0733DB08734528BF7346ACF82C30B8
:10BD4C0083858B859385FDF735B807EE903A934B39
:10BD5C00944AB8EEE75B53F8041B9FED876B85EEB6
:10BD6C00067BB7EEC77BB5EEC07AF1EE10FA00F1A8
:10BD7C008185F7EE006AB4EEE67AF1EE10FA76FE03
:10BD8C00877AFEEEC17A9A42C1ED0C7A3DF412A884
:10BD9C0053F8041BEFE74FF47A72834902FB03F369
:10BDAC000B60FDF707B807EE903ADFED776AB8EE57
:10BDBC00E74B9FED715B84EE057BB7EEC77BB4EE72
:10BDCC00E67AF1EE10FA00F3A682DFED707AF4EE6B
:10BDDC00C77AF1EE10FA77FE877AB0EE677ABEEE8C
:10BDEC00C87A17EE103A6A4A9361FCF7E3BF07EE84
:10BDFC00903ADFED656A6D4BB8EEE74B6C4A53F841
:10BE0C00041B9FED5D5B84EE057BB7EEC77BB4EE48
:10BE1C00E67AF1EE10FA00F3DE82DFED5C6AF4EE06
:10BE2C00C76AF1EE10FA76FE877AFEEEC87A9A426D
:10BE3C00C1ED097A3CF4BEAF53F8041BEFE707EEF3
:10BE4C00903ADFED516AB8EEE74B9FED4B5B84EE19
:10BE5C00057BB7EEC77BB4EEE67AF1EE10FA00F391
:10BE6C00F182DFED4A7AF4EEC77AF1EE10FA77FE42
:10BE7C00877AB0EE677ABEEEC87A17EE103A444A6B
:10BE8C00D361FCF797BF07EE903ADFED3F6AB8EE4F
:10BE9C00E74B9FED395B84EE057BB7EEC77BB4EEC9
:10BEAC00E67AF1EE10FA00F38082DFED387AF4EEE8
:10BEBC00C77AF1EE10FA77FE877AB0EE677ABEEEAB
:10BECC00C87A17EE103A324A5362FCF773BF07EE8A
:10BEDC00903A384BB8EEE75B9FED276B85EE067B0F
:10BEEC00B7EEC77B83ED007AFCF764BF324AC3F12F
:10BEFC0001031370FCF75EBF012B304AB8BF01235E
:10BF0C001370FCF757BF07EE903ADFED2F6A4FF630
:10BF1C00FF73DFF8ACC0B8EEE77ADFED217ADFF81B
:10BF2C00A4E05CF8042BF4EEC77AF1EE10FA77FE7D
:10BF3C00877A67EEA67AFCEEE77A17EE901A07314D
:10BF4C00C9088B4228BF0B46002908BF012340F0CB
:10BF5C00E28001206146D085908651F8042B8E45F5
:10BF6C00D08593863CF426AFDCF804200CF1080C49
:10BF7C00F0E700BFAFF30080000000000000594064
:10BF8C000000FF7F0044042000FEFF4600FEFFC6B9
:10BF9C00B8E70120C0D7002044E6012038A90020D2
:10BFAC000000000048A9002024D6002008BC002076
:10BFBC0018BC0020A8D60020CCD70020CAD700205F
:10BFCC00F8AB002028AC00206666304207EE903AB1
:10BFDC005FED036A4FF6FF71BB4BB8EEE77ADFED0E
:10BFEC00BB7A03F13000F4EEC77AF1EE10FA77FE6B
:10BFFC00877A67EEA67AFCEEE77A17EE902A07327C
:10C00C00D2088A4228BF0A4653F8041B98428A85F4
:10C01C00FAD1FCF7CFBE07EE903AAD4BB8EEE75B2A
:10C02C009FEDA76B85EE067BB7EEC77B83ED007AA1
:10C03C00FCF7C0BEA74DA84C2A4652F8040B154677
:10C04C00E2560B2AA2F1090180F8382200F0B780E1
:10C05C000C2A00F00681012940F20D819F498D4286
:10C06C00EAD1FCF7A7BE07EE903A9D4B9D4AB8EE7D
:10C07C00E75B53F8041B9FED926B85EE067BB7EEE6
:10C08C00C77BB5EEC07AF1EE10FA00F16983F7EEDA
:10C09C00006AB4EEE67AF1EE10FA76FE877AFEEEDE
:10C0AC00C87A9A42C1ED0B7A3CF484AE53F8041B67
:10C0BC00EFE78D4A1370FCF77DBE0425864CE256E3
:10C0CC0000218A480B2A0162A2F10901428657D04D
:10C0DC000C2A00F09F80012940F2A6806A1E1546AA
:10C0EC00EDD1FCF767BE824EFEF765BB04257A4C9A
:10C0FC00E25600217F480B2A0162A2F10901428617
:10C10C0065D00C2A7CD0012940F297806A1E154616
:10C11C00EED1FCF74FBE6146D385938651F8042BC4
:10C12C008E45D38593863CF445AEDCF804200CF1A7
:10C13C00080CF0E7416A00F50F70019308F0ECFB76
:10C14C00019BFEF71DBA416A4FF0004200F50F70DB
:10C15C00019308F03DFC019BFEF712BAC16938301F
:10C16C00019308F0D9FB019BFEF7ECBE826A3830D4
:10C17C0050F81C1C019308F02BFC019BFEF7E2BE4F
:10C18C00C1693830019308F067FC019BA6E7C169CF
:10C19C00383003B0BDE8F04008F05EBC416A00F5F1
:10C1AC000F70019308F058FC019BD5E4416A00F52F
:10C1BC000F70019308F050FC019BFEF7FBBE416A27
:10C1CC0000F50F70019308F047FC019B46E7C1692D
:10C1DC003830019308F040FC019B97E7013B7DF45C
:10C1EC00ADAD454BFDF7CABDFFEE007AB4EEE76A84
:10C1FC00F1EE10FA00F14D83DFED407AFDF7ACBDA6
:10C20C0001933C4B9A6A03F13800D96908F0E0FBC2
:10C21C00019B7BE70193354B9A6A03F13800D9698E
:10C22C0008F0D6FB019B59E70193304BD96903F118
:10C23C00380008F071FB019B50E701932D4BD96935
:10C24C0003F1380008F068FB019B5FE7416A4FF08F
:10C25C00004200F50F70019308F0BAFB019BFEF74A
:10C26C00A9BE416A4FF0004200F50F70019308F02F
:10C27C00AFFB019BF2E6416A00F50F70019308F0E9
:10C28C004BFB019BEAE6416A00F50F70019308F045
:10C29C0043FB019BFEF78EBE826A383050F81C1CA3
:10C2AC0003B0BDE8F04008F093BB416A4FF0004288
:10C2BC0000F50F70019308F08BFB019B4CE400BF61
:10C2CC000000000000005940F8AB00200000000006
:10C2DC00A4D600208CBB0020ACD700209CBB002037
:10C2EC009CBB0020ACBB0020A1BD042044EB012072
:10C2FC00B0D60020FCEC01200180FFFF0000000004
:10C30C00416A00F50F70019308F006FB019B23E4D2
:10C31C00CC4BFFF72ABACB4B65E5CA49FFF72FBBCD
:10C32C00DFF828C399421A46C0F824C03CF442AD49
:10C33C0052F8040B9142C0F824C03CF43BAD586851
:10C34C000833EFE7C04B0122DA85FCF733BDBE4B57
:10C35C0001225A85FCF72EBDBA49FEF74CBADFF81C
:10C36C00ECC29A421846C1F824C03CF423AD50F8F4
:10C37C00041B9042C1F824C03CF41CAD596808332E
:10C38C00EFE7B24BFDF708B80C6AA34240F2F0821B
:10C39C00C88B0B62824288BFCA83FCF70BBDA94BCA
:10C3AC00FCF702BEA74BFFF7BFBBA64B8BE5A54B1B
:10C3BC00FCF796BEA34BFCF7C8BFA24BFCF7A0BD85
:10C3CC00A04BFCF73ABF9F4B55E49E4BFCF70FBEBE
:10C3DC009E4BFCF70FBFDFF86CC29A421846C1F8AF
:10C3EC0024C03CF4E7AC50F8041B9042C1F824C0C4
:10C3FC003CF4E0AC59680833EFE79549954BFCF7F2
:10C40C00ACBD4FF4404E4FF0000C9842194682F8E8
:10C41C0039C2C2F828E03CF4CDAC51F8042B884268
:10C42C0082F839C2C2F828E03CF4C4AC5A6808332C
:10C43C00EBE7844BFFF757BA824BFEF724BE814BD8
:10C44C00FEF707BE7F4B1AE50C6AA34240F27882D6
:10C45C00C88B0B62824288BFCA83FCF7ABBC794B9A
:10C46C00FFF7C8B9774BFEF7C0BF7949794BFEF798
:10C47C0007BF744BFFF755B9744BFFF75CBA764B9B
:10C48C000122DA85FCF796BC734B01225A85FCF726
:10C49C0091BC6C4BFCF737BF6A4BFCF71ABF694970
:10C4AC0098429C46C2E906113CF484AC5CF8042B1F
:10C4BC008445C2E906113CF47DAC5A680833EFE7B9
:10C4CC006349644BFDF74BB95E4BFCF7B3BD5D4B59
:10C4DC00FCF769BE5B4BFCF7F0BC5A4BFFF752B84C
:10C4EC005B495C4BFFF79DB80022114602F1190025
:10C4FC000232183102330C2A03F8010C03F8021C27
:10C50C0011463CF457AC55480770EFE74D4BFFF71D
:10C51C00ADB84C4BFFF75AB84C4BFFF7CFB8FFEE0A
:10C52C00007ADFED576AF4EEC77AF1EE10FA77FE77
:10C53C00877A67EEA67AFDEEE77A17EE903AFFF768
:10C54C0072BBFFEE007ADFED4E6AF4EEC77AF1EEC5
:10C55C0010FA77FE877A67EEA67AFDEEE77A17EE89
:10C56C00903AFFF777BAF7EE006ADFED3D7AFEF707
:10C57C008ABAFFEE007ADFED426AF4EEC77AF1EE8A
:10C58C0010FA77FE877A67EEA67AFDEEE77A17EE59
:10C59C00903AFEF79AB9DFED337AFEF7DDB9002356
:10C5AC00FCF71FBF304B0022DA61FCF703BC002301
:10C5BC00FEF73DBF2D4B0022DA61FCF7FBBB9FED74
:10C5CC002C7AFEF788BADFED2B7AFEF737BA002308
:10C5DC00FEF792BF284BFCF7ECBB0023FCF7C9BB62
:10C5EC000023FDF7C4BC0023FDF727BD234B00221D
:10C5FC00DA61FCF7DFBBFFEE007A9FED216AF4EE07
:10C60C00C77AF1EE10FA77FE877A67EE867AFDEE3E
:10C61C00E77A17EE901AFFF7DBB9FFEE006ADFED51
:10C62C00185AF4EEC66AF1EE10FA76FE866A66EED9
:10C63C00A56AFDEEE66A16EE901AFEF790BB0E4B5D
:10C64C00FDF73CBB0000FF7FDC1F022000B76D5BD9
:10C65C00DE571700DF571700A41F0220CBD700208E
:10C66C00000000800AD7A33BA4E80120083F042067
:10C67C0000000000CDCC4C3D0180FFFF284404207D
:10C68C0000FEFF4E0023FDF7F9BAFFEE007A5FEDD6
:10C69C00046AF4EEC77AF1EE10FA77FE877A67EE49
:10C6AC00A67AFDEEE77A17EE903AFDF7CAB9FFEEDF
:10C6BC00006A5FED0D5AF4EEC66AF1EE10FA76FEE2
:10C6CC00866A66EEA56AFDEEE66A16EE901AFEF72D
:10C6DC00BBBAFFEE007A1FED166AF4EEC77AF1EEE4
:10C6EC0010FA77FE877A67EE867AFDEEE77A17EE18
:10C6FC00901AFEF7A2B8BF4B0022DA61FCF75ABBC6
:10C70C004FF0000C1946C2F830C051F8042B81428E
:10C71C00C2F830C03CF44EAB5A680833F2E74FF025
:10C72C00000C9A421846C1F820C03CF443AB50F8B8
:10C73C00041B8242C1F820C03CF43CAB596808335E
:10C74C00EFE74FF0000C1846C1F830C050F8041B4E
:10C75C009042C1F830C03CF42DAB59680833F2E775
:10C76C004FF0000C9A421846C1F82CC03CF422AB96
:10C77C0050F8041B9042C1F82CC03CF41BAB596818
:10C78C000833EFE74FF0000C9A421846C1F82CC062
:10C79C003CF410AB50F8041B9042C1F82CC03CF494
:10C7AC0009AB59680833EFE74FF0000C1846C1F895
:10C7BC0030C050F8041B8242C1F830C03CF4FAAAD5
:10C7CC0059680833F2E74FF0000C9A421846C1F84A
:10C7DC002CC03CF4EFAA50F8041B8242C1F82CC0C8
:10C7EC003CF4E8AA59680833EFE74FF0000C9A4282
:10C7FC001846C1F824C03CF4DDAA50F8041B824250
:10C80C00C1F824C03CF4D6AA59680833EFE74FF0BE
:10C81C00000C1946C2F830C051F8042B8842C2F8FB
:10C82C0030C03CF4C7AA5A680833F2E74FF0000C4A
:10C83C009A421846C1F820C03CF4BCAA50F8041B1C
:10C84C008242C1F820C03CF4B5AA59680833EFE71E
:10C85C004FF0000C9A421846C1F82CC03CF4AAAA1E
:10C86C0050F8041B8242C1F82CC03CF4A3AA5968AE
:10C87C000833EFE74FF0000C1846C1F830C050F801
:10C88C00041B9042C1F830C03CF494AA5968083398
:10C89C00F2E75A1E00F08980023B7FF4A7AC07EE4A
:10C8AC00903A554BFDF76ABA8EFB024ED217C2EB8B
:10C8BC00EE22FEF7E8B98EFB024ED217C2EBEE2247
:10C8CC00FEF76CBADFF844C18CFB02ECD217C2EB5A
:10C8DC00EC22FFF7DCB8DFF834C18CFB02ECD2178A
:10C8EC00C2EBEC22FEF70EB88EFB034EDB17C3EB4C
:10C8FC00EE23FFF78CB88EFB034EDB17C3EBEE2356
:10C90C00FDF7BABF0023037662B6FFF78AB800239F
:10C91C00037662B6FDF7BABF0023037662B6FCF766
:10C92C0049BA00230B7662B6FCF744BA00220276B1
:10C93C0062B6FEF73DBA0022027662B6FEF7ADB9DA
:10C94C0000228E4694464EF8203F40FA02F3DD0753
:10C95C0007D55EF822307F33DB0901339C4538BFA5
:10C96C009C460132082AF0D1A1F81EC0FCF722BA6D
:10C97C0000228E4694464EF8203F40FA02F3DB0725
:10C98C0007D55EF822307F33DB0901339C4538BF75
:10C99C009C460132082AF0D1A1F81EC0FCF70ABA55
:10C9AC00164AC2ED077AFCF705BA07EE902A18E48E
:10C9BC00104AC2ED077AFCF7FDB9114AC2ED077AAD
:10C9CC00FCF7F8B90F4AC2ED077AFCF7F3B900226D
:10C9DC00114601E00C48077002F1190002321831BF
:10C9EC0002330C2A03F8010C03F8021C1146F1D196
:10C9FC00FCF7E0B9704204200180FFFF28440420BA
:10CA0C00083F0420A4E801208BBD0420E5DBE2767E
:10CA1C0082680023B0B50D4602F1080100AF013267
:10CA2C0021F00701ADEB010D694613F041F80B49FC
:10CA3C0068461DF05DF978B1023D00241BF0D6FE6E
:10CA4C0003460649002025F8023F01341DF050F939
:10CA5C0010B1B4F5887FF1D1BD46B0BD548D002026
:10CA6C002DE9F043AB4C93B08146AB4FAB4E04F188
:10CA7C001008AB4D54F8040B06F038FA57F8040BB9
:10CA8C0006F034FA56F8040B06F030FA55F8040B9D
:10CA9C0006F02CFAA045EDD1A2490120A24A0023B0
:10CAAC0008700DA852F82920A049FAF7A1FB119C97
:10CABC00002C65D0236820461B6B984700284FD06C
:10CACC009B4905A8002608AD12F0E0FE0CE08DF89D
:10CADC00206023689B689847002800F018819DF817
:10CAEC00201005A812F0D4FF236820461B69984734
:10CAFC000346012229462046002BE8D105A92846E9
:10CB0C0012F0EAFE8B492846FFF782FF284612F006
:10CB1C0007FF0F21884816F011F9236820465B6B3C
:10CB2C009847064628B11DF07BFB0146304616F0AF
:10CB3C0005F9824812F050FC23682046DB6A9847BE
:10CB4C006368013B63603BB923682046DB6A984706
:10CB5C00236820465B68984705A812F0E1FE1CE0AC
:10CB6C0023682046DB6A98476368013B63603BB9E6
:10CB7C0023682046DB6A9847236820465B68984701
:10CB8C0022216F4816F0DAF8B9F10B0F00F2B880D9
:10CB9C0008AD0121484600F003F96A49654C91F94A
:10CBAC000000694B34F9100093F90030674A00EE2D
:10CBBC00900A674934F91300F8EEE00A92F9002064
:10CBCC0091F9001034F9122000900020DFF8CC818C
:10CBDC00604F614E09909FED610A6148CDF820804D
:10CBEC000B970A96CDE9015323460DF065FB0A9B82
:10CBFC001BB103222946284698475A4B5A4993F9A8
:10CC0C00003091F9001034F91320584B9FED530A62
:10CC1C0093F90030CDF8208034F9133000EE903ABF
:10CC2C00534B93F90030F8EEE00A34F913000293F9
:10CC3C000023CDE9000509934E483E4BCDE90A6728
:10CC4C000DF03AFB0A9B1BB1032229462846984754
:10CC5C00494A4A4992F9002091F9001034F91220FE
:10CC6C0034F9111000EE102A454A324B92F900208B
:10CC7C00B8EEC00A434834F91220CDF82080CDE933
:10CC8C000A67414E96F9006034F9166000EE906A1E
:10CC9C003E4E96F90060F8EEE00A34F916408DE845
:10CCAC007000002409940DF007FB0A9B1BB10322B2
:10CCBC002946284698470E2135481E4D012416F06A
:10CCCC003DF81E4812F088FB2046013435F9021F4E
:10CCDC00FBF71AFFB4F5887FF6D10021084600F067
:10CCEC0087F91F480DF018FC22480DF015FC25485B
:10CCFC000DF012FC274B00221A7013B0BDE8F08324
:10CD0C004A4625490D4808AD12F080FB45E7FF2146
:10CD1C00E7E600BF68A9002058A9002038A9002028
:10CD2C0048A90020A5BD042038BB002050280420B1
:10CD3C005492002078A90020588D002030AC00209F
:10CD4C00688D0020C3D70020C4D70020C2D7002094
:10CD5C00C6D70020352F0000F53200000000C84275
:10CD6C005CE70120CDD70020D1D70020CED7002002
:10CD7C00CFD70020B8260220D7D70020D6D7002046
:10CD8C00D3D7002088260420D4D70020D5D7002064
:10CD9C00BC8D002088BD04208C8D002069520000C1
:10CDAC002DE9F04105468CB003200E460021DFF83A
:10CDBC003C8213F007F94FF0E02340227D487E4C73
:10CDCC0088F80050C3F88821437954F825202BB1FA
:10CDDC00114608300CF0F8F954F825200123754958
:10CDEC0007A8FAF705FA002E00F093801821734873
:10CDFC0015F0A4FF724812F0EFFA54F8254034B144
:10CE0C0020461DF00DFA0146204615F097FF05EB64
:10CE1C0005156B486B4F12F0DFFA6B4901A812F045
:10CE2C0035FD0A2298F9001007EB451704A812F0FB
:10CE3C00B7FD04A901A8BD1C12F016FE07F21E27AF
:10CE4C0004A812F06DFD614901A812F011FE0A222E
:10CE5C0035F9021F04A812F0A3FD04A901A812F0D1
:10CE6C0003FE04A812F05CFD584901A812F000FE64
:10CE7C00AF42ECD101A907A812F07CFA07A812F076
:10CE8C00ABFA01A812F04CFD0E21514815F056FFDB
:10CE9C000B98002800F0858003685B6B984704466C
:10CEAC0028B11DF0BDF90146204615F047FF444856
:10CEBC0012F092FA0B9850B10368DB6A98470B9802
:10CECC004368013B4360002B61D000230B9398F91E
:10CEDC0000000B2868D8FFF7C3FD4FF0E023402279
:10CEEC0003200121C3F8082113F06CF8394B0B987F
:10CEFC00079358B14368013B43603BB90368DB6A55
:10CF0C0098470B9810B103685B6898470CB0BDE864
:10CF1C00F081314C1721314804F5087515F00EFFDE
:10CF2C00274812F059FA34F9021F254812F048FA32
:10CF3C00234812F051FAA542F5D1234901A812F069
:10CF4C00A5FC0A2298F9001004A812F029FD04A9E6
:10CF5C0001A8234F12F088FD04A812F0E1FC1B4934
:10CF6C0001A812F085FD0A2237F9021F04A812F05D
:10CF7C0017FD04A901A812F077FD04A812F0D0FC4B
:10CF8C00124901A812F074FDAF42ECD172E70368AC
:10CF9C00DB6A98470B98002897D003685B68984722
:10CFAC0093E701460F4C7FE702460F49044812F005
:10CFBC002DFA92E75028042038BB0020CC8D00209D
:10CFCC0030AC002028BC0020508D0020548D002057
:10CFDC00008E00201498002076A90020E88D0020F7
:10CFEC007AA90020549200208C8D002087BD04204B
:10CFFC0010B50C46ADF5087D032872D8DFE800F0BB
:10D00C004D321B0210213D4815F098FE00230A22D8
:10D01C0021463B4812F008FA394812F0DDF9394B39
:10D02C000B2C1C7060D8012120460DF5087DBDE845
:10D03C001040FFF7B5BE1021304815F07FFE0023DD
:10D04C000A2221462E4812F0EFF92D4812F0C4F9AD
:10D05C000B2C49D8002120460DF5087DBDE8104069
:10D06C00FFF79EBE0D21284815F068FE244812F0EB
:10D07C00B3F90021032012F0A5FF244822F0C8FECA
:10D08C000020204B1870FFF7EBFC012103200DF55D
:10D09C00087DBDE8104012F095BF12211C4815F018
:10D0AC004DFE174812F098F91A4C6A4634F9023FB3
:10D0BC000232584203F07F0100F07F0058BF41421A
:10D0CC00002BB8BF7F3302F8021CDB1102F8013CC5
:10D0DC0088AB9A42EAD100224FF40871684615F0E9
:10D0EC000BF80DF5087D10BD22460B4904480DF5D3
:10D0FC00087DBDE8104012F089B900BF348E0020C5
:10D10C0030AC002087BD0420248E00205028042041
:10D11C00108E002076A900208C8D0020884B10B535
:10D12C001B788EB0F02B33D0FA2B2BD0FC2B49D1A3
:10D13C00844B1B78002B29D0834B844A1B68844971
:10D14C00844893420291049000F2A88003EB4302BE
:10D15C0004ACD200013A102A0FD90AA8089104A9EC
:10D16C000192F9F703FB08A9019A7B4811F0E6FF3D
:10D17C00089B0AA8DB6898470299CB682046984719
:10D18C000EB010BD6F4B1B78002B73D10EB010BDC1
:10D19C00724A734B12781B7843EA0223062BF5D1A3
:10D1AC00704A01207049937808708020517813FBE5
:10D1BC000013002B75D11179D0780EB0BDE810405A
:10D1CC00FFF716BFF82BE1D15E4B1B78002BDDD09F
:10D1DC00664A674C92ED006A8DED016A12F0C8FE4A
:10D1EC006449B2EE047A644BF2EE066A0A689DED6D
:10D1FC00016A801A5D4AB3FBF0F307EE903AF8EE41
:10D20C00E77AE6EE077A87EEA67A82ED007A12F0DC
:10D21C00AFFE5A4B554A93ED006A92ED007ADFED62
:10D22C00587A37EE077ADFED576A26EE276A2268BE
:10D23C005049C6EE877A0132534B0860182A42498E
:10D24C002260C6EE076ABCEEE67AF8EE476A83ED1A
:10D25C00007A77EEE67AFCEEE77A17EE903AC1EDBB
:10D26C00007A43D0122A91DD3B480EB0BDE8104045
:10D27C0011F0E8BF00233E4A444913600B70FAF7E3
:10D28C004FFF0E21424815F059FD424812F0A4F808
:10D29C0031480EB0BDE8104011F0D4BF3E4B04AC89
:10D2AC006CE71F213D48019315F048FD0199394861
:10D2BC0012F086F82B4A802339481179D27811FB69
:10D2CC0003240C2115F03AFD3248214612F078F86F
:10D2DC00304812F081F8019B324A2146184622F858
:10D2EC0013400EB0BDE81040FBF70EBC174A1849AE
:10D2FC0018489342029104901FD803EB430204ACEC
:10D30C00D200013A102A0FD90AA8089104A9019257
:10D31C00F9F72CFA08A9019A0F4811F00FFF089B96
:10D32C000AA8DB6898470299CB6820469847FAF719
:10D33C00F7FE00230E4A136028E7174B04ACF4E702
:10D34C00B5BD042099BD0420303E0420AAAAAA0A27
:10D35C005099002081480000C0D60020B4BD0420A4
:10D36C00B3BD0420A8470420A0BD0420BCD60020D7
:10D37C0084260420D8270220A0252600D0D6002001
:10D38C00C0E1644CC0E1E44CE027022098BD0420CD
:10D39C00788E002030AC0020DD2E0000488E00205E
:10D3AC00688E002078A900202DE9F84328480CF05D
:10D3BC0021FD044626480CF037FD264B012C187035
:10D3CC0007D9254B93F90030013302D0234B0122AE
:10D3DC001A70234C0125234BDFF8A08004F1FC07C5
:10D3EC001E4E187003E00C340135A7422ED0204697
:10D3FC000CF000FD0128F6D998F80030002BF2D182
:10D40C004FF001090F21184886F8009015F096FC92
:10D41C002946164811F0D4FF144811F0DDFF0E4BCD
:10D42C0093F900200132DED1691E1148114AA0FB8C
:10D43C00010121FA09F119700F4B1B78002BD2D185
:10D44C000C34013582F80090A742D0D1BDE8F883A6
:10D45C0054E601209CBD0420C7D700207FBD0420CA
:10D46C0060E601209BBD0420888E002030AC00209B
:10D47C00ABAAAAAAA5BD042086BD04208EBD04209B
:10D48C002DE9F04FB14F0024B14AB249B248B14D29
:10D49C00DFF8BCB2B14EDFF8FCA2DFF8FC92DFF88B
:10D4AC00FC822DED028B85B0DFEDAD8A0CF02CFEED
:10D4BC00009724E0012840D1AA4B93F88121002A3F
:10D4CC0055D0A84902EB4202B0EE680A337801EB62
:10D4DC008202E1B250680268126A17460022B8470D
:10D4EC00009B01340C35013601330C2C0AF1040A73
:10D4FC0009F1040908F10408009300F0848028461F
:10D50C000CF078FC0228BBEC018AD3D1954BE0B22D
:10D51C0093F881213378002A7AD0014602EB42023B
:10D52C009048B0EE480A00EB820250680122D0F815
:10D53C0000C0DCF82070B847D2E728460CF074FC29
:10D54C000028CDD0874A92F88131002BC8D003EB4C
:10D55C004303B0EE480AE1B202EB830301225868A0
:10D56C003378D0F800C0DCF82070B847B8E74FF03B
:10D57C00E0224023DAF80000C2F8883105F0B6FC4E
:10D58C00D9F8000005F0B2FCD8F8000005F0AEFCAC
:10D59C0040234FF0E022C2F80831009B1B78002B8F
:10D5AC009ED0714A12780F2A16D81B0448F2080034
:10D5BC0003F4FE0343EA02136C4A1278120602F0DB
:10D5CC00FE4213436A4A1278013A120202F4706264
:10D5DC001343184314F030FD14F036FD6549664AC8
:10D5EC00664B48681268009FA3FB0232930C644A96
:10D5FC00126803FB02F24B681B1A9A42FBD80023F9
:10D60C0000973B706CE705B0BDEC028BBDE8F08F6A
:10D61C001946FAF759FF4FF0E02240235948C2F857
:10D62C00883105F03BFC584805F038FCD8F8000070
:10D63C0005F034FCDAF8000005F030FCD9F80000F5
:10D64C0005F02CFC40234FF0E022C2F80831009B7F
:10D65C001B78002B46D1444B494A0293464B01930D
:10D66C00029B18780F283AD80292484A337892F8DD
:10D67C0000C047496344039209781B04090603F46C
:10D68C00FE0301F0FE4143EA001349F209000B438B
:10D69C00374909780139090201F470610B431843C9
:10D6AC0014F0CAFC029A029214F0CEFC029A314990
:10D6BC001368019ADFF8C4C048681268009FACFB7D
:10D6CC0002C2920C03FB02F24B681B1A9A42FBD863
:10D6DC00039B00971A78337813443B7000E72B4B6D
:10D6EC000393E0E7204A029212780F2A16D81B0403
:10D6FC0048F2080003F4FE0343EA02131B4A1278B3
:10D70C00120602F0FE421343194A1278013A120231
:10D71C0002F470621343184314F08EFC14F094FC62
:10D72C00154F1449154B4868D7F800C0144AA3FB91
:10D73C000C3C13684FEA9C4C0197009F03FB0CFCBC
:10D74C004B681B1A9C45FBD8009789E7A027022041
:10D75C008CE1002028260220FC2602209CEE0120D1
:10D76C0000000000CC260420CCD70020D0D700200D
:10D77C00CAD70020001000E02CAC002083DE1B4335
:10D78C0048D60020DC1F0220A41F022091BD0420DB
:10D79C00C9D7002098AB0020F8AB0020C8AB002004
:10D7AC0028B921B992B11C4B1C4A1A607047012947
:10D7BC0014D098B132B91A4B1B785BB9194A164B75
:10D7CC001A607047144B184A1A607047174BFF22A7
:10D7DC001A707047164A104B1A60704701280CD00B
:10D7EC0059B132B90E4B1B780BB1124AE7E7124A0A
:10D7FC00E5E7094B114A1A60704720B159B11AB1CB
:10D80C00054B0F4A1A607047054B1B780BB10D4A3C
:10D81C00D5E70D4AD3E7704724BC0020C8D60020BA
:10D82C007EBD042040D6002030D60020C7D7002073
:10D83C0038D6002054D600205CD600204CD60020D0
:10D84C0030BB0020C8D50020BCD500202DE9F04706
:10D85C000023104C104E04F1FC081D460F4FDFF84E
:10D86C004090DFF840A0337020460C340CF0DCFA0A
:10D87C00A7FB0523013548B199F90020590801206F
:10D88C00B2EB530F02D030708AF800104445EBD144
:10D89C00BDE8F08760E601209DBD0420ABAAAAAAD2
:10D8AC00C7D700209EBD04202DE9F8431D4A002453
:10D8BC001D4E1E4B92F80080B1461F78751EE0B2CB
:10D8CC0001343A464146FBF799F8072C05F8010F4D
:10D8DC00F5D1174B1B780BB9BDE8F883142115480B
:10D8EC0015F02CFA144811F077FD144B1B7883B902
:10D8FC00134B1B786BB9134B1C7854B94B46E0B2E5
:10D90C00013413F8011B9946F9F724FF042CF5D1C7
:10D91C00E2E796E803000C4B0A0C186099809A71A8
:10D92C00BDE8F8839DBD042094EE01209BBD04202E
:10D93C007FBD0420988E002030AC002099BD0420BF
:10D94C00A5BD0420D8D700208CEE01202DE9F8438A
:10D95C00364C04F120052046083411F073FCAC421F
:10D96C00F9D1334C4FF0E0234022324DDFF8EC80FC
:10D97C0004F11009304F314EC3F8882154F8040BD0
:10D98C0005F0C8FA90B94C4505F1010508F10408F9
:10D99C0007F1040706F10406F0D14FF0E023402212
:10D9AC00C3F80821BDE8F84314F04EBBD8F80000CA
:10D9BC0005F09CFA386805F099FA54F8040C05F057
:10D9CC0095FA306805F092FA2B78002BDBD01C4AC4
:10D9DC0012780F2A16D81B0448F2080003F4FE0331
:10D9EC0043EA0213174A1278120602F0FE4213435E
:10D9FC00154A1278013A120202F47062134318436A
:10DA0C0014F01AFB11481249124AD0F800C0124BFC
:10DA1C0048681268A3FB0232920C0CFB02F24B68B2
:10DA2C001B1A9A42FBD800232B70ACE784D600203B
:10DA3C0038A90020A4E7012058A9002048A90020FB
:10DA4C0083BD0420C5D70020C0D7002048D60020B5
:10DA5C00001000E02CAC002083DE1B4368A90020E2
:10DA6C002DE9F04F454F83B0454C3A46454EDFF813
:10DA7C00349104F11003DFF830810027424DDFF8B8
:10DA8C002CB1DFF82CA154F8040BDBF80010091AA8
:10DA9C00BAF80000884210D39C4206F1010609F145
:10DAAC00040908F1040805F1040502F10402EAD1A5
:10DABC00002F5DD103B0BDE8F08F2868009205F00F
:10DACC0029FA324B009A0028E6D00190D9F80000D0
:10DADC0005F00CFAD8F8000005F008FA286805F0F3
:10DAEC0005FA009A106805F001FA3078009A274B75
:10DAFC0001990028D0D0264F3F780F2F1BD8000457
:10DB0C0000F4FE0040EA0710224F3F783F0607F072
:10DB1C00FE473843204F3F78013F3F0207F47067C0
:10DB2C00074348F208003843CDE9001214F084FA98
:10DB3C00164BDDE90012DFF87CC0184FDCF8000052
:10DB4C00DFF874E000901648D0F804C03868009FE5
:10DB5C00AEFB00E0800C07FB00F0114FD7F804E09F
:10DB6C00AEEB0C0E7045F8D80F460021317093E7E0
:10DB7C0003B0BDE8F04F14F067BA00BF48A900200D
:10DB8C001C290420A4E7012038A900202C290420FA
:10DB9C0083BD0420C5D70020C0D700202CAC0020AA
:10DBAC00001000E068A9002058A90020504604206D
:10DBBC00BCD7002048D6002083DE1B432DE9F04162
:10DBCC00214D84B00024002200234FF0010805F100
:10DBDC00FC071E4E0294CDE9002328460C350CF0B0
:10DBEC0023F9A6FB0832044322F00103E4B258B136
:10DBFC0003EB520304AAA8EB030302EB830353F8D1
:10DC0C00102C013243F8102CBD4208F10108E4D16C
:10DC1C00009B022B02DC019B022B09DD0C49FF202F
:10DC2C000C4B012208701A7034B104B0BDE8F081BD
:10DC3C00029B022BF8DDF1E7064B1C7004B0BDE82B
:10DC4C00F041FFF783BE00BF60E60120ABAAAAAA91
:10DC5C00C7D700208EBD042010B5AE488EB00CF096
:10DC6C00C9F8022840D00128034601D00EB010BDDF
:10DC7C00A9494FF0000CA948A94A0978126880F804
:10DC8C0000C00029F2D1DFF8B0C2A648DCF800C011
:10DC9C000078A2EB0C02B2F5167F80F0BC80002855
:10DCAC00E4D1A1490C2000930A780C4682F00102C1
:10DCBC00002A0A7014BFFF21002112F033FC9B4A8A
:10DCCC00217892F8810100EB400002EB8002506851
:10DCDC000268926A9047964A009B92F900200132A2
:10DCEC00C4D1944A1370C1E78C4A4FF0010C8C4B91
:10DCFC0082F800C04FF0000C874A8A4882F800C0B6
:10DD0C00D3F800C08C4A8D49C2F800C000781A685C
:10DD1C001B68D1F800C00B600028A7D0A2EB0C0246
:10DD2C0040F60E13A2F1B50199429FD807EE902A46
:10DD3C00DFED835A9FED835AF3EE0E6AF8EEE77A25
:10DD4C00814B9FED826A85EEA77AD3ED005A67EE80
:10DD5C00057AE5EE867AF4EEE67AF1EE10FA51D514
:10DD6C0017217B48C3ED006A14F0E8FF764B0221C3
:10DD7C00784893ED000AB7EEC00A11F065FB7548C0
:10DD8C0011F02AFB744A704BDFED747A93ED007A34
:10DD9C0092ED006A37EE077ADFED716A26EE276A9C
:10DDAC00704A714BC6EE877A70491278C6EE076AD4
:10DDBC00BCEEE67AF8EE476A83ED007A77EEE67A07
:10DDCC00FCEEE77A17EE903AC1ED007A002A3FF4A8
:10DDDC004DAF674917EE100A664A0978002918BF3B
:10DDEC00034693423FF642AF03EB4303DB00013B98
:10DDFC00102B7FF63BAF604A1268002A3FF436AF17
:10DE0C00136033E7DFED5D6AF4EEE67AF1EE10FABB
:10DE1C0076FEA76AA4E780F00100424C424B2070CA
:10DE2C000C201970009112F07DFB404B009993F877
:10DE3C00812102EB420203EB8203586803689B6A60
:10DE4C0098472378002B00F0A9804B4AFE204C4BBE
:10DE5C000099D2F800C019701071BCF1000F14D0E9
:10DE6C00484B494A634449491B11D05413785078A4
:10DE7C00834228BF03469078D278834228BF03465A
:10DE8C00934228BF134681F87A30384B394A1B68C5
:10DE9C003F49404893420291049000F2898003EB81
:10DEAC004303DA0004AB013A102A11D90AA80891ED
:10DEBC00194600930192F8F759FC08A9019A2E48CB
:10DECC0011F03CF9089A0AA8D26890470299009B75
:10DEDC00CA6818469047244B264A01201B682149E2
:10DEEC009342087009D803EB4303DB00013B102B72
:10DEFC0003D9214A126802B113601D4B0122132170
:10DF0C0025481A7014F01AFF12480EB0BDE81040E4
:10DF1C0011F062BAAC2702208DBD04208CBD042008
:10DF2C005046042099BD042086BD0420CC26042034
:10DF3C00C7D70020A5BD0420BCE10020C0E1002013
:10DF4C0000606A479A99193FBCD60020CDCCCC3ED4
:10DF5C00B08E002030AC0020D0D60020C0E1644C44
:10DF6C00C0E1E44C9ABD0420E0270220303E04209E
:10DF7C00C8D70020AAAAAA0AC0D60020000096433F
:10DF8C0098BD042000BFF7BF14B0002000E400E0EF
:10DF9C005099002081480000C88E0020064800934C
:10DFAC0011F050F9054A1421009B05481370A9E79C
:10DFBC00044A04AB8DE700BFC0D600209ABD0420F4
:10DFCC00DC8E0020DD2E000070B5AA4C82B0AA4871
:10DFDC0094F900500BF00EFF0646A8480BF00AFF10
:10DFEC0094F900203043C0B2012840F28480A44B45
:10DFFC00197829B9A34B1B7813B10B2A40F35A811A
:10E00C00A14B1B78002B63D00F2ACCBF103A0022F7
:10E01C00012E8CBF01320F3202F00F0210329542EA
:10E02C00227066D0A2F10B04984E103AE4B296F826
:10E03C00801155B2A14220D996F8812194421CD06E
:10E04C0002EB420206EB82025068026812699047AA
:10E05C0086F8814104EB440206EB8202D2E901010D
:10E06C0002685269904796F8812102EB420206EB56
:10E07C00820250680268D26890470821844814F0E4
:10E08C005DFE96F8812102EB420256F8224034B133
:10E09C0020461CF0C5F80146204614F04FFE7D4882
:10E0AC0011F09AF907EE905AB1EE047A9FED7A0AC4
:10E0BC00F8EEE77A794BF7EE000A93ED001AA7EE2B
:10E0CC00870A30EEC11A02B0BDE87040F9F780B98A
:10E0DC000F2A23DC012E40F2C3800132534202F09E
:10E0EC000F0203F00F0358BF5A4252B295422270EE
:10E0FC0005D102B070BD9542FBD00F2A92DC0B2AE1
:10E10C003EDC0B2D13DC94F900200B2A104600F298
:10E11C008E8002B0BDE87040FEF7A2BC012E40F22A
:10E12C008D80012085422070E3D00B2DF1DD574D01
:10E13C0095F88031E3B195F88131CBB103EB430312
:10E14C0005EB8303586803681B69984768680023CC
:10E15C00A96885F8813103685B69984795F8813126
:10E16C0003EB430305EB830568680368DB6898479A
:10E17C000D214B4814F0E2FD464811F02DF9C2E791
:10E18C00A2F10C04474B484D64B201922868195D0A
:10E19C00F6F752FE019A3D4E0B3A96F88011D2B228
:10E1AC00914222D996F8811191421ED001EB410186
:10E1BC00019206EB81014868016809698847019A58
:10E1CC0002EB420186F8812106EB8102D2E90101C2
:10E1DC0002685269904796F8812102EB420206EBE5
:10E1EC00820358680368DB6898470821284814F0B4
:10E1FC00A5FD2E4B53F8244034B120461CF010F8EA
:10E20C000146204614F09AFD224811F0E5F82868E2
:10E21C0003689B6C9847214BF7EE000A93ED001AAC
:10E22C0030EEC11A02B0BDE87040F9F7D1B8204900
:10E23C00184802B0BDE8704011F0E8B80F239D42B9
:10E24C0023703FF456AF184D0321104E2868F6F793
:10E25C00F3FD96F88021042A3AD903240422A1E77D
:10E26C000F32534202F00F0203F00F0358BF5A4211
:10E27C003BE700BF87BD042038470420481A022022
:10E28C00A0BD042088BD04209CBD0420CC26042005
:10E29C00F48E002030AC002000002A43DC27022042
:10E2AC00008F0020EC980020AC3D0420DC9800206E
:10E2BC008C8D002005D81046FEF772FD94F90020D5
:10E2CC009EE60649064811F0A1F894F9002097E65D
:10E2DC0008210448044C14F031FD8EE78C8D00208D
:10E2EC0030AC0020F48E0020BC8F00200000000019
:10E2FC0000B52D482DED028B83B00BF07BFD012872
:10E30C0008D0022831D0294B1B782BB903B0BDECB7
:10E31C00028B00BD254B1870254B264A93ED000A45
:10E32C0092ED008A17F0A4F9B7EEC07AF7EE000A66
:10E33C00B0EE480A9FED166B9FED171BA7EE061B60
:10E34C00B7EEC11BF9F744F8194B93ED007A9FED2A
:10E35C00146BB7EEC77A37EE067BB7EEC77B83ED4F
:10E36C00007A03B0BDEC028B00BD134AF7EE000A35
:10E37C00104992ED001A00220C4B30EEC11A91EDAF
:10E38C00000A1A700193F9F723F8019BBCE700BF50
:10E39C009A9999999999D93F333333333333E33F6E
:10E3AC007B14AE47E17A743F60E1002090BD0420FD
:10E3BC0020BC002004E60120DC27022030B57E4D75
:10E3CC008FB07E4C2B7823B923782BB17C4B1B78E8
:10E3DC0013B17C4B1B781BB1002323700FB030BDE5
:10E3EC001621794814F0AAFC784810F0F5FF78490A
:10E3FC004FF0FD0C774801F1200E0B68083101F845
:10E40C0004CCB3B103F1BF2303F577031B1100F860
:10E41C0003C003784278934228BF13468278934214
:10E42C0028BF1346C278934228BF13466A4A82F823
:10E43C007A308E45E1D1694A4FF47A71684B126893
:10E44C00029301FB02F267490A328A4200F2B18060
:10E45C0002EB420208A95E48D2000893013A10F080
:10E46C006DFE089B0AA8DB689847029BDB6804A832
:10E47C0098475D4B0293594B18684FF47A7300FB25
:10E48C0003F30193594B1A68594B0A3218680092DE
:10E49C0011F0C4F9DDE9002313441844514B9842A0
:10E4AC0015D800EB4002D200013A102A0FD9029B7A
:10E4BC0004A90AA8009208935B689847009A08A9D7
:10E4CC004C4810F03BFE089B0AA8DB689847029B5F
:10E4DC0004A8DB689847454B1B685B0003F10A02F4
:10E4EC00454B02933D4B019218684FF47A7300FB35
:10E4FC0003F300933E4B186811F090F9DDE90032FC
:10E50C0013441844374B984215D800EB4002D20004
:10E51C00013A102A0FD9029B04A90AA80092089369
:10E52C005B689847009A08A9344810F007FE089BCE
:10E53C000AA8DB689847029B04A8DB6898472B4B1A
:10E54C002B491A680868254B02EB42022C491B68C0
:10E55C000A3202914FF47A71019201FB03F300939A
:10E56C0011F05CF9DDE90032134418441D4B98425C
:10E57C0015D800EB4002D200013A102A0FD9029BA9
:10E58C0004A90AA8009208935B689847009A08A906
:10E59C001C4810F0D3FD089B0AA8DB689847029B27
:10E5AC0004A8DB68984700232B70002323700FB05E
:10E5BC0030BD154B5BE700BFA5BD04207FBD04201B
:10E5CC00D8D7002099BD0420108F002030AC00203B
:10E5DC0084D6002014B0002000E400E0A0E7012065
:10E5EC00C0990020AAAAAA0A9099002024D600203B
:10E5FC00B4D600208CD60020A099002094D6002000
:10E60C00B09900209CD60020192F00002DE9F04F66
:10E61C0000202DED048B87B013F052FE002840F043
:10E62C00F182D44C2378002B40F0E782D24B1A783D
:10E63C0022B1D2490022D1F884111A700B20DFF8D4
:10E64C00C08311F0E1FC011ECD4818BF01210BF075
:10E65C00BFFB092011F0D8FC011ECA4818BF0121CC
:10E66C000BF0B6FB082011F0CFFC011EC64818BFFA
:10E67C0001210BF0ADFB0A2011F0C6FC011EC348B2
:10E68C0018BF01210BF0A4FBC149C2480BF028FCB8
:10E69C00FFF72EFEFFF7E0FAFFF796FC98F8003034
:10E6AC00002B40F0A782BC4FB9480BF0BDFB3B7868
:10E6BC000546BA4C23B994F88131002B00F09F83A6
:10E6CC0010209FEDB78A11F019FA07EE900A11206D
:10E6DC00F8EEE77A78EE677AC7EE888A11F00EFAD0
:10E6EC0007EE900A1620F8EEE77A78EE677A87EE56
:10E6FC00889A11F003FA07EE900AAA4B39781A7827
:10E70C00F8EEE77AAA42A84A78EE677AC7EE889ABA
:10E71C0003D11078884200F07083A44EA448117085
:10E72C001D70C6ED008A86ED019AC6ED029A0BF0BB
:10E73C000BFEA0480BF008FE9F480BF005FED6ED33
:10E74C00007AF5EEC07AF1EE10FA00F1508278EE14
:10E75C00E77A9FED9A7AF0EEE77AF4EEC77AF1EE6B
:10E76C0010FACCBF4FF001094FF00009D6ED017A39
:10E77C0096ED027AF5EEC07AF1EE10FA0BD479EE42
:10E78C00677ADFED8E6AF0EEE77AF4EEE67AF1EE78
:10E79C0010FA40F39681B5EEC07AF1EE10FA00F162
:10E7AC00D98139EEC77ADFED857A3B78B0EEC77A3E
:10E7BC00B4EEE77AF1EE10FACCBF4FF0010A4FF04D
:10E7CC00000A002B00F0CC817D4B01221A70002D29
:10E7DC0040F04583B9F1000F40F0B783B0EE490A21
:10E7EC00784886ED019AF7F7C7FDBAF1000F40F0B3
:10E7FC006A83754D95F82030002B00F02B81D5EDF8
:10E80C00057A95ED069AD5ED079A95ED040AB6EEC4
:10E81C00006A95ED007A70EE476AF0EEE65AF4EE77
:10E82C00C65AF1EE10FA40F3CE829FED686A0123CE
:10E83C00A6EE867AB0EE470A95ED017A9FED646AF2
:10E84C0077EEC76A85ED000AF0EEE65AF4EEC65A8A
:10E85C00F1EE10FA06DDF0EE477A9FED5C6A0123CB
:10E86C00E6EE867AD5ED026A9FED596A79EE665A24
:10E87C0095ED037AC5ED017A79EEC77AF0EEE54AAB
:10E88C00B0EEE75AF4EEC64AF1EE10FA40F39D8270
:10E89C00DFED4E4AB4EEC65AE5EEA46AF1EE10FA7C
:10E8AC00C5ED026A40F3C382DFED486AA7EEA67A93
:10E8BC0085ED037A4FF0E02640274648C6F888716C
:10E8CC00F5F78EFA95ED010A4248F5F79FFA95EDAA
:10E8DC00020A4048F5F7B4FADFED3F7A95ED010AEC
:10E8EC003C4820EE270AF5F7C3FAD5ED036A9FEDF5
:10E8FC003B7A9FED3B6AF4EEC76ADFED3A7AC6F8D5
:10E90C000871E6EE867AC6F88871F1EE10FA00F31B
:10E91C004C829FED357A3549B4EEE67A344AF1EE05
:10E92C0010FAF5EEC07A37FE267AF0EE476AF1EE71
:10E93C0010FAFEEEC86AC1ED066AC2ED066A40F135
:10E94C0039829FED2C7A2C4BDFED2C7A03F5666225
:10E95C0092ED006A76EE676AE6EE877A72B6BDEEE5
:10E96C00007A03F66462F6EE006AC2ED007A27EED6
:10E97C00877A47E092BD0420A0BD042000002E4001
:10E98C00AC27022038470420481A022060E10020FE
:10E99C0054E6012048E601208CBD0420CC2604203E
:10E9AC0000C07F447ABD042078BD042078B80020D4
:10E9BC005CE70120B8260220882604208FC2753C13
:10E9CC008DBD0420B4250220602604200AD7A33D67
:10E9DC006F12833AB03C04209A99193E00FEFF4610
:10E9EC006666263F9A99993E00FEFFC63C3D042080
:10E9FC00743D042000000000E4170420CDCC4C3EF4
:10EA0C0099BD0420B64AC7EE067A77EEA67AC2ED17
:10EA1C00007A62B6B7EE007AD5ED037A77EE677AB4
:10EA2C0067EEA67AF5EEC07AF1EE10FA07D4F4EEA2
:10EA3C00C77AF1EE10FA77FE277A37EE677A72B65C
:10EA4C0003F6246383ED007A62B64FF0E023402294
:10EA5C00C3F80821A348F7F7C1FC002800F0D980BF
:10EA6C0098F80050002D00F0C0819F4B00279F4A62
:10EA7C001E1D13F8011B12F8010B814202D02F4608
:10EA8C0002F8011CB342F4D1002F40F0BE80984D27
:10EA9C00FEF78AFC95F90030002B80F2CE8094F8BA
:10EAAC0081313BB103EB430304EB830358680368E8
:10EABC00DB69984707B0BDEC048BBDE8F04FFEF75F
:10EACC00DFBCB5EEC07AF1EE10FA6AD439EEC77A33
:10EADC00B0EEC77AB4EEE67AF1EE10FA61DCB9F179
:10EAEC00000F3FF486AE3B789946002B00F03D8238
:10EAFC00804B01221A70002D00F04A824FF0000961
:10EB0C004FF0000ADFED7C7A28EEA86ADFED7B6A15
:10EB1C0068EEA77A9FED7A7A7A4BA6EE267A7A4D32
:10EB2C00FDEEE77AC6ED008A17EE902AA3F8E021F5
:10EB3C00012285ED047A85F82020B9F1000F40F010
:10EB4C009481BAF1000F3FF455AE95ED069AD5EDD0
:10EB5C00057A3AE03B784FF0010A002B7FF434AE93
:10EB6C0094F88131002B3FF444AEB9F1000F40F022
:10EB7C00C38194F88131B0EE490A2A46012103EB96
:10EB8C00430386ED019A04EB83035868002307685E
:10EB9C007F6AB847BAF1000F3FF42BAE94F881317D
:10EBAC004DE1B9F1000F40F0C4813B78002B00F02F
:10EBBC004181504B01221A70002D00F08481524D7E
:10EBCC00504B95ED069AD5ED057A9FED4B7AC6ED37
:10EBDC00029A29EE877AC5ED079ABDEEC77A17EE31
:10EBEC00102AA3F8E421012385F820300DE64FF01C
:10EBFC000109BBE5FEF734FF55E513F025FA0023B8
:10EC0C00237013E5FEF78AFA0BE538493548F7F718
:10EC1C00DBFA3E4B1B78002B7FF439AF98F80030B1
:10EC2C00002B7FF434AFFEF7C9FF314DFEF7BCFB70
:10EC3C0095F90030002BFFF632AF354A4FF0030741
:10EC4C00344E1370FEF702FE012395F9000010FB01
:10EC5C00073000EB400006EB80000BF0E5F80223D8
:10EC6C00804695F9000010FB073000EB400006EBE6
:10EC7C0080000BF0D9F8074695F90000013000EB45
:10EC8C00400000EB400006EB80000BF0CDF839465D
:10EC9C00024606464046FEF783FDFEF705FE1E4B78
:10ECAC001B780BB1F9F7E2FD94F88131002B00F0E1
:10ECBC00138148EA0701C9B200293BD1002E39D192
:10ECCC0016494FF0FF30164B08601E70154C164855
:10ECDC001649174B267006700E701E70EAE600BFC0
:10ECEC00082C0220B42502208CEE0120ACE200207E
:10ECFC00C7D700208DBD04200000C84200603845F5
:10ED0C000000484278A900206026042086BD04201B
:10ED1C008ABD042054E601207FBD042084B8002065
:10ED2C0075BD042076BD042077BD042079BD042078
:10ED3C007BBD04209B48DFF8CC9290F800E09A4809
:10ED4C0095F900C090F800A0D9F8000084459748C8
:10ED5C0000F0A780964A97490492DFF8ACB2964A25
:10ED6C00059103EB430380F80080059904EB8303C2
:10ED7C00167081F800A05868049904688F4A904B6B
:10ED8C000F701B781178C9F800C08BF800E08D4A21
:10ED9C00CDF80080CDE90176A469A04707B0BDECA1
:10EDAC00048BBDE8F04FFEF76BBB874B874A936132
:10EDBC00874A9361B7EE007AF4EEC77AF1EE10FA57
:10EDCC0037FE277ABFE5002336E5B4EEC65A85ED4B
:10EDDC00029AF1EE10FA3FF767ADC5ED039A002BDE
:10EDEC007FF468AD85F8203064E57A4B1B78002BF6
:10EDFC007FF44DAEFEF7E2FE17E7774E9FE4774EB9
:10EE0C00014677480BF0ACFA327803462946754830
:10EE1C00134333700BF0A4FA33782946184330703F
:10EE2C0071480BF09DFA33781843307048E4C5ED07
:10EE3C00039A3FE594F88131002B3FF4DAAC03EBF5
:10EE4C0043032A46B0EE690A022104EB8303C6EDA4
:10EE5C00029A586803685D6A0023A847C9E4B9F1AF
:10EE6C00000F7FF44FAE614D614B9FED627ADFED89
:10EE7C00627A29EE077A86ED019A69EE277A85ED9A
:10EE8C00069ABDEEC77AC5ED057A17EE102AA3F8DF
:10EE9C00E221012285F82020BAF1000F3FF4B3AC37
:10EEAC0093E60578424A4545049239D04149424A95
:10EEBC00DFF854B1059154E7B0EE680A4F48C6ED3F
:10EECC00008AF7F741FAB0EE690A4C48C6ED029A8F
:10EEDC00F7F76AFA454D8DE4FFF770FA07B0BDEC11
:10EEEC00048BBDE8F04FFEF7CBBA94F88131002BC0
:10EEFC003FF47FACCA46914603EB4303B0EE680A7D
:10EF0C002A46C6ED008A04EB830358680023016887
:10EF1C004F6A1946B847B9F1000F3FF43BAE28E6EB
:10EF2C001578254ABD4218D02249DFF8DCB005918E
:10EF3C0017E73A78002AD8D0314B01221A70002DED
:10EF4C00BAD0AA464FF00009DCE5B0EE680A2B48AF
:10EF5C00C6ED008AF7F7F8F940E41578DFF8A8B0A9
:10EF6C00B54209D013490591FBE694F88131002B89
:10EF7C003FF43FACCA46BFE79BF8001071450D4902
:10EF8C0005917FF4EEAE097851457FF4EAAE91E538
:10EF9C00B0EE680A1948C6ED008AF7F7D5F9134D9B
:10EFAC0028E400BF9DBD04209EBD042075BD042037
:10EFBC0076BD04207BBD042077BD04208ABD0420CF
:10EFCC009BBD042094EE01200000FF7F3C3D0420FB
:10EFDC00743D042086BD042078B8002088BD042030
:10EFEC005CE70120B8260220882604206026042035
:10EFFC0078A900200000C8421F856B3FB425022071
:10F00C008DBD042084B8002079BD042000B583B0E8
:10F01C00CC21019011F0FCF9019803B000BD00BFA8
:10F02C002DE9F047BD4884B0F8F796F8BC48F8F7DE
:10F03C002FF8BC48F7F75EFFBB48F7F75BFFBB4800
:10F04C00F8F78AF8BA48F8F723F8BA48F7F7F2FF56
:10F05C00B948F7F74FFFB948F7F74CFFB848F7F73F
:10F06C0049FFB848F8F778F8B748F7F743FFB748BF
:10F07C00F8F772F8B648F7F73DFFB648F7F73AFFDE
:10F08C00B548F8F769F8B548F7F734FFB448F7F71F
:10F09C0031FFB448F8F760F8B348F8F727F8B348ED
:10F0AC00F8F724F8B248F8F721F8B248F8F71EF848
:10F0BC00B148F8F71BF8B148F8F718F8B048F8F76A
:10F0CC0015F8B048F8F712F8AF48F8F70FF8AF4852
:10F0DC00F8F70CF8AE48F8F709F8AE48F8F706F868
:10F0EC00AD48F8F739F8AD48F7F7D2FFAC48F7F769
:10F0FC00CFFFAC48F7F7CCFFAB48F7F7C9FFAB48ED
:10F10C00F7F7C6FFAA48F7F7C3FFAA48F7F7C0FFFF
:10F11C00A948F7F7BDFFA948F7F7BAFFA848F7F7D2
:10F12C00B7FFA848F7F7B4FFA748F7F7B1FFA74810
:10F13C00F7F780FFA648F7F77DFFA648F7F77AFFA9
:10F14C00A548F7F777FFA548F7F7D4FEA448F7F7DB
:10F15C00D1FEA448F7F7CEFEA348F7F7CBFEA348A1
:10F16C00F7F7C8FEA248F7F7C5FEA248F7F7C2FEAC
:10F17C00A148F7F7BFFEA148F7F7BCFEA048F7F788
:10F18C00B9FEA048F7F7B6FE9F48F7F7B3FE9F48C5
:10F19C00F7F7B0FE9E48F7F7ADFE9E48F7F7AAFECC
:10F1AC009D48F7F7A7FE9D48F7F7A4FE9C48F7F794
:10F1BC00A1FE9C48F7F79EFE9B48F7F79BFE9B48E9
:10F1CC00F7F798FE9A48F7F795FE9A48F7F792FEEC
:10F1DC009948F7F78FFE9948F7F78CFE9848F7F7A0
:10F1EC0089FE9848F7F786FE9748F7F783FE97480D
:10F1FC00F7F780FE9648F7F77DFE9648F7F77AFE0C
:10F20C009548F7F777FE9548F7F774FE9448F7F7AB
:10F21C0071FE9448F7F76EFE9348F7F76BFE934830
:10F22C00F7F7BCFF9248F7F761FF9248F7F7B6FF84
:10F23C009148F7F75BFF9148F7F758FF9048F7F7BD
:10F24C0055FF9048F7F752FF8F48F7F74FFF8F485D
:10F25C00F7F71EFF8E48F7F7A1FF8E48F7F746FF2A
:10F26C008D48F7F743FF8D48F7F740FF8C48F7F7C9
:10F27C0095FF8C48F7F73AFF8B48F7F737FF8B4829
:10F28C00F7F734FF8A48F7F79DFE8A48F7F79AFE9E
:10F29C008948F7F797FE8948F7F794FE8848F7F7FF
:10F2AC0091FE8848F7F78EFE8748F7F78BFE874864
:10F2BC00F7F788FE8648F7F785FE8648F7F782FE53
:10F2CC008548F7F77FFE8548F7F77CFE8448F7F70B
:10F2DC00B1FE8448F7F7AEFE8348F7F7ABFE8348E0
:10F2EC00F7F708FE8248F7F7A5FE8248F7F7A2FE6B
:10F2FC008148F7F79FFE8148F7F7FCFD8048F7F748
:10F30C00F9FD8048F7F7F6FD7F48F7F793FE7F4845
:10F31C00F7F790FE7E48F7F78DFEFBE000440420E3
:10F32C0028440420A41F0220DC1F0220D4EC01205E
:10F33C00FCEC012008E10020EC7A0420746E04201F
:10F34C003C6E0420E0620420247B0420906F042097
:10F35C008C610420C4610420305604201455042010
:10F36C00DC5404208049042010950420E88D0420EE
:10F37C00A4980420CC9F04202C8304207C9104208E
:10F38C00548A0420389C042060A30420987F042015
:10F39C00F4A60420C0860420BC220220B8BB0420A2
:10F3AC0078B5042008B7042088AA0420C8B004202B
:10F3BC0058B20420E8B3042098B8042028BA0420DA
:10F3CC00A8AD042018AC042038AF0420AC6E042087
:10F3DC005C7B0420FC6104204C550420441B02205F
:10F3EC007C1B0220EC1B0220241C02205C1C022033
:10F3FC00641A0220B41B02200C1B0220CC1C02201D
:10F40C00D41A02209C1A0220941C0220C41E022032
:10F41C00341F02203C1D0220AC1D02208C1E022039
:10F42C00FC1E02206C1F02201C1E0220541E0220F7
:10F43C00741D0220041D0220E41D02200C22022057
:10F44C004C200220442202207C2202209C210220FB
:10F45C00D42102208420022064210220BC2002201E
:10F46C0014200220F42002202C21022040630420CE
:10F47C00886A0420F06F0420F46604203877042096
:10F48C0060630420A473042010700420A4E80120FD
:10F49C0090560420D85D0420445A0420B056042011
:10F4AC00E049042028510420004A0420944D0420F3
:10F4BC004C24022088240220E42202200025022071
:10F4CC00D42302203C25022010240220C424022034
:10F4DC00782502205C23022098230220202302207E
:10F4EC00C846042090460420004704201C6F0420CA
:10F4FC0008630420B86F0420585604206C62042062
:10F50C00BC5504200C490420A8490420584604206A
:10F51C00B0410420B148F7F78DFDB148F7F78AFDEB
:10F52C00B048F7F7B5FDB048F7F74CFDAF48F7F723
:10F53C0049FDAF48F7F746FDAE48F7F743FDAE4837
:10F54C00F7F778FDAD48F7F7D5FCAD48F7F7D2FCE7
:10F55C00AC48F7F7CFFCAC48F7F7CCFCAB4A022130
:10F56C00DFF8A0A3A2F118001446F7F79FFCA84AF5
:10F57C00022144F818ACA2F118001446F7F796FCD7
:10F58C00A44A022144F818ACA2F118001446F7F76B
:10F59C008DFCA14A022144F818ACA2F118001446C3
:10F5AC00F7F784FC9D4A012144F818ACA2F118002D
:10F5BC000024F7F77BFC994B994DA3F11800994A5D
:10F5CC00994943F8185C5C6013F024FD9748F7F7F1
:10F5DC0031FD9748F7F72EFD9648F7F7F3FC964A5E
:10F5EC000121964FA2F11800DFF81C83F7F75EFC9F
:10F5FC00914B8C4AA3F118008B4943F8185C5C6062
:10F60C0013F008FD8E48F7F715FD8E48F7F712FD3D
:10F61C008D48F7F73DFD8D48F7F70CFD8C48F7F753
:10F62C00D1FC8C48F7F79AFC8B48F7F731FD8B48E7
:10F63C00F7F700FD8A4A02211546A2F11800F7F7E8
:10F64C0035FC884845F818ACF7F7F4FC8648F7F712
:10F65C00B9FC8648F7F782FC854A3B681461C2F80E
:10F66C0000801481D460002B02F0A68419465B69DB
:10F67C00002BFBD14A6100247E4B7D480125136091
:10F68C00022654614FF003095460947203F024FF76
:10F69C007948F7F7CFFC7948F7F794FC7848F7F7F7
:10F6AC00C9FC784A78497948F7F7EEFB5D4A784906
:10F6BC00764813F0AFFC774A77497848F7F7E4FBC4
:10F6CC00584A7349754813F0A5FC75480FF040FB78
:10F6DC00744B22466B49009571480FF0BBFB514AA5
:10F6EC006B496F4813F096FC6F480FF031FB6D4B74
:10F6FC00224668496C4800940FF0ACFB494A6449B7
:10F70C00694813F087FC694A69496A48F7F7BCFBFA
:10F71C00444A5F49674813F07DFC674A644967486F
:10F72C00F7F7B2FB3F4A5A49644813F073FC644A3A
:10F73C005F496448F7F7A8FB3A4A5549614813F00A
:10F74C0069FC614A5A496148F7F79EFB354A5049B2
:10F75C005E4813F05FFC5E4A5E495F48F7F794FB26
:10F76C00304A4B495C4813F055FC5C4A59495C489B
:10F77C00F7F78AFB2B4A4649594813F04BFC594A78
:10F78C0054495948F7F780FB264A4149564813F02B
:10F79C0041FC564A4F495648F7F776FB214A3C49FB
:10F7AC00534813F037FC53480FF0D2FA524B224611
:10F7BC003C49504800940FF04DFB1A4A34494D48CF
:10F7CC0013F028FC4D480FF0C3FA4D4B2246354937
:10F7DC004A4800940FF03EFB98E000BF40410420E3
:10F7EC007841042044EB0120546F0420F45504208C
:10F7FC00A462042044490420CCE50120D448042010
:10F80C003462042084550420E46E042084610420B6
:10F81C00346E0420E47A0420D4540420D04504200F
:10F82C00D8970020C0B8002099F70000DC450420D0
:10F83C00B8E70120F0DF002008E80120CCE100202F
:10F84C00C83E042014E80120704204201446042011
:10F85C00B0DF002078040220083F042008E60120D5
:10F86C00204204206CE80120C8E00020A8EE012012
:10F87C00B8270220EC9600209840042068DF002076
:10F88C00A4EA0120A41F02200044042044290420DF
:10F89C0081B60100DC1F022028440420F031042032
:10F8AC00A036042008E100207C370420DC5404201E
:10F8BC00D4EC0120583804208C6104203439042005
:10F8CC003C6E0420103A0420EC7A0420EC3A04201C
:10F8DC0014550420FCEC0120C83B0420C461042016
:10F8EC0058290420746E0420342A0420247B04201C
:10F8FC00102B0420EC2B0420987F0420C82C04200F
:10F90C00E88D0420B4970020DC950020A54AA64978
:10F91C00A64813F07FFBA6480FF01AFAA54B224617
:10F92C00A549A34800940FF095FA9E4A9E49A04819
:10F93C0013F070FBA1480FF00BFAA14B22469E4925
:10F94C009E4800940FF086FA964A97499B4813F00C
:10F95C0061FB9C480FF0FCF99B4B22469649994859
:10F96C0000940FF077FA8F4A8F49964813F052FBA8
:10F97C0096480FF0EDF9964B22468F499348009428
:10F98C000FF068FA874A8849904813F043FB914876
:10F99C000FF0DEF9904B224687498E4800940FF009
:10F9AC0059FA804A80498B4813F034FB8B480FF08E
:10F9BC00CFF98B4B22468049884800940FF04AFAC5
:10F9CC00784A7949854813F025FB86480FF0C0F931
:10F9DC00854B22467849834800940FF03BFA714AD4
:10F9EC007149804813F016FB80480FF0B1F9804B39
:10F9FC00224671497D4800940FF02CFA694A6A49F5
:10FA0C007A4813F007FB7B480FF0A2F97A4B224699
:10FA1C006949784800940FF01DFA624A62497548AA
:10FA2C0013F0F8FA75480FF093F9754B22466249BA
:10FA3C00724800940FF00EFA5A4A5B496F4813F063
:10FA4C00E9FA70480FF084F96F4B22466F49009524
:10FA5C006C480FF0FFF9534A53496A4813F0DAFA2D
:10FA6C006B480FF075F96B4B22466B496848009454
:10FA7C000FF0F0F94B4A4C49654813F0CBFA674844
:10FA8C000FF066F9634B22466549009563480FF009
:10FA9C00E1F9444A4449614813F0BCFA61480FF05B
:10FAAC0057F95C4B2246604900965E480FF0D2F93C
:10FABC003C4A3D495B4813F0ADFA5C480FF048F9FD
:10FACC00514B22465A49594800940FF0C3F9354A14
:10FADC003549564813F09EFA56480FF039F94A4BFF
:10FAEC0022465549009653480FF0B4F92D4A2E4939
:10FAFC00504813F08FFA51480FF02AF9504B224618
:10FB0C00504900954D480FF0A5F9264A26494B4817
:10FB1C0013F080FA4C480FF01BF9494B22464B4925
:10FB2C00494800940FF096F91E4A1F49464813F0B5
:10FB3C0071FA47480FF00CF9414B224645490096A3
:10FB4C0043480FF087F9174A1749414813F062FAF6
:10FB5C0041480FF0FDF8414B224641493E48009484
:10FB6C000FF078F90F4A10493B4813F053FA3D480F
:10FB7C000FF0EEF8394B22463B49009539480FF00F
:10FB8C0069F9084A0849374813F044FA37480FF026
:10FB9C00DFF8324B22463649009634480FF05AF9BA
:10FBAC0068E000BFC0B8002081B60100C82C04205A
:10FBBC00A42D04207C91042008E10020802E042038
:10FBCC00109504205C2F0420A498042038300420C5
:10FBDC00389C042014310420CC9F042004320420CF
:10FBEC0060A3042060350420F4A604200036042011
:10FBFC002C83042014360420C086042028360420CC
:10FC0C00548A04203C3604205C7B0420EC7A0420CB
:10FC1C0050360420AC6E0420746E0420643604202C
:10FC2C003C6E042078360420E06204208C360420DC
:10FC3C00247B0420B4360420906F0420C8360420A2
:10FC4C00FC6104208C610420DC360420C461042097
:10FC5C00F036042030560420043704204C55042080
:10FC6C001455042018370420DC5404202C370420AD
:10FC7C00804904209E4A9F499F4813F0CBF99F4A24
:10FC8C009F49A048F7F700F9994A9A499D4813F003
:10FC9C00C1F99D4A9D499E48F7F7F6F8944A954953
:10FCAC009B4813F0B7F99B4A9B499C48F7F7ECF833
:10FCBC008F4A9049994813F0ADF9994A99499A4855
:10FCCC00F7F7E2F88A4A8B49974813F0A3F9974A59
:10FCDC0097499848F7F7D8F8854A8649954813F01C
:10FCEC0099F9954A95499648F7F7CEF8804A814993
:10FCFC00934813F08FF9934A93499448F7F7C4F853
:10FD0C007B4A7C49914813F085F9914A9149924874
:10FD1C00F7F7BAF8764A77498F4813F07BF98F4A90
:10FD2C008F499048F7F7B0F8714A72498D4813F033
:10FD3C0071F98D4A8D498E48F7F7A6F86C4A6D49D2
:10FD4C008B4813F067F98B4A8B498C48F7F79CF872
:10FD5C00674A6849894813F05DF9894A89498A4894
:10FD6C00F7F792F8624A6349874813F053F9874AC8
:10FD7C0087498848F7F788F85D4A5E49854813F04B
:10FD8C0049F9854A82498548F7F77EF8584A594916
:10FD9C00824813F03FF9824A7D498248F7F774F89C
:10FDAC00534A54497F4813F035F97F4A78497F48C4
:10FDBC00F7F76AF84E4A4F497C4813F02BF97C4A06
:10FDCC0073497C48F7F760F8494A4A49794813F077
:10FDDC0021F9794A6E497948F7F756F8444A45496A
:10FDEC00764813F017F9764A69497648F7F74CF8D4
:10FDFC003F4A4049734813F00DF9734A64497348FC
:10FE0C00F7F742F83A4A3B49704813F003F9704A45
:10FE1C005F497048F7F738F8354A36496D4813F0A2
:10FE2C00F9F86D4A5A496D48F7F72EF8304A3149BE
:10FE3C006A4813F0EFF86A4A55496A48F7F724F80C
:10FE4C002B4A2C49674813F0E5F8674A5049674834
:10FE5C00F7F71AF8264A2749644813F0DBF8644A86
:10FE6C0064496548F7F710F8214A2249624813F0B3
:10FE7C00D1F8624A62496348F7F706F81C4A1D49F3
:10FE8C00604813F0C7F8604A60496148F6F7FCFF18
:10FE9C00174A18495E4813F0BDF85E4A5E495F4840
:10FEAC00F6F7F2FF124A13495C4813F0B3F85C4AB8
:10FEBC005C495D48F6F7E8FF0D4A0E495A4813F0C5
:10FECC00A9F85A4A5A495B48F6F7DEFF084A09492D
:10FEDC00584813F09FF8584A58495948F6F7D4FF38
:10FEEC00034A0449564813F095F8564AACE000BF53
:10FEFC00C0B8002081B601002C370420541E02200B
:10FF0C001095042040370420E41D0220E88D0420C5
:10FF1C00543704208C1E0220A49804206837042037
:10FF2C00FC1E0220CC9F0420903704203C1D022094
:10FF3C002C830420A43704201C1E02207C91042056
:10FF4C00B8370420AC1D0220548A0420CC3704207E
:10FF5C00C41E0220389C0420E0370420341F0220E9
:10FF6C0060A30420F4370420041D0220987F042091
:10FF7C00083804206C1F0220F4A604201C3804202E
:10FF8C00741D0220C086042030380420641A02201C
:10FF9C00BC22022044380420441B02206C3804206C
:10FFAC007C1B022080380420B41B022094380420CF
:10FFBC00EC1B0220A8380420241C0220BC3804208E
:10FFCC005C1C0220D0380420941C0220E43804204D
:10FFDC00CC1C0220F83804209C1A02200C39042076
:10FFEC00D41A0220203904200C1B0220483904208A
:04FFFC007C22022041
:02000004600199
:10000000B8BB04205C3904209C21022078B5042070
:1000100070390420D421022008B704208439042038
:100020001420022088AA042098390420F4200220F9
:10003000C8B00420AC3904202C21022058B204207E
:10004000C039042064210220E8B30420D4390420FC
:100050000C220220A449A548F6F71CFFA44AA54992
:10006000A24812F0DDFFA44AA449A548F6F712FF02
:100070009F4AA049A24812F0D3FFA24AA249A3482E
:10008000F6F708FF9A4A9B49A04812F0C9FFA04A18
:10009000A049A148F6F7FEFE954A96499E4812F0FF
:1000A000BFFF9E4A9E499F48F6F7F4FE904A914949
:1000B0009C4812F0B5FF9C480EF050FE9B4B224628
:1000C0009B49994800940EF0CBFE894A894996488D
:1000D00012F0A6FF97480EF041FE974B2246944936
:1000E000944800940EF0BCFE814A8249914812F077
:1000F00097FF92480EF032FE914B22468C498F4872
:1001000000940EF0ADFE7A4A7A498C4812F088FFCE
:100110008C480EF023FE8C4B22468C498948009473
:100120000EF09EFE724A7349864812F079FF8848A5
:100130000EF014FE874B22468449854800940EF049
:100140008FFE6B4A6B49824812F06AFF82480EF0BC
:1001500005FE824B22467D497F4800940EF080FECA
:10016000634A64497C4812F05BFF7D480EF0F6FD5F
:100170007C4B22467C497A4800940EF071FE5C4A22
:100180005C49774812F04CFF78480EF0E7FD784B59
:1001900022467549754800940EF062FE544A55494E
:1001A000724812F03DFF73480EF0D8FD724B2246A4
:1001B0006D49704800940EF053FE4D4A4D496D480C
:1001C00012F02EFF6D480EF0C9FD6D4B22466D49B1
:1001D0006A4800940EF044FE454A4649674812F0CA
:1001E0001FFF69480EF0BAFD684B22466549664814
:1001F00000940EF035FE3E4A3E49634812F010FF6F
:1002000063480EF0ABFD634B22465E4960480094A4
:100210000EF026FE364A37495D4812F001FF5E486F
:100220000EF09CFD5D4B22465D4900955A480EF04C
:1002300017FE2F4A2F49584812F0F2FE59480EF087
:100240008DFD594B22465949009556480EF008FE3F
:10025000274A2849534812F0E3FE55480EF07EFD28
:10026000544B22465449009551480EF0F9FD204A5E
:1002700020494F4812F0D4FE50480EF06FFD504B0D
:100280002246504900954D480EF0EAFD184A19499A
:100290004A4812F0C5FE4C480EF060FD4B4B22461A
:1002A0004B49009548480EF0DBFD114A114946487C
:1002B00012F0B6FE47480EF051FD474B2246474923
:1002C000009544480EF0CCFD094A0A49414812F015
:1002D000A7FE43480EF042FD424B2246424900959C
:1002E0003F480EF0BDFD81E098B80420E8390420B5
:1002F000C0B8002081B601004422022028BA0420A0
:10030000FC39042084200220A8AD0420243A0420D3
:100310004C20022018AC0420383A0420BC200220D3
:1003200038AF04204C3A0420603A04206063042073
:10033000AC6E0420743A0420F4660420883A042049
:10034000886A04209C3A0420107004205C7B0420FE
:10035000B03A0420A4730420C43A0420387704205F
:10036000D83A0420B0560420FC610420003B04204D
:10037000445A0420143B0420D85D0420283B042068
:10038000004A04204C5504203C3B0420944D04209A
:10039000503B042028510420643B0420D423022035
:1003A000441B0220783B0420102402207C1B0220E6
:1003B0008C3B042088240220EC1B0220A03B04205C
:1003C000C4240220241C0220B43B04200025022067
:1003D0005C1C0220DC3B0420E4220220641A022080
:1003E000F03B04204C240220B41B0220A54AA6495D
:1003F000A64812F015FEA6480EF0B0FCA54B22460A
:10040000A5490095A2480EF02BFD9E4A9E49A048A2
:1004100012F006FEA1480EF0A1FCA14B2246A14914
:1004200000959E480EF01CFD964A97499B4812F095
:10043000F7FD9D480EF092FC9C4B22469C4900958E
:1004400099480EF00DFD8F4A8F49974812F0E8FD4C
:1004500098480EF083FC984B2246984900959548A1
:100460000EF0FEFC874A8849924812F0D9FD944864
:100470000EF074FC934B22469349009590480EF081
:10048000EFFC804A80498E4812F0CAFD8F480EF07A
:1004900065FC8F4B22468F498C4800940EF0E0FC9F
:1004A000784A7949894812F0BBFD8B480EF056FC1A
:1004B000844B22468949884800940EF0D1FC714A49
:1004C0007149854812F0ACFD85480EF047FC7A4B27
:1004D00022468449824800940EF0C2FC694A6A4967
:1004E0007F4812F09DFD80480EF038FC694B224693
:1004F0007E497D4800940EF0B3FC624A62497A4816
:1005000012F08EFD7A480EF029FC7A4B22467A4989
:10051000774800940EF0A4FC5A4A5B49744812F0E4
:100520007FFD76480EF01AFC754B224675497348DC
:1005300000940EF095FC534A5349704812F070FD38
:1005400071480EF00BFC564B224670496E480094E1
:100550000EF086FC4B4A4C496B4812F061FD6C482A
:100560000EF0FCFB6B4B22466B49694800940EF081
:1005700077FC444A4449664812F052FD67480EF041
:10058000EDFB674B22466749644800940EF068FC17
:100590003C4A3D49614812F043FD63480EF0DEFBE2
:1005A000424B22466149604800940EF059FC354A9E
:1005B00035495D4812F034FD5D480EF0CFFB5D4BD0
:1005C00022465D495A4800940EF04AFC2D4A2E49B5
:1005D000574812F025FD59480EF0C0FB584B2246F3
:1005E0005849564800940EF03BFC264A2649534889
:1005F00012F016FD54480EF0B1FB544B22465449FC
:10060000009651480EF02CFC1E4A1F494E4812F02D
:1006100007FD50480EF0A2FB4F4B22464F49009574
:100620004C480EF01DFC174A17494A4812F0F8FCD6
:100630004B480EF093FB454B22464A494848CDF8BB
:1006400000900EF00DFC0F4A0F49454812F0E8FCEF
:1006500045480EF083FB404B2246444942480094F3
:100660000EF0FEFB074A08493F4812F0D9FC40480B
:100670000EF074FB354B22463E493D4800940EF087
:10068000EFFB79E0C0B8002081B60100F03B042008
:10069000043C0420982302200C1B0220183C042058
:1006A00078250220CC1C02202C3C04205C23022054
:1006B000D41A0220403C0420202302209C1A02204D
:1006C000543C04203C250220941C0220683C042059
:1006D000C4240220C41E02207C3C0420341F0220BB
:1006E000903C04203C1D02206C290420AC1D0220FB
:1006F00080290420882402208C1E022094290420B2
:1007000000250220FC1E0220A82904206C1F0220C4
:10071000BC290420102402201C1E0220D029042001
:100720004C240220541E0220E4290420741D0220BF
:10073000F8290420E4220220041D02200C2A0420AF
:10074000D4230220E41D0220202A0420C8460420CD
:100750000C220220482A0420004704204C200220BA
:100760005C2A042044220220702A04207C220220D9
:10077000842A04209C210220A64AA749A74812F0F7
:100780004FFCA7480EF0EAFAA64B2246A649009570
:10079000A3480EF065FB9F4A9F49A14812F040FC18
:1007A000A2480EF0DBFAA24B2246A24900969F48CF
:1007B0000EF056FB974A98499C4812F031FC9E482F
:1007C0000EF0CCFA9D4B22469D499B48CDF80090F7
:1007D0000EF046FB8F4A9049974812F021FC994849
:1007E0000EF0BCFA924B224697499648CDF80090FD
:1007F0000EF036FB874A8849924812F011FC934864
:100800000EF0ACFA8D4B22469149904800940EF0C0
:1008100027FB804A80498D4812F002FC8D480EF07B
:100820009DFA864B22468C4900958A480EF018FBAB
:10083000784A7949874812F0F3FB88480EF08EFA1F
:100840007E4B22468649009684480EF009FB714A89
:100850007149824812F0E4FB82480EF07FFA824B25
:10086000224682497F48CDF800900EF0F9FA694A95
:1008700069497C4812F0D4FB7D480EF06FFA7A4B40
:1008800022467C4900967A480EF0EAFA614A6249AB
:10089000774812F0C5FB78480EF060FA774B224695
:1008A00077497548CDF800900EF0DAFA594A5A495E
:1008B000714812F0B5FB73480EF050FA6A4B2246AD
:1008C000714900956F480EF0CBFA524A52496D4873
:1008D00012F0A6FB6D480EF041FA684B22466C49B7
:1008E00000966A480EF0BCFA4A4A4B49674812F033
:1008F00097FB68480EF032FA5B4B22466649654822
:1009000000940EF0ADFA434A4349624812F088FB66
:1009100062480EF023FA594B2246614900955F4820
:100920000EF09EFA3B4A3C495C4812F079FB5D4868
:100930000EF014FA514B22465B495A4800940EF0CF
:100940008FFA344A3449574812F06AFB574A5849DB
:100950005848F6F79FFA2F4A2F49564812F060FB85
:10096000554A53495548F6F795FA2A4A2A495348B1
:1009700012F056FB524A4E495248F6F78BFA254A76
:100980002549504812F04CFB4F4A49494F48F6F769
:1009900081FA204A20494D4812F042FB4C480EF0A3
:1009A000DDF94C4B22464C494948CDF800900EF0F9
:1009B00057FA184A1849464812F032FB47480EF0D9
:1009C000CDF9444B22464649009644480EF048FA79
:1009D000104A1149414812F023FB42480EF0BEF97B
:1009E0003C4B2246404900953E480EF039FA094AF0
:1009F00009493C4812F014FB3C480EF0AFF9354B66
:100A000022463B49394800940EF02AFA014A02492D
:100A100070E000BFC0B8002081B60100842A042025
:100A2000982A0420C8460420D4210220AC2A04209D
:100A30000047042084200220C02A0420904604207D
:100A400064210220D42A0420BC200220E82A0420A9
:100A500014200220FC2A0420F4200220242B04204D
:100A60002C210220382B042008630420406304203A
:100A70004C2B0420886A0420602B0420B86F0420CB
:100A8000F06F0420742B0420F4660420882B0420CB
:100A9000387704209C2B042060630420B02B0420B2
:100AA000A4730420C42B0420107004200C490420DB
:100AB000A4E80120D82B0420BC550420002C0420DD
:100AC0006C620420142C04201C6F0420282C0420A9
:100AD0003C2C04205856042090560420502C04200E
:100AE000D85D0420642C0420445A0420782C04206F
:100AF000B0560420A74812F093FAA7480EF02EF93A
:100B0000A64B2246A649A448CDF800900EF0A8F9BD
:100B1000A44AA549A04812F083FAA4480EF01EF991
:100B20009E4B2246A2490096A0480EF099F99D4A94
:100B30009D499E4812F074FA9E480EF00FF9974BAB
:100B400022469D499B4800940EF08AF9954A9649A1
:100B5000984812F065FA99480EF000F98F4B22463A
:100B60009749009595480EF07BF98E4A8E49934837
:100B700012F056FA93480EF0F1F8934B224693493F
:100B80009048CDF800900EF06BF9864A86498D4862
:100B900012F046FA8E480EF0E1F88E4B22468E494E
:100BA0008B4800940EF05CF97E4A7F49884812F029
:100BB00037FA8A480EF0D2F8834B22468849874894
:100BC00000940EF04DF9774A7749844812F028FADC
:100BD00084480EF0C3F87F4B224683490096814833
:100BE0000EF03EF96F4A70497E4812F019FA7F48BC
:100BF0000EF0B4F8744B22467D4900957B480EF008
:100C00002FF9684A6849794812F00AFA79480EF0D3
:100C1000A5F8704B224678497648CDF800900EF042
:100C20001FF9604A6049734812F0FAF973480EF0F0
:100C300095F8654B22467249009670480EF010F9FF
:100C4000584A59496D4812F0EBF96E480EF086F893
:100C5000604B22466C4900956A480EF001F9514AF2
:100C60005149684812F0DCF968480EF077F8684B93
:100C700022466849654800940EF0F2F8494A4A490C
:100C8000624812F0CDF964480EF068F8604B2246D5
:100C90006249009660480EF0E3F8424A42495E48D5
:100CA00012F0BEF95E480EF059F8594B22465D49E4
:100CB0005B48CDF800900EF0D3F83A4A3A495848CC
:100CC00012F0AEF958480EF049F8514B22465749F8
:100CD000009555480EF0C4F8324A3349524812F094
:100CE0009FF953480EF03AF8524B2246524900956C
:100CF0004F480EF0B5F82B4A2B494D4812F090F9A9
:100D00004E480EF02BF84B4B22464D494B48009471
:100D10000EF0A6F8234A2449484812F081F94948C0
:100D20000EF01CF8434B22464749009645480EF00A
:100D300097F81C4A1C49434812F072F943480EF0D8
:100D40000DF8434B22464349009540480EF088F881
:100D5000144A15493D4812F063F93F480DF0FEFF73
:100D60003E4B22463E493C4800940EF079F80D4A2D
:100D70000D49394812F054F93A480DF0EFFF344B61
:100D800022463949374800940EF06AF8054A064968
:100D90006CE000BF782C04208C2C0420A84904208F
:100DA000E0490420C0B8002081B60100A02C042036
:100DB00028510420B42C0420004A0420DC2C0420F8
:100DC000944D0420F02C0420404104204C240220A7
:100DD000042D04207841042088240220182D0420AA
:100DE000E42202202C2D042000250220402D042086
:100DF000D4230220542D04203C250220682D0420F9
:100E0000102402207C2D0420C4240220902D0420D4
:100E1000B041042078250220B82D04205C23022054
:100E2000CC2D042098230220E02D04202023022032
:100E3000F42D042058460420C8460420082E04201F
:100E4000904604201C2E042000470420302E04204D
:100E5000546F04201C6F0420442E0420A46204203C
:100E600008630420582E0420B86F0420A44812F010
:100E7000D7F8A4480DF072FFA34B2246A349A1481E
:100E800000940DF0EDFFA24AA2499E4812F0C8F866
:100E9000A1480DF063FFA14B2246A14900959E4851
:100EA0000DF0DEFF9A4A9B499B4812F0B9F89D4825
:100EB0000DF054FF944B22469B49009599480DF044
:100EC000CFFF934A9349974812F0AAF897480DF03C
:100ED00045FF974B22469749009594480DF0C0FF77
:100EE0008B4A8C49914812F09BF893480DF036FFDD
:100EF0008F4B22469149904800940DF0B1FF844AEF
:100F000084498D4812F08CF88D480DF027FF8D4BE9
:100F100022468D498A48CDF800900DF0A1FF7C4A09
:100F20007C49874812F07CF888480DF017FF854B04
:100F300022468749009685480DF092FF744A75490C
:100F4000824812F06DF883480DF008FF7D4B224671
:100F50008149804800940DF083FF6D4A6D497D48BA
:100F600012F05EF87D480DF0F9FE764B22467C4982
:100F700000957A480DF074FF654A6649774812F08B
:100F80004FF8784A78497948F5F784FF604A614913
:100F9000764812F045F8764A73497648F5F77AFFB5
:100FA0005B4A5C49734812F03BF8734A6E497348D8
:100FB000F5F770FF564A5749704812F031F8704AF9
:100FC00069497048F5F766FF514A52496D4812F079
:100FD00027F86D480DF0C2FE6C4B22466C496A48FA
:100FE00000940DF03DFF4A4A4A49674812F018F84C
:100FF00068480DF0B3FE684B2246434965480094AB
:101000000DF02EFF424A4349624812F009F8634846
:101010000DF0A4FE624B22464049604800940DF05A
:101020001FFF3B4A3B495D4811F0FAFF5D480DF058
:1010300095FE5D4B22463E495A4800940DF010FF44
:10104000334A3449574811F0EBFF584A3D49584854
:10105000F5F720FF2E4A2F49554811F0E1FF55487A
:101060000DF07CFE544B22463649524800940DF058
:10107000F7FE274A27494F4811F0D2FF4F480DF09D
:101080006DFE494B2246374900954C480DF0E8FE6D
:101090001F4A2049494811F0C3FF49480DF05EFE40
:1010A0003F4B22463449009545480DF0D9FE184A79
:1010B0001849434811F0B4FF42480DF04FFE364B3B
:1010C00022462B4900953F480DF0CAFE104A1149AF
:1010D0003C4811F0A5FF3C480DF040FE2B4B22464A
:1010E0002749009538480DF0BBFE094A09493648A2
:1010F00011F096FF35480DF031FE354B224669E080
:10110000582E04206C2E0420F45504205856042038
:10111000C0B8002081B60100942E0420A4620420EF
:101120006C620420A82E0420BC550420BC2E042090
:10113000444904200C490420D02E0420A84904204E
:10114000E42E0420CCE5012058460420F82E04208B
:10115000B04104200C2F042040410420202F042003
:1011600078410420D448042044EB0120342F04208B
:1011700084550420482F042034620420702F04205A
:10118000E46E0420842F0420982F0420CC7A0420BD
:10119000546F0420AC2F04206C610420C02F042065
:1011A0001C6E0420D42F0420BC540420B845042015
:1011B000E82F0420FC2F0420DC45042010300420FC
:1011C000243004204C30042060300420743004208B
:1011D000B8E70120A6490095A6480DF041FEA64AB1
:1011E000A649A44811F01CFFA5480DF0B7FDA54B7A
:1011F0002246A5490096A2480DF032FE9E4A9F491C
:101200009F4811F00DFFA1480DF0A8FD9D4B22460F
:101210009F499E48CDF800900DF022FE964A9749CE
:101220009A4811F0FDFE9B480DF098FD954B224623
:101230009949984800940DF013FE8F4A8F499548BC
:1012400011F0EEFE95480DF089FD954B224695492B
:10125000009592480DF004FE874A88498F4811F0A6
:10126000DFFE91480DF07AFD904B22468C498E4866
:1012700000940DF0F5FD804A80498B4811F0D0FEB6
:101280008B480DF06BFD8B4B2246854988480094B6
:101290000DF0E6FD784A7949854811F0C1FE864A8D
:1012A00078498648F5F7F6FD734A7449834811F08A
:1012B000B7FE83480DF052FD824B224671498048AB
:1012C00000940DF0CDFD6C4A6C497D4811F0A8FEEC
:1012D0007D480DF043FD774B22467C4900957A48C6
:1012E0000DF0BEFD644A6549774811F099FE7848D3
:1012F0000DF034FD6F4B2A467449009674480DF08A
:10130000AFFD5D4A5D49724811F08AFE71480DF0EB
:1013100025FD684B32466D496E48CDF800900DF0C2
:101320009FFD554A55496B4811F07AFE6A480DF009
:1013300015FD644B22466049009567480DF090FD0D
:101340004D4A4E49644811F06BFE644A594964485D
:10135000F5F7A0FD484A4949614811F061FE61482E
:101360000DF0FCFC514B2246524900955D480DF0B2
:1013700077FD414A41495B4811F052FE5A480DF051
:10138000EDFC5A4B22464F49574800940DF068FD3A
:10139000394A3A49544811F043FE55480DF0DEFCF5
:1013A000544B22464749524800940DF059FD324AA9
:1013B00032494F4811F034FE4F480DF0CFFC4F4BEF
:1013C00022464F4900954C480DF04AFD2A4A2B49C8
:1013D000494811F025FE4B480DF0C0FC474B224612
:1013E0003249484800940DF03BFD234A23494548C3
:1013F00011F016FE44480DF0B1FC3C4B2246434927
:10140000009541480DF02CFD1B4A1C493E4811F047
:1014100007FE3F480DF0A2FC344B2A463B4900969C
:101420003B480DF01DFD144A1449394811F0F8FDF0
:1014300038480DF093FC2D4B324634493548CDF8F1
:1014400000900DF00DFD0C4A0C49324811F0E8FDFA
:1014500031480DF083FC1D4B224620492E48009454
:101460000DF0FEFC044A05492B4811F0D9FD55E06A
:101470006C61042074300420C0B8002081B60100E3
:1014800088300420B8E701201C6E04209C30042022
:10149000CC7A0420B0300420BC540420C430042092
:1014A000DC450420B8450420D8300420144604202C
:1014B000EC300420C83E0420F0E701200031042075
:1014C0002831042014E801203C310420F0DF002002
:1014D0005031042064310420783104207804022043
:1014E0008C310420A0310420B431042008E601200E
:1014F000C83104206CE80120DC31042008420420BB
:101500007042042018320420E0320420B0DF0020B2
:10151000A8330420BC330420F8330420B0480DF075
:101520001DFCB04B2246B0490095AD480DF098FC2B
:10153000AE4AAF49AA4811F073FDAE4AAE49AF4872
:10154000F5F7A8FCA94AAA49AC4811F069FDAC48D6
:101550000DF004FCAB4B2246A7490095A8480DF0BE
:101560007FFCA24AA249A64811F05AFDA6480DF0F8
:10157000F5FB9C4B2246A549A34800940DF070FC56
:101580009A4A9B49A04811F04BFDA1480DF0E6FB9B
:10159000A04B22469B499E4800940DF061FC934A63
:1015A00093499B4811F03CFD9B480DF0D7FB9B4BAA
:1015B00022468C49984800940DF052FC8B4A8C4985
:1015C000954811F02DFD96480DF0C8FB934B2A4627
:1015D0008449009592480DF043FC844A8449904820
:1015E00011F01EFD8F480DF0B9FB8C4B32467D4942
:1015F00000968C480DF034FC7C4A7D49894811F0F6
:101600000FFD89480DF0AAFB884B22467949864890
:1016100000940DF025FC754A7549834811F000FDD2
:1016200083480DF09BFB834B22467A498048009407
:101630000DF016FC6D4A6E497D4811F0F1FC7E48B4
:101640000DF08CFB7B4B2A46724900957A480DF0D1
:1016500007FC664A6649784811F0E2FC77480DF0CD
:101660007DFB744B32466B49009674480DF0F8FBD5
:101670005E4A5F49714811F0D3FC7148F5F772FD7D
:10168000704A3146704EA2F118001546F5F714FC69
:101690006E4A012145F818ACA2F11C004FF48035C8
:1016A000F5F70AFC694B6A4843F8045C43F81C6C84
:1016B000F5F758FD6748F5F755FD674A0221A2F195
:1016C0001800F5F7F9FB654A634B0221A2F11800F7
:1016D00043F818ACF5F7F0FB604B614843F818ACE1
:1016E000F5F740FD5F4A0221A2F11800F5F7E4FB8F
:1016F0005D4A5C4B0121A2F11C0043F818ACF5F7E0
:10170000DBFB594B594843F8045C43F81C6CF5F774
:1017100029FD5748F5F726FD564A0221A2F1180087
:101720001546F5F7C9FB544A022145F818ACA2F159
:1017300018001546F5F7C0FB504845F818ACF5F70A
:101740007FFC4F48F5F77CFC4E48F2F7DBFA4E4839
:10175000F5F776FC4D48F5F773FC4D48F5F770FC4E
:101760004C480DF0D9F84C48F5F76AFC4B48F5F7B2
:1017700067FC4B4A3B681146D46041F8188B1161F5
:101780004FF40071C2E906441181002B00F01F8460
:1017900019465B69002BFBD14A610024414B40484C
:1017A000136054615460947202F03CF93E4A4FF465
:1017B00000703B681146D460108141F8188B1161AC
:1017C000C2E90644002B00F0008419465B69002B37
:1017D000FBD14A610024354B33480125546167E051
:1017E0000C340420C8E00020083F0420C0B80020CA
:1017F00081B60100A8EE012008E601202034042073
:10180000843404206CE80120E834042008420420D9
:101810004C35042068DF00207435042098400420F3
:10182000883504209C350420B0350420B0DF00202A
:10183000C4350420A4EA0120D8350420EC35042066
:10184000D040042000420420F8960020C43E04202A
:10185000F840042028420420384104206842042033
:1018600034EA0120F4EA012068E801205CEA012062
:10187000FCEA01209CEA01203CEB0120383E0420D8
:10188000703E0420B03C04203C3D0420743D042004
:10189000043D0420E427022030E0002068E000201E
:1018A00040E10020049700206CE100201097002008
:1018B00054609472136010F07FF8A5480DF04EFA52
:1018C000A44B2246A4490094A1480DF0C9FAA34AAA
:1018D000A3499F4811F0A4FBA2480DF03FFA9D4B8D
:1018E0002246A14900959F480DF0BAFA9B4A9C49AF
:1018F0009C4811F095FB9D480DF030FA9C4B224618
:101900009449009499480DF0ABFA944A9449974849
:1019100011F086FB97480DF021FA974B2246944927
:10192000009494480DF09CFA8C4A8D49914811F02E
:1019300077FB92480DF012FA8F4B224690490095A2
:101940008E480DF08DFA854A85498C4811F068FB68
:101950008C480DF003FA8C4B224685490094894847
:101960000DF07EFA7D4A7E49864811F059FB874882
:101970000DF0F4F9844B22468549009583480DF01B
:101980006FFA764A7649814811F04AFB81480DF09A
:10199000E5F9814B22467C4900947E480DF060FABF
:1019A0006E4A6F497B4811F03BFB7C480DF0D6F93D
:1019B0007B4B22467049009478480DF051FA674AF3
:1019C0006749764811F02CFB76480DF0C7F9764B45
:1019D00022467649009473480DF042FA5F4A604906
:1019E000704811F01DFB72480DF0B8F96E4B22469D
:1019F000704900956E480DF033FA584A58496C48C2
:101A000011F00EFB6C480DF0A9F96C4B22466649AB
:101A1000009469480DF024FA504A5149664811F083
:101A2000FFFA67480DF09AF9664B22466349009425
:101A300063480DF015FA494A4949614811F0F0FA36
:101A400061480DF08BF95F4B2246604900955E4876
:101A50000DF006FA414A42495B4811F0E1FA5C4850
:101A60000DF07CF95B4B22465449009458480DF028
:101A7000F7F93A4A3A49564811F0D2FA56480DF069
:101A80006DF9544B22465549009553480DF0E8F93D
:101A9000324A3349504811F0C3FA51480DF05EF90B
:101AA0003D4B22464B4900954D480DF0D9F92B4A44
:101AB0002B494B4811F0B4FA4A480DF04FF9384B16
:101AC00022464049009547480DF0CAF9234A244967
:101AD000444811F0A5FA44480DF040F9434B224622
:101AE0002F49009440480DF0BBF91C4A1C493E4860
:101AF00011F096FA3E480DF031F93C4B224626494A
:101B000000953B480DF0ACF9144A1549384811F0DE
:101B100087FA38480DF022F9374B224633490094B2
:101B200034480DF09DF90D4A0D49324811F078FA0C
:101B300032480DF013F9324B2A462C4900942F48B5
:101B40000DF08EF9054A06492C4811F069FA59E062
:101B50002C320420E841042098400420C0B8002022
:101B600081B6010040320420D040042054320420C9
:101B7000A83E042068320420204104207C32042046
:101B8000F84004209032042050420420A432042063
:101B900028420420B8320420703E0420CC320420B5
:101BA000383E0420F4320420DCEA0120A4EA0120BB
:101BB0000833042034EA01201C3304204CE80120BF
:101BC0003033042084EA0120443304205CEA0120FD
:101BD0005833042024EB01206C330420FCEA01205C
:101BE0008033042094330420D0330420B03C0420FC
:101BF000E4330420343404203C3D042048340420E1
:101C0000743D0420AD480DF0A9F8AD4B2246AD4916
:101C10000094AA480DF024F9AB4AAC49A74811F04A
:101C2000FFF9AB480DF09AF8A54B2246A94900955B
:101C3000A7480DF015F9A44AA449A54811F0F0F9F8
:101C4000A5480DF08BF8A54B2246A5490094A24863
:101C50000DF006F99C4A9D499F4811F0E1F9A14811
:101C60000DF07CF8A04B2A469D4900949D480DF04C
:101C7000F7F8954A95499B4811F0D2F99B480DF029
:101C80006DF8964B22468E49009598480DF0E8F87D
:101C90008D4A8E49954811F0C3F995480DF05EF8CC
:101CA000914B2A468649009591480DF0D9F8864A0D
:101CB00086498F4811F0B4F98E480DF04FF88E4BDD
:101CC0002246864900958B480DF0CAF87E4A7F4926
:101CD000884811F0A5F989480DF040F8864B224656
:101CE0008149009485480DF0BBF8774A77498348CD
:101CF00011F096F982480DF031F8824B224677496F
:101D000000957F480DF0ACF86F4A70497C4811F09F
:101D100087F97D480DF022F87A4B224672490094EB
:101D200079480DF09DF8684A6849774811F078F9CC
:101D3000764A774B10467749A3F88041034682F8EC
:101D40002450614A43F8041B7349446004610462EF
:101D5000724DC3E90144C0E90644446111F060F9E1
:101D60006F48F4F77DFB6F4B00226F4983F82040EA
:101D700005F190045A609A605A619A616B4A196041
:101D80001961DA60DA6128460C3508F019F8AC42BE
:101D9000F9D1674C04F5847520460C3408F010F82E
:101DA000A542F9D16348062408F018F9042005215A
:101DB0000F230E2200940024CDE901100D215E486E
:101DC00008F03AF85D4807F0FBFF5D4807F0F8FFC0
:101DD0005C4807F0F5FF5C4807F0F2FF10215B4814
:101DE00008F060FA384A5A49584811F019F9112197
:101DF000584808F057FA344A5549564811F010F936
:101E00001621554808F04EFA2F4A5149524811F010
:101E100007F9524B52482C4A1860204651499C8081
:101E2000C3F8804011F0FCF84F4A504B92ED007A15
:101E300093ED006ADFED4E7A37EE077ADFED4D6AFB
:101E400026EE276A4C48C6EE877A4C4B1E4A4C4910
:101E5000C6EE076ABCEEE67AF8EE476A80ED007AD5
:101E6000484877EEE67AFCEEE77AC3ED007A11F0A7
:101E7000D7F8154A2046444911F0D2F8124A404991
:101E8000424811F0CDF83E490F4A414811F0C8F8D8
:101E9000404B414C03F11001226843F8042B8B4264
:101EA000FAD10EF06BF83D4B226818603C4B256868
:101EB0001A603C493C4B097878E000BF5C34042050
:101EC000E42702203C3D0420C0B8002081B6010078
:101ED00070340420743D04209834042030E0002045
:101EE000B03C0420AC34042068E00020C03404205E
:101EF000D4340420FC34042040E1002010350420B8
:101F0000243504206CE1002038350420A0E00020B6
:101F1000CC2604203C960020DD3400002826022038
:101F2000B4250220602604200000C8433333B33EAA
:101F300054E60120FC26022048E60120AC270220BE
:101F400038470420481A022060E100205CE70120A5
:101F50008D340000B8260220882604205028042052
:101F600034970020812F0000BCD60020D0D600205E
:101F7000C0E1644CC0E1E44CE0270220303E042084
:101F8000552F0000C0D60020652F000028D6002065
:101F900018BC00201C29042050460420D827022009
:101FA000343E0420D2D70020D42702201D60094BE4
:101FB0002068197022680849084B08601A6004B04C
:101FC000BDE8F0873A60FDF75CBB3A6002E43A6036
:101FD000FFF7E3BB91BD0420BCE10020C0E100207D
:101FE0002DE9F04F012191B00320AB4D0EF024F804
:101FF00000210320A94C0DF0EBFFA94F2E6840F201
:10200000EE28DFF8449310F01BFF2378002B00F03C
:1020100034813B78DB0740F130812B68D9F8002010
:102020009B1A0E2B40F229819E48F1F7BFFE9E4875
:102030000CF0C6FB9FED9D0A9A48F1F7D7FE9FED85
:102040009C0A9848F1F7E8FE9FED990A9548F1F748
:10205000FDFE9FED980A9348F1F710FF964A9748C6
:102060004FF0E02145F69913DFED957AC260C26129
:1020700040229FED947AC1F88821934A9361934A54
:102080009361934B93ED006A76EE676AE6EE877A8A
:1020900072B6BDEE007A8F4BF6EE006AC3ED007AA1
:1020A00027EE877A8C4BC7EE067A77EEA67AC3EDD9
:1020B000007A62B6B7EE007AD0ED037A77EE677AEF
:1020C00067EEA67AF5EEC07AF1EE10FA07D4F4EED8
:1020D000C77AF1EE10FA77FE277A37EE677A72B692
:1020E0007E4B83ED007A62B64FF0E02340226D48CC
:1020F000C3F80821F1F75AFE4FF4E17178481DF05A
:10210000A5FEF5F7D7FA40F201127649764800F0BD
:10211000A7FF40F201127349744800F0A1FF72B6A4
:10212000734B0024734A1C76DA6162B64FF4803335
:10213000714A72484FF4004693614FF40047704A69
:1021400000F10C056F4993610C636F4A6F4CC2E953
:10215000066750F8041B54F8042B8542C1E9063386
:10216000C1E90833C2E90633C2E90833F1D168484E
:102170004FF48033DFF8D4B14FF40045DFF8D0A13D
:102180004FF40054DFF8CC910022DFF8CC81614F8E
:10219000614EDFF8C8E1DFF8C8C150F8041BC1E99F
:1021A00006330B625BF8041B8D615AF8041B81F83F
:1021B00039228C6259F8041B81F839228C6258F854
:1021C000041B81F839228C6257F8041BCD6156F844
:1021D000041B0A6351494EF8043F81424CF8043F06
:1021E000DBD14F4B002003F1300153F8042B99420F
:1021F0001063FAD14B4B40F21E524B485A6207F023
:1022000033FE4A4807F014FF484807F033FF002127
:102210000A200DF011FF002108200DF00DFF002114
:1022200009200DF009FF00210B200DF005FF404BA8
:102230001B78002B40F0308417213E4810F084FDBD
:102240003D480DF0CFF84FF480113C481DF002FEE0
:10225000002840F087803A4A3A4937480DF0DCF8C8
:10226000C82100200EF064F9002101200EF060F971
:10227000002102200EF05CF9F2E72B6822789B1B0C
:1022800032B1B3F5FA6F3FF6CFAE10F0D9FDBAE632
:102290004345FAD9C8E600BF50460420AFBD04202C
:1022A000AEBD0420B03C0420E42702200000C84357
:1022B000000000009A99193E3333B33E6026042093
:1022C000CDCC4C3E3E0A073F3C3D0420743D0420EB
:1022D0004426042048260420082C02200826042036
:1022E00000802220947B0420F0E70120B8450420E0
:1022F000BC2202200000FF7FC83E042004D700203B
:1023000008E60120A41F022008E1002070D7002069
:1023100008BC0020E8BB002058A9002018BC002001
:10232000F8AB0020CCE5012048E60120FC26022085
:1023300086BD0420288F002030AC002050280420C7
:10234000408F0020548F0020544704207CBB002085
:102350008CBB00209CBB0020ACBB00206C46042042
:10236000E0E501201221BB4810F0EEFCBA480DF068
:1023700039F8BA4B93F900000B2800F2A283FAF760
:1023800075FBB74BB74C1878002840F08B83B64BE1
:1023900007461E78B54B1D7801372A463146013471
:1023A000F6F7E6F90C2F04F8010CF8B2F4D10A2084
:1023B0000DF030FE011EAE4818BF012107F00EFDE2
:1023C000AB4807F037FD10B9AA4B01221A70AA4C8E
:1023D0000026AA4902AFAA480CADE368079106900F
:1023E000E06020692161A7490F900B91DFF8CCC212
:1023F0000E930496089605960996CDF828C0D4E960
:102400000101CDE9026685E8030097E80300C4E90D
:102410000101002B00F05D830322294628469847DE
:102420000C96C5E901660F960A9E002E00F04F83B8
:10243000022208A92846B047DDE90A60E369216A5B
:10244000914A0E930F912062E66195E8030087E8B8
:10245000030092E8030085E8030097E8030082E8A0
:1024600003001BB103222946284698470A9B1BB14B
:1024700008A9032208469847069B1BB104A903221A
:1024800008469847814F4FF0030A814E3846DFF8DF
:102490003082F2F7CBF938463760F1F723FF14208A
:1024A0000DF0B4FF3368054698440CF057FC002249
:1024B000784B41462846CDF800A00CF0D1FC764B75
:1024C0001420DFF8FC811D600DF0A0FF3368054685
:1024D00098440CF043FC0122704B41462846CDF84D
:1024E00000A048F6D4280CF0BBFC6D4B38461D60AC
:1024F0006C4D3B682F609B68984714200DF086FF59
:102500002B68074603EB08090CF028FC3846022725
:10251000494600225F4B00970CF0A2FC14200DF0FE
:1025200075FF2B68814698440CF018FC5B4B012228
:102530004146484600970CF093FC5B4B93F8802192
:102540001F2A00F2BE81511C02EB4200DFF874E149
:10255000C9B2366803EB800C43F820E020294FF025
:10256000FF3083F88011CCF80440CCF8080000F06C
:10257000A88101EB4100D119DFF84CE14FF00008D0
:10258000C9B203EB800C43F820E0202983F88011C6
:10259000CCF80460CCF8088000F0938101EB410096
:1025A00002EB0A01DFF824E1C9B203EB800C43F827
:1025B00020E020294FF0010E83F88011CCF8046050
:1025C000CCF808E000F07D8101EB410102F1040C40
:1025D00003EB81005FFA8CFCC0E90167BCF1200FBE
:1025E000324883F880C143F8210000F06A810CEB87
:1025F0004C0C501D2968C0B203EB8C05202883F8D1
:102600008001C5E9016A2A4D43F82C5000F0598138
:1026100000EB4000951D03EB8006EDB2C6E9011802
:10262000202D244E83F8805143F8206000F049812A
:1026300005EB4505D01D03EB8506C0B2C6E9011EBA
:1026400020281D4E83F8800143F8256000F0398171
:102650003EE000BF688F002030AC002087BD042022
:1026600085BD04209CEE01209DBD04209BBD04205F
:1026700060E1002090BD0420A0E000204D33000068
:10268000C132000021330000B4E0002008492420BA
:10269000AC3D0420383E0420A43C0420703E0420BD
:1026A000A83C0420AC3C0420CC260420888F0020C9
:1026B000BC8F0020948F0020A08F0020D932000012
:1026C000E8CB0200088F0020649000207C8F00205F
:1026D00000EB400002F1080503EB8006EDB2C6E90D
:1026E0000117202DC54E83F8805143F8206000F07B
:1026F000E88005EB450502F1090003EB8506C0B251
:10270000C6E9011A2028BE4E83F8800143F82560EF
:1027100000F0D78000EB400502F10A00B94FC0B2CB
:1027200003EB850643F8257020284FF0040583F855
:1027300080017160B56000F0C48000EB400502F1DB
:102740000B00B14FC0B203EB850643F8257020287B
:102750004FF0050583F880017160B56000F0B1802D
:1027600000EB400502F10C00A84FC0B203EB850658
:1027700043F8257020284FF0060583F8800171602A
:10278000B56000F09E8000EB400502F10D00A04F07
:10279000C0B203EB850643F8257020284FF00705EB
:1027A00083F880017160B56000F08B8000EB40051C
:1027B00002F10E00974FC0B203EB850643F8257077
:1027C00020284FF0080583F880017160B56078D04B
:1027D00000EB400502F10F008F4FC0B203EB8506FE
:1027E00043F8257020284FF0090583F880017160B7
:1027F000B56066D000EB400502F11000874FC0B213
:1028000003EB850643F8257020284FF00A0583F86E
:1028100080017160B56054D000EB400502F11100F9
:102820007F4FC0B203EB850643F8257020284FF098
:102830000B0583F880017160B56042D000EB400564
:1028400002F11200774FC0B203EB850643F8257002
:1028500020284FF00C0583F880017160B56030D0FE
:1028600000EB400502F113006F4FC0B203EB850689
:1028700043F8257020284FF00D0583F88001716022
:10288000B5601ED000EB400502F11400674FC0B2E6
:1028900003EB850643F8257020284FF00E0583F8DA
:1028A00080017160B5600CD000EB4000153283F8F8
:1028B000802103EB800251605D4943F820100F2313
:1028C0009360012384F82430E36813B123695948E5
:1028D00098475948F1F76AFA58480BF071FF9FED95
:1028E000580A5548F1F782FA9FED560A5248F1F717
:1028F00093FA9FED540A5048F1F7A8FA9FED520A57
:102900004D48F1F7BBFA514B514993ED006A514BD9
:10291000514ACB60CB6145F69913DFED507A936154
:102920004F4A76EE676A9FED4F7A93614FF0E0234E
:102930004022E6EE877AC3F8882172B6BDEE007AAF
:10294000494BF6EE006AC3ED007A27EE877A474BD3
:10295000C7EE067A77EEA67AC3ED007A62B6B7EED6
:10296000007AD1ED037A77EE677A67EEA67AF5EE14
:10297000C07AF1EE10FA07D4F4EEC77AF1EE10FA4D
:1029800077FE277A37EE677A72B6394B83ED007A95
:1029900062B64FF0E02140204FF48032354BC1F851
:1029A000080101213448354CC0E906233448C4E904
:1029B0000623F3F717FDB6EE080A3148F3F7CAFC11
:1029C0009FED200A2E48F3F7DDFC9FED1E0A2C48F0
:1029D000F3F7F0FC2B492A48F3F7FCFB17212A48B0
:1029E00010F0B2F929480CF0FDFC012103200DF094
:1029F00023FB0121032011B04AE000BFB48F002067
:102A0000C08F0020D08F0020E48F0020F88F00209E
:102A10000890002018900020289000203890002076
:102A20004C9000205C9000206C9000207C90002056
:102A30008C900020A4E00020B03C0420E427022079
:102A40000000C843000000009A99193E4426042063
:102A5000602604203333B33E3C3D0420CDCC4C3EB5
:102A6000743D04203E0A073F48260420082C02201B
:102A7000082604203333010068E0002030E0002005
:102A8000B42502208CEE01209C90002030AC002068
:102A9000BDE8F04F0DF09CBAFF210C200DF048FD71
:102AA000FFF7CABB0022134603F1190102331832A3
:102AB00002340C2B04F8011C04F8022C1A46F3D142
:102AC00075E40246064907480CF0A6FC59E4304676
:102AD000B4E40C936646C5E901330F93A8E400BF44
:102AE0008C8D002030AC00202DE9F84F448B40F253
:102AF00062530646858B671C9F4240F2B880002DCA
:102B000000F0C38040F2635400270021641B0CF0E6
:102B1000F1F877833064F38BA34213D2E41A4FF0B9
:102B2000000A40F2625906EB8508D8F8400018B157
:102B30000CF096F8C8F840A001354D4588BF002537
:102B4000013CF0D1B583002406F1200807F263555B
:102B50000BE00AF1100356F8231019B1E2B2304627
:102B60000CF0A6F80134082C51D0337E2341DB074A
:102B7000F8D558F82430B7EBD31F03F07F0B2CBFE8
:102B8000A7EBD31AA5EBD31ABBF1000FE1D00CF0E1
:102B90000FF881460028E5D0031DBAF1000F38D0A8
:102BA0000AF1FF32103256F82210C9B301F5827EC5
:102BB000AEEB4B0BDE450FD918465A4632F902CB25
:102BC000964520F802CBF9D801F203110233A1EBAC
:102BD0000B0121F001010B440AF1100A09F5827082
:102BE00056F82A10B9B3834206D2043131F9022BC8
:102BF00023F8022B9842F9D8E2B249463046013414
:102C00000CF056F848460CF02BF8082CADD1BDE876
:102C1000F88F40F26252103256F822100029C5D1C6
:102C200003EB4B0B5B45D7D2ABEB090B0AF1100A58
:102C30001846ABF1050B4FEA5B0B0BF1010252009A
:102C400016F09AFE56F82A10831C09F5827003EBE1
:102C50004B030029C7D18342CED209F20312184692
:102C6000D21A22F00102023216F086FEC4E7BD42FB
:102C70001FD000210CF03EF804F11103BD4246F8CC
:102C8000230077832ED87C1B45E7006C08B10BF03E
:102C9000E7FF00270125B846002130460CF02AF84E
:102CA00007F1100340F2625446F82300A6F81A8098
:102CB00031E700EB8409B846D9F8440008B10BF0BD
:102CC000CFFFA51C40F263539D42E5D10021304661
:102CD0000CF010F840F26253C9F8440000251C467D
:102CE000738318E704F26454641B14E72DE9F0477A
:102CF000002182B004460CF009F80146002800F0DB
:102D0000BE80237F002B61D0031D00F5827C6345CC
:102D100056D2E58BD5B9227F013A062A00F2BF8050
:102D2000DFE802F09A8D04A4886559000422E08D42
:102D30002277226BE08302F1404292FBF0F2626262
:102D40006345E6D3E1BB02B0BDE8F087D4E90802F1
:102D500005F1FF3E03F1100661B352149D68D3F8EC
:102D60000CA002EBA030D3E9008730FB08F9104437
:102D700030FB18F8C9EA0849104430FB07F8104442
:102D800030FB17F7C8EA0748104430FB05F710443A
:102D900030FB15F5C7EA0547104430FB0AF502443D
:102DA00032FB1AF2C5EA0245C3E90098C3E902758D
:102DB000D4E9080210443346A4F81EE02062BFE7BD
:102DC0002046002201910BF073FF019802B0BDE88C
:102DD000F0470BF045BF0022208D2262002852D020
:102DE00000F1FF3E0120626220771046B2E7002228
:102DF00063452277A6D2103389B19C45184643E932
:102E0000042243E9022203F12003D9D940F8102B10
:102E1000604540F8042C40E90322EED392E79C453C
:102E200003F1100203F120038DD99445F7D802B0C5
:102E3000BDE8F087D4E908024FF6FE7E8AE7A28D4E
:102E4000E283002A3FF472AF03224FF080402277E2
:102E50000022C4E9080273E70222608D22774FF056
:102E60008042E083B2FBF0F2626269E70522206BE8
:102E70004FF6FE7E22770022206262626AE70346F6
:102E80004FF4807C45E7B4F82AE04FF080420225F9
:102E9000B2FBFEF225770EF1FF3E62625AE7D4E9FB
:102EA00008024FF6FF7E55E772B6037F012B01D96A
:102EB000C28EA2B90022038D0262C38353B9428D30
:102EC0004FF080430221C2830177B3FBF2F34362E8
:102ED00062B6704701234262037762B67047072BE0
:102EE000F6D0036A0721C2835B42017793FBF2F3BA
:102EF000436262B6704700BF72B6037F9A1F012A11
:102F000000D90BB962B67047036A0621828E5B4214
:102F10000177C28393FBF2F3436262B6704700BF4E
:102F2000007FA0F10500B0FA80F04009704700BFB3
:102F30002DE9F041002180460BF0E8FE0446012116
:102F400040460BF0D7FE0646B4B3C8B3231D04F5C4
:102F50008272934223D20C3004F10C0106F5867C78
:102F600051E9022350E9025712FB35FE2EF3CF3E02
:102F700012FB05F222F3CF32C2EA0E4213FB37FEF8
:102F80002EF3CF3E13FB07F323F3CF33C3EA0E43F5
:102F90000830604541E9022301F10801E0D1002237
:102FA000214640460BF084FE20460BF059FE304689
:102FB000BDE8F0410BF054BE0028F9D1BDE8F08126
:102FC0002046BDE8F0410BF04BBE00BFC369BBB368
:102FD00000212DE9F04182B004460BF097FE014636
:102FE00058B3B4F920C00230D4F81CE001F5817563
:102FF00030F8022F82F40042854242FA0CF30EEBC5
:1030000043083EF9136003FA0CF7B8F90230A2EB5B
:103010000702A3EB060302FB03F343FA0CF333446A
:103020000380E5D12046002201910BF041FE01987A
:1030300002B0BDE8F0410BF013BE02B0BDE8F08174
:10304000704700BF0346C06940B100B583B001932B
:103050000DF0E2F9019B184603B000BD1846704719
:10306000931EB3F5004F34D299B370B5541E82B09D
:10307000234025462BD10446C0690E4628B1CDE930
:1030800000320DF0C9F9DDE90032500001930092E1
:103090000DF0BEF931469FED117AA0F1020CE0610E
:1030A000DDE90023F1EC017A013367EE877A9A4279
:1030B000FDEEE77A17EE900A2CF8020FF2DC6B10A7
:1030C00008D010225B1002F1FF32FBD1228402B043
:1030D00070BD704710232384F9E700BF00FEFF4650
:1030E0002DE9F04F83B090461F460E46DDF830A024
:1030F00001F5807BC5690190D0E90994D0E90B23E3
:1031000036F9020B2146040355FB13FC02EB8C0C31
:1031100059FB13F22144CCEB6101A1EB820155FB79
:1031200011F003EB800055FB10F20CEB820259FB0F
:1031300010F3A4EB020EAEEB830E55FB1EF300EB77
:10314000830394442CF34F3C184420F34F307144D4
:1031500021F34F31B34528F802CB27F8020B2AF8A8
:10316000021BCDD10199C1E90A420B6303B0BDE84E
:10317000F08F00BF2DE9F04F1F4685B083690E46E2
:103180009046DDF838B0019306F58072036ADDF8E9
:103190003CA0029300920390D0E90994D0E90B136C
:1031A000029A38F9020B02FB00F020F0784202F19B
:1031B0000062D20052FB12F2254D52FB15F2013D86
:1031C000C01605EBC202C0F106000241019850FB97
:1031D00012F220488242A8BF0246204636F9024B2E
:1031E0001202240352FB13FC01EB8C0C59FB13F16C
:1031F0002044CCEB6000A0EB810052FB10F503EB08
:10320000850552FB15F10CEB810159FB15FE631A84
:10321000A3EB8E0E52FB1EF205EB82038C442CF3C3
:103220004F3C1D4425F34F35704420F34F30009A36
:1032300027F802CBB2422BF8025B2AF8020BAFD17F
:10324000039DC5E90A412B6305B0BDE8F08F00BFBF
:10325000ABAAAA2AE71052002DE9F043002183B05F
:1032600004460BF047FD0546012120460BF042FDC8
:103270000746002D3CD00BF09BFC0646002853D09F
:103280000BF096FC8046002837D00BF091FC81466D
:10329000002850D0031D002F3DD0019308F10403F6
:1032A00020463A1D0093291D331DFFF763FF384662
:1032B0000BF0D6FC28460BF0D3FC0022314620460A
:1032C0000BF0F6FC30460BF0CBFC012241462046C9
:1032D0000BF0EEFC40460BF0C3FC204602224946B0
:1032E0000BF0E6FC484603B0BDE8F0430BF0B8BC79
:1032F0000028F8D103B0BDE8F08328460BF0B0FCFD
:1033000030460BF0ADFC002FF4D0384603B0BDE8DA
:10331000F0430BF0A5BC0093321D08F10403291DF6
:103320002046FFF7DDFEC5E728460BF099FC002F8D
:10333000E0D03846EAE728460BF092FC30460BF026
:103340008FFC40460BF08CFC002FD3D03846DDE7D5
:10335000294B2A4A2A4910B51C6818792369C8776D
:1033600093420BD2274B1B7823B14FF0E02340222E
:10337000C3F80822244CA4F5807302E01446A2F599
:1033800080732249224A0968106899B390B3DFF824
:1033900084C0BCF80020402A2CD802F1020E403232
:1033A00001EB4E01ACF8002000EB4E001A46BFF3D3
:1033B0004F8F03F5807E03F1200CF4452CBF4FF0B6
:1033C000010C4FF0080C4FF0E02E03EB4C1CCEF834
:1033D0005C2F20326245FAD1BFF34F8FBFF36F8F5E
:1033E00033F9042B21F8022B9C4233F9022C20F8EC
:1033F000022BF5D810BD00BF58E20020601727202F
:1034000000800E406FBD04206018272050E200208D
:1034100054E2002052BD042070B582B005460BF086
:10342000C7FBF0B101900BF0C3FB019B0146A8B1B3
:1034300072B6254802887F2A1DD8DFF894C0DCF8D0
:103440000020002A38D0019162B618460BF008FC23
:10345000019802B0BDE870400BF002BC18460BF0BA
:10346000FFFB72B6184803887F2B02D862B602B001
:1034700070BD00210B46DFF858E00022DFF84CC099
:10348000DEF80060DCF800400280CEF80030CCF8B6
:10349000001062B6314628460BF00AFC30460BF0AD
:1034A000DFFB2846012221460BF002FC204602B039
:1034B000BDE870400BF0D4BBCCF80030034B028069
:1034C000196062B602B070BD52BD042054E2002003
:1034D00050E2002000B583B001900BF0C1FD0198CF
:1034E00003B000BD10B5244C012120460BF052FD65
:1034F000002000F025FA022220490320204B4FF043
:10350000060CC1F87C01C3F894211E4923681E48AB
:1035100059609A609A824FF480721C4918600020AA
:103520001961DA822179DA83A3F81CC0ACF2062C87
:10353000174AD860C3F818C042F821001548164B46
:1035400042F82100154AC3F888200BF003FD2379C7
:10355000134C0121134A207003F11000124C02EBAE
:103560005312E37603F01F039200104C9940104B66
:1035700043F82040116010BD58E2002000801F4039
:1035800000841F4000000101A2403840601627203F
:1035900000C00E401300008000403840010000923F
:1035A0006FBD04204038003800800E40A5FA0000AE
:1035B00000D80020024A034903480FF031BD00BF84
:1035C000C0B8002029FC000058E2002030B5846912
:1035D00083B0ACB3B4F5803F05464FF0000120D076
:1035E0000BF094FB014680B3043001F5827C036844
:1035F00034FB03F234FB13F302F30F0203F30F0364
:10360000C2EA034340F8043B8445F0D12846002237
:1036100001910BF04DFB019803B0BDE830400BF079
:103620001FBB0BF067FB044678B101460022284619
:103630000BF03EFB204603B0BDE830400BF010BB62
:1036400021460BF057FB0028E6D103B030BD00BF88
:103650002DE9F8430546002700F1180439462846AD
:103660000BF054FB814600286BD02068B0F5803FFA
:1036700053D10137042F28D03946284604340BF0A3
:1036800039FB0028F5D02168B1F5803F27D009F13A
:10369000040C021D00F5827E52F8046B31FB06F328
:1036A00031FB16F803F30F0308F30F08C3EA0843CE
:1036B000DCF8006093FA16F372454CF8043BEBD14A
:1036C0000BF0CEFA0137042FD6D128464946002206
:1036D0000BF0EEFA4846BDE8F8430BF0C1BA00F132
:1036E0000C0C09F10C0300F5867E53F8082C5CF8ED
:1036F000081C92FA11F243F8082C53F8042C5CF8D9
:10370000041C92FA11F20CF1080C43F8042C083353
:10371000F445EAD10BF0A4FAD4E709F1040109F564
:10372000827C0B6830FB03F230FB13F302F30F02D1
:1037300003F30F03C2EA034341F8043B6145F0D1B0
:1037400097E701370434042F88D1BDE8F88300BF20
:10375000464B474A18682DE9F04F464C83B019791B
:1037600004F580750368D177AB420CD2424B2C46EE
:1037700005F580751B7823B14FF0E0234022C3F894
:1037800008223E4800E02046DFF800A1DFF8009163
:10379000DFF800813A4ADAF80030D2F800B0B9F820
:1037A0000060B8F80070002B4CD0BBF1000F21D1A5
:1037B000002B47D0191D019301EB4601403601F063
:1037C000E8F9019BBFF34F8F4FF0E022C2F8704F32
:1037D0002034AC42FAD3BFF34F8FBFF36F8F7F2EED
:1037E00024D8A9F800607F2F12D8A8F8007003B081
:1037F000BDE8F08F191D0BF10402019302EB4702A3
:10380000403701EB4601403601F0A4F9019BD9E7AE
:1038100000245846A8F800400BF022FA194B1A6809
:103820001C60174B1A6003B0BDE8F08F00241846E7
:10383000A9F800400BF014FA134B1A681C60CAF880
:103840000020D0E70193BBF1000F08D00BF1040179
:1038500001EB4701403701F0BCF9019BB2E74FF49F
:103860008072594616F088F8019BABE780E2002091
:1038700000800E406018272071BD042060192720A9
:1038800078E200207CE2002074E2002070E2002058
:1038900056BD042058BD042010B5002104460BF08D
:1038A00029FAA0B172B6204A1368002B34D01F4900
:1038B000D1F800C0BCF1000F33D0C2F800C00860DE
:1038C00000211B4A118062B618460BF0C9F901218C
:1038D00020460BF00FFAC8B172B6164A1368B3B19E
:1038E0001549D1F800C0BCF1000F0DD0C2F800C0DE
:1038F0004FF0000C114A0860A2F800C062B61846EA
:10390000BDE810400BF0ACB9086062B610BD0B49C1
:1039100010600B8062B610BD054910600B8062B666
:10392000D5E7086062B6D2E770E2002074E20020BA
:1039300056BD042078E200207CE2002058BD04201F
:1039400038B52E4C2E4AE36F43F44023E367936867
:10395000002B49DBD2F88830002B45DB002342F2F4
:1039600010724FF40C6105461C201CF05FFAE369ED
:10397000244A23F4406343F40063E361A36A6FF3D2
:10398000080343F0CE03A3621F4B51680B4043F47E
:10399000002353602DB91D4B0322C3F82021C3F827
:1039A00024211A4C4FF0030C154B0020C4F828C1F9
:1039B0001C2418664FF48031DC60154C154A1C61DC
:1039C000154C59619C611024DA61C3F8E000C3F81A
:1039D0008C401248124CC3F89040C3F89410C3F8BE
:1039E0009800C3F89C2038BD0028FCD1074B032267
:1039F000C3F82021C3F8242138BD00BF00C00F4008
:103A00000040384000C00A40F8FFF7FF00801F4028
:103A100001000047001F1F1F1B1F01101B1F01007B
:103A20000100000738B5274C0121022520460BF084
:103A3000B1FA0020244A254B10601860FFF780FF80
:103A4000234B0321234A0020C3F880112368DFF8A9
:103A5000B0C01A604FF48072C3F80CC0DA821E49FD
:103A6000DA830622DFF89CC09A839861C3F810C0FD
:103A700098821A4AC3E90115194D2179194B45F865
:103A8000210045F82130184B1848D976D2F88830F3
:103A900043F01043C2F8883090600BF05BFA227953
:103AA000134B0121134C03EB5213207002F1100051
:103AB00002F01F02104C9B009140104A42F8204037
:103AC000196038BD80E2002070E2002078E200201A
:103AD00000801F406018272002000101004038408C
:103AE00000C00E401400008000800E4001040090D1
:103AF0004038003871BD0420A5FE000000D8002029
:103B000000FEFFFF22403840024A034903480FF0FD
:103B100087BA00BFC0B8002029FC000080E2002066
:103B2000F0B583B004460BF043F8002800F0B780EE
:103B3000237E0146E269D3B9C2EA2242031D00F5A1
:103B40008270C3E90022C3E90222C3E90422C3E967
:103B5000062220338342F4D12046002201910BF04B
:103B6000A7F8019803B0BDE8F0400BF079B8061D46
:103B7000D4E9083082FAA3F7EFF300852D0140F174
:103B80009080002877D0451C022D04D993FBF0F7D4
:103B900092FBF0F57F1B7F2F3DDD871802EB400283
:103BA000C2EA2747861802EB4002C2EA2646851879
:103BB00002EB4002C2EA254502EB40030244E36106
:103BC000C3EA2243C1E9035301F1240001F58A75D8
:103BD000C1E90176626AE369D61803EB4203C3EADE
:103BE000264603EB020E03EB4203C3EA2E4E03EB21
:103BF000020C03EB4203C3EA2C4C9F1803EB420375
:103C0000E361C3EA274340E9046E40E902C3103090
:103C1000A842DFD1A0E7012F24DD02EB4005831885
:103C2000E561C5EA2345032F4D603DDD4FEA570EA0
:103C300001F108000EF1010C01EB8C0CE569626AE0
:103C400005EB42032A44E361C3EA224340F8043B04
:103C50006045F3D1023F06EB8E06CEF1010E236ADA
:103C600007EB4E073FB1E269606A0244C3EA2242B1
:103C700046F8042B236A002001F58272E361207666
:103C8000C3EA23439642BFF467AF46F8043BB2420F
:103C90007FF662AF46F8043BB242F6D85CE703B069
:103CA000F0BD97FBF0F776E74FEA570ED2E700BF7B
:103CB000B1F5803F4FEA21235FFA81FC11DA0F4909
:103CC0005A1C023331F9122031F91300CCF58073FC
:103CD0000CFB00F002FB03008030001200F5C04036
:103CE000704740F2FF110548C3F50072C91A30F958
:103CF000122030F9110052424042E7E78C9F002029
:103D0000B1F5704F2DE9F04305461646084638DCFC
:103D10001A46244C0B4624494FEA232C002B5FFA09
:103D200083FE0CF101070CF1020CCEF5807803DA6A
:103D300003F580530132EFE734F8177034F81C9024
:103D400017FB08FC1EFB09CE0EF1800E4FEA2E2E4B
:103D500026B30EF5C04E02F00F0C03F5805301326E
:103D600005EB8C0CB3F5704FDCF810717744CCF890
:103D70001071D1DDC0F5704300F580506FF30B0377
:103D80001844D5F8083105EBC302013303F01F03D3
:103D900090601673C5F80831BDE8F083A1EB0E0EF4
:103DA000D9E700BF8C9F002000A0FFFF2DE9F84F4E
:103DB000D0E94298D0F804A0A9EB0803DB063DD077
:103DC00006464C4609E07368BBF1000F39D003F595
:103DD00040437360A045824418D0013C304604F053
:103DE0001F0406EBC407BD6897F80CB0294605F51B
:103DF0008055FFF75DFFB5F5003FBD60E3DABBF12D
:103E0000000FE7D14042A0458244E6D108F1010805
:103E100056F83830B3F5003F10DB08F01F03994522
:103E2000C6F80C310AD003F1010856F83830B3F562
:103E3000003F03DB08F01F03C6F80C315046BDE815
:103E4000F88FA3F540437360DCE700BF002938B565
:103E500004461546036820DB002B00DB38BDC3F1A8
:103E6000000CCA1A00234FEA0C304FEA1C5113F021
:103E700025FB40F6FF7194F85031B0F5805F18BF14
:103E80000146002BEAD12B46012249422046FFF78A
:103E900037FF012384F8503138BD002BDEDBD0F82A
:103EA0005401CA1AC11A00230803090D13F006FBB6
:103EB00040F6FF7194F85031B0F5805F18BF0146AD
:103EC000002BCBD02B46002249422046FFF718FF9B
:103ED000002384F8503138BD2DE9F8431E4690F890
:103EE000503104460D461746EBB10268D0F8541124
:103EF00091421ED9954201D3A9421AD8891A0023AA
:103F0000AA1A0803090D13F0D9FAB0F5805F3346F9
:103F10004FF0000214BF414220492046FFF7F0FE57
:103F2000002384F850312368002D984601DB002BD4
:103F300001DBBDE8F883C8F10001A5EB080200230E
:103F4000C4F8547108039146090D13F0B7FAB0F59F
:103F5000805F33464FF0010214BF41420F492046B3
:103F6000FFF7CEFE0123BD4284F85031E1D3A7EB29
:103F700008014A4600230803090D13F09FFAB0F523
:103F8000805F33464FF0000214BF41420349204690
:103F9000FFF7B6FE002384F85031CAE701F0FFFFB7
:103FA00070B50D1E064614461BDBFFF7FFFE326898
:103FB0004FF44043002AA3FB0213A3F5C04300FAC9
:103FC00083F309DB04F00F0406EB8404B4F9100159
:103FD000C4F81031356070BD726802F540427260FD
:103FE000F0E70268002A12DBC2F100410023AA1A9E
:103FF0000803090D13F062FAB0F5805F23464FF015
:10400000000214BF414209493046FFF779FE2946B4
:104010003046FFF7CBFE33684FF44042A2FB032348
:10402000A3F5C04300FA83F3CCE700BF01F0FFFF24
:10403000436A2DE9F04FD0E9066583B02BB906EB52
:10404000C516866103B0BDE8F08F0446076A0AF022
:10405000AFFD034600285ED0B4F9322006EB070C12
:1040600000F1040B0C2A2CD8DFE812F00D008100BF
:104070008D009F00BB00DE00F200FF0016015A0019
:104080005A0050017C01D4F824E000F582776146A3
:10409000B34E0A0EC1F30F2036F9129002F1010857
:1040A000C0F5803236F9188009FB02F200FB0822C5
:1040B00052FB0EF22BF8022B5F452944E9D10CEBA1
:1040C000C51C226AB4F93410ACEB0202A26199B1AA
:1040D000B3F904200A4402F30F02991D03F5827517
:1040E0009A80B4F93420B1F90000024402F30F02BF
:1040F00021F8022BA942F4D1204600221946009350
:104100000AF0D6FD009803B0BDE8F04F0AF0A8BD54
:1041100018460AF0A5FDA36903EBC513A36191E757
:1041200000F10209E2464FF0000804F13806674644
:104130008346AA44424630465146FFF731FFB4F960
:104140003210626A0A2902FB00F34FEA234303D1CB
:10415000524200FB02F2131408F1010829F8023F51
:10416000B8F1800FE5D15B4607EBC51CA9E7666A8D
:1041700000F58270624636FB12F12BF8021B58459F
:104180002A44F8D19BE7666A26F34F06811C00F5A6
:10419000817E6246774236EA220028BF38462A44AA
:1041A00021F8020F7145F6D189E7861C00F5817868
:1041B000676A60464FF6FF7E810FC213AEEBD039BF
:1041C000013907FB02F22844012907FB09F94FEAEC
:1041D000224298BF4FEA194226F8022FB045EBD190
:1041E0006DE7E06A002893D0676A03F5827661463E
:1041F0000A0EC1F30F2802F1010EFF2A30F91290C6
:1042000014BF00EB4E0E8646BEF90020C8F5803E76
:1042100008FB02F20EFB092252FB07F22BF8022BDD
:10422000B3452944E4D14AE7666A26F34F06D4F839
:104230002880811C00F5817E6246774290458CBFC4
:10424000304638462A4421F8020F8E45F6D136E72B
:10425000606A03F582766246C04330FB12F12BF8A8
:10426000021B5E452A44F8D129E700F582776646AD
:10427000E046814602E0BB4500F0C480B4F930302E
:10428000AE192BF8023BF6D3606A0BF0CDFA636AE5
:10429000A0EB63002086EEE7A26A4FF6FF714FF0B5
:1042A000FF370230160C6FEA520AACEB520ED4F80C
:1042B0002480891B6FF00049B7FBF1FBB7FBF6F6D2
:1042C000510803F581776246CDE900C30AE01B0C73
:1042D00008FB03F31B0C20F8023F87422A44AE443C
:1042E00000F08B80130C914206FB03F3EFD88B1880
:1042F0004FEA1E4C92454FEA13430BFB1C9C73D9AB
:104300004FEA2C4308FB03F31B14E4E7E1464FF0AC
:10431000000804F13806674682462F44424630467C
:104320003946FFF793FD39463046FFF73FFD08F069
:104330000F0208F1010804EB8202B8F1800FB2F914
:104340004831C2F84801616AA76301FB03F34FEAF1
:1043500023432BF8023BE0D1534609EBC51CB0E6E2
:1043600018220020AA46002704F13806DFF89C80B6
:104370006546A146CDF800C00190D9F828405544C3
:104380003B46304622462946FFF7A6FD29463046E1
:10439000FFF70CFDA8FB042107F00F020137641A98
:1043A00009EB8202802F01EB54014FEA1141C1F564
:1043B00040510144D2F84801C2F848114FEA601256
:1043C000D9F82410C2EB6002C9F8385012B201FBD0
:1043D00002F24FEA22422BF8022BCED1DDE900C3D4
:1043E0004C460CEBCA1C6CE606FB03F303F10043DE
:1043F0001B1408FB03F31B146DE7DDE900C30CEB92
:10440000C51C5EE64B4608EBC51C5AE60160008001
:104410002DE9F04F002185B00646446A0AF06AFC97
:1044200005460190012130460AF064FC326AD6F854
:1044300030820090002D00F01C8196F83932D6F8B9
:1044400028C0002B46D106F13003291D05F5827BDB
:10445000DFF8F8A29E46DFF8F89247F6FD77B94DEF
:10446000CDF8088031F9028B0CFB08F828F0784071
:1044700000F10060C00050FB10F050FB1AF04FEA52
:10448000E86809EBC000C8F10E0840FA08F0A0FB8C
:104490000408000CB84540EA08408CBF52191218B5
:1044A00059454EF8042FDDD10198DDF808800392BC
:1044B00002930AF0D5FBDDE902323262F26A3ABBBE
:1044C000009B002B00F0E380184605B0BDE8F04FDC
:1044D0000AF0C6BB019906F1300310460D1D01F527
:1044E000827E1F4635F9021B0CFB010175452044F5
:1044F00047F8041FF6D102EBC4120198039302920D
:104500000AF0AEFBDDE902233262F26A002AD7D05C
:1045100001930AF04DFB019B05460028D0D096F888
:10452000381200F1040B0C292CD8DFE811F0CE0171
:10453000C101D1000D003E0113013001A60163014C
:10454000B300B300E30050001946AC1C06F50C7C28
:10455000F06A4FF6FF7751F8043F4FEA937EDA1383
:104560000EF1FF3EA7EBD33300FB02F2BEF1010FC9
:1045700000FB03F34FEA224298BF1A0C614524F86E
:10458000022FE8D1B6F936229AB1B5F904301344B6
:1045900003F30F03AA1D05F58270AB80B6F936321E
:1045A000B2F900100B4403F30F0322F8023B9042D0
:1045B000F4D1009B002B52D13046002229460AF04C
:1045C00077FB284605B0BDE8F04F0AF049BB009ADA
:1045D000002A00F08F809A4602F102094FF000088D
:1045E00006F50F77019539F9024F43465AF8045FF3
:1045F000384604F50044294624042246FFF76CFCA3
:1046000029463846FFF7D2FB4F4BA3FB042308F0A3
:104610000F0208F10108E41A06EB8202B8F1800FDC
:1046200003EB54034FEA1343C3F540530344D2F85A
:104630004C03C2F84C334FEA6013F26AC3EB6003D9
:10464000C6F83C521BB202FB03F34FEA23432BF89C
:10465000023BC8D1019DB6F93622002A95D10098B7
:104660000AF0FEFA3046002229460AF021FB2846CD
:10467000A8E706F1300306F50C751046194641F817
:10468000040FA9422044FAD102EBC4123CE705B062
:10469000BDE8F08F1C4606F50C784FF0000906F5D2
:1046A0000F774A4654F8041F384609F10109FFF70D
:1046B00077FCF36A96F8382203FB00F00A2A4FEAE7
:1046C000204008BF4042A0452BF8020BE9D159E732
:1046D000F06A20F34F00A91C06F50C77444253F80A
:1046E000042F30EA220228BF22469F4221F8022FDF
:1046F000F5D147E7994606F50C784FF0000A06F524
:104700000F7759F8044F524638462146FFF79EFB73
:1047100021463846FFF74AFB0AF00F03C8450AF165
:10472000010A06EB8303B3F94C23C3F84C03F36A85
:10473000C6F83C4203FB02F24FEA22422BF8022B5E
:10474000DFD11FE70000FE7F01600080ABAAAA2A2C
:10475000AAAAAA2A00990029BAD0F26A22F34F0C19
:104760001C468A1CA81C01F5817ECCF1000832F998
:10477000023F614654F8047F03F50043B7EB034F53
:1047800028BF4146724520F8021FF0D163E7F06A66
:10479000194605F58274C04351F8043F30FB13F30A
:1047A0002BF8023BA345F7D1ECE6346B002C00F06C
:1047B000B2801846F26A05F5827750F8041F0B0E96
:1047C000C1F30F2103F1010CFF2B34F913E014BFE7
:1047D00004EB4C0CA446BCF90030C1F5803C01FB55
:1047E00003F30CFB0E3353FB02F32BF8023B5F4544
:1047F000E3D1C7E6009A002A3FF4A6AE911C06F169
:104800003404AF1C06F50D78D6F82C904FF0FF3E1F
:104810004FF6FF7A6FF0004B019607E01B0C09FB87
:1048200003F31B0C444527F8023F72D031F9022FE5
:1048300054F8040B02F50042030CB0EBC23F6FEAE0
:10484000C23CBEFBF2F606FB03F3E7D300EBC23338
:104850008445A0EBC230AAEB02024FEA13434FEAB1
:10486000104006FB03F34DD9BEFBF2F202FB10B37E
:104870001B1409FB03F31B14D4E7444606F50C771D
:10488000984606E0B6F9343247452BF8023B3FF430
:1048900079AE234658F8044F9C42F3D2F06A0AF0EE
:1048A000C3FFF36AA0EB63031BB2A6F83432EBE755
:1048B0001946F46A05F5827051F8043F34FB13F38E
:1048C0002BF8023B5845F7D15CE61C46F26A05F529
:1048D0008277134854F8041F0B0EC1F30F2130F9EF
:1048E00013E003F1010CC1F5803330F91CC00EFB5D
:1048F00003F301FB0C3353FB02F32BF8023B5F4540
:10490000E8D13FE603F100431B1409FB03F31B143A
:1049100088E7019E9FE628460AF0A2F9D0E500BF8D
:10492000182200202DE9F843C1EBC164002388461A
:104930000646640100274FF44049264D9C4204601E
:10494000C0E94233ACBF4FF4C043234B436019E08E
:10495000FFF72CFA3268A9FB0213002AA3F5C04323
:10496000184405DA002C03DB736803F540437360D9
:1049700007F00F03013700B24433202F46F823001D
:10498000346025D0234614EB080430462146DFD599
:10499000002BDDDBC3F10041424600230803090D73
:1049A00012F08CFDB0F5805FC0F100013B4608BFFE
:1049B000294600223046FFF7A3F921463046FFF78B
:1049C000F5F93368A9FB0323A3F5C0431844CFE7E7
:1049D000BDE8F88301F0FFFF00A0FFFF2DE9F843D9
:1049E000C1EBC16400238846054664011746C0F840
:1049F00054219442C0F80831C0F80C3104602AD226
:104A000001234FF4C04285F850314FF00009134B99
:104A10006A60A3FB0723FA1A03EB5206360CC6F5AD
:104A2000405644444B463A4628462146FFF754FA3E
:104A300021462846FFF7BAF909F00F03304409F17F
:104A40000109443300B2B9F1200F45F823002C606E
:104A5000E7D1BDE8F883024AD5E700BF01600080D6
:104A600000A0FFFF4FF00042FFF7B8BF00234FF454
:104A7000C042C0E94233C0E9003270472DE9F0433B
:104A8000846983B014B903B0BDE8F083054681465C
:104A90000AF08EF801460028F5D0EB690C3001F5DC
:104AA000867E44F2A712DFF8A8C012FB13F69BB271
:104AB0000CEA064502FB03F303EBD6331D4425F055
:104AC000004303EBD57334FB03F512FB13F70CEA39
:104AD00007469BB206EBD73602FB036626F000437F
:104AE00003EBD67334FB03F6C5EA064512FB13F756
:104AF0000CEA07469BB206EBD73602FB036626F0AC
:104B0000004303EBD67334FB03F712FB13F80CEAF4
:104B100008469BB206EBD83602FB036323F000463F
:104B200006EBD37334FB03F6C7EA064740E90257A6
:104B300008307045B9D148460022C9F81C300191AF
:104B40000AF0B6F8019803B0BDE8F0430AF088B85F
:104B50000000FF7F2DE9F04F00F5807EB1E8A00A4C
:104B6000B2E84015C5EA0643C6EA2544C7EA084547
:104B7000C8EA2746C9EA0A47CAEA2948CBEA0C49E3
:104B8000CCEA2B4AA0E8F8078645E7D1BDE8F04F0C
:104B900070474FF000022DE9F00F00F5807C00BF58
:104BA000B1E8A00AC5EA0203C2EA2544C7EA020541
:104BB000C2EA2746C9EA0207C2EA2948CBEA020943
:104BC000C2EA2B4AA0E8F8078445E9D1BDE8F00F16
:104BD00070474FF000022DE9F00F00F5807C00BF18
:104BE000B1E8A00AC2EA0543C2EA0504C2EA0745E1
:104BF000C2EA0706C2EA0947C2EA0908C2EA0B4943
:104C0000C2EA0B0AA0E8F8078445E9D1BDE8F00F35
:104C100070472DE9F00F089C00F5007B51F8045B0C
:104C200053F8046BC5EA0647C6EA254952F8045B07
:104C300054F8046BC5EA0648C6EA254AA0E880078E
:104C40008345EBD1BDE8F00F704700BF01207047EE
:104C50000020704743792BB10021D0E9270303FBE3
:104C600000F0704718460021704700BF00207047D1
:104C7000002070470020704700207047F0B40546C0
:104C800018462027314B84B25F6144EA054405256C
:104C9000C3F8B850C3F8A0100121C3F8A440C3F86A
:104CA000B0100F282CD8E8B1C31D284CDB08D4F86D
:104CB000F010C9B29942FAD3032837D920F0030182
:104CC000234D860813461144AD1A5C5943F8044B32
:104CD0008B42FAD11F4B10F0030033444FEA830399
:104CE0001B682FD1194A5369D907FCD553691B0793
:104CF00001D508235361154B0122F0BC5A6170475E
:104D000059698D0602D459698C06F9D5D3F800612A
:104D10001032D3F804511038D3F80841D3F80C11ED
:104D200042E9046542E902415F61BAE7D4F8003123
:104D300001281370D6D0190A03285170D2D11B0C48
:104D40009370CFE702EB8602F2E700BF00402A40F3
:104D500000412A4040900A10D0F800C002F500003F
:104D60001A46DCF89CC008B50CFB0101029B092027
:104D7000FFF784FF002008BD00487047C02A00608C
:104D800092B32DE9F043C46983B05CB317469946EA
:104D90000E460446426900250021384614F0ECFD19
:104DA0006269D4F804803B46009231462A46204688
:104DB000C04762697AB1501E07F1FF3C384401E0F8
:104DC000844508D01CF801EFBEF1FF0FF8D0002099
:104DD00003B0BDE8F083B9F1000F03D01544E369D7
:104DE000AB42D9D80120F3E700207047064808B548
:104DF000D0F800E0184602EB0E0C029A0CEBC13121
:104E00000BF06AFA002008BDA8E2002008B5DFF820
:104E10001CE0DEF800E002EB0E0C029A0CEBC13055
:104E200019460BF07BF9002008BD00BFA8E2002066
:104E300008B5044B186800EBC1300BF0E1F9002015
:104E400008BD00BFA8E2002008B5437923B10830AF
:104E500004F0C0F9C343DB0F184608BD43790BB912
:104E60001846704700B5C3B008306A4604F056FCD7
:104E7000C343DB0F184643B000BD00BF437913B9ED
:104E80000020002170470346083000B583B001932D
:104E900004F064FF0028019B03DBD3F8A0208242CA
:104EA00011D21A680E49526A8A4213D15A7932B124
:104EB0000021D3E9273003FB00F003B000BD002040
:104EC000002103B000BDD3F89C30002103FB00F0AB
:104ED00003B000BD184603B05DF804EB104700BFF7
:104EE000A9130100114A1368B0B1DFF844C00133BF
:104EF000DCF800C013608C4515D3CA08012300B547
:104F000001F0070E10F802C0002103FA0EF343EA85
:104F10000C038354084600BD21B1DFF814C01060B3
:104F2000CCF8001019460846704700BFB4E20020D4
:104F3000B0E200200268DFF824C0926962450BD11C
:104F40000346407900B9704703F1080010B504F03A
:104F500041F9C043C00F10BD104700BF9D150100AF
:104F600070B5447984B01CB90024204604B070BDEB
:104F700008301646054604F0E1F90028F4DB0BF092
:104F8000EFFB0423039031460093284603AB6D22C8
:104F900004F028FC0028E8DA222103480DF0D4FEB2
:104FA00002480AF01FFAE0E71491002030AC00201C
:104FB00070B5447984B01CB90024204604B070BD9B
:104FC00000F108050E46284604F01AFD0028F3DB20
:104FD0000BF0C6FB0423039063220093314603AB1E
:104FE000284604F0FFFB002811DB042203AB314606
:104FF000284600926D2204F0F5FB0028DDDA22211C
:1050000007480DF0A1FE07480AF0ECF9D5E7222188
:1050100005480DF099FE03480AF0E4F9E5E700BF02
:105020001491002030AC00203891002010B483B0DF
:105030000B46CDE90012C27C002A30D072B6C27C89
:10504000D40708D54FF0E02C4469DCF880112140EA
:105050008162CCF88011910708D54FF0E02C84696B
:10506000DCF884112140C162CCF88411540708D5C2
:105070004FF0E02CC469DCF8881121400163CCF8C2
:105080008811110708D54FF0E02C046ADCF88C1168
:1050900021404163CCF88C11D2063AD462B68268C2
:1050A000934240D0234A836092692349C2F3011C92
:1050B000C2F3826251F82CC00132BCFBF2F103B39F
:1050C0008B4232D8B1FBF3F2B1FBF2F18B422ED31B
:1050D000B2F5817F1BD2022A27D9023A530803EB8B
:1050E000032342EA0323C360026803210020106106
:1050F000516201211364019B1366116103B010BC5E
:1051000070479445EFD34A1CB2F5817FE3D30B4B34
:10511000E9E74FF0E021446AD1F890212240826310
:10512000C1F89021BAE7C368DEE70023DBE7114648
:10513000E9E700BF00C00F40D0990020FF7F7F004B
:10514000944619B1012903D0012070471AF066BEB8
:105150001A4661461AF076BE0000000030B5D0F85D
:10516000CC4085B0002C77D0D0F89C4004FB0121C6
:1051700090F8D140182C4FEA11424FEA112562D025
:105180008DF8022013228DF80410090E8DF80350BB
:105190008DF801108DF800200446089A0021184669
:1051A0001D4614F0E9FBD4F8CC002EA3D3E900236C
:1051B000CDE90223DDE90212FFF738FF002194F860
:1051C000D0000AF005FF94F8D1306A466946DB0842
:1051D000D4F8CC0001330FF0EFFB089B2A46294698
:1051E000D4F8CC000FF0E8FB012194F8D0000AF0CD
:1051F000EFFED4F8CC20D37C13B3DD0704D5906A3E
:105200004FF0E021C1F800019C0704D5D06A4FF0AF
:10521000E021C1F80401580704D5106B4FF0E021DC
:10522000C1F80801190704D5506B4FF0E021C1F80F
:105230000C01DB0604D5926B4FF0E023C3F810217C
:10524000002005B030BD49BA8DF801200322ADF829
:1052500002108DF800209FE76FF00400F1E700BF17
:10526000AFF3008080C3C901070000000068FFF7AA
:1052700075BF00BF2DE9F04D82B004468846354D1C
:105280000AF07CFE07460FF2C40BDBE900ABD4F852
:10529000CC00CDE900AB9DE80600FFF7C7FE00217A
:1052A00094F8D0000AF094FED4F8CC304FF4A0600B
:1052B0001A68116E01EA050343F00F031366506686
:1052C000136F9E07FCD41166012194F8D000566F2D
:1052D0000AF07EFED4F8CC20D37C13B3D80704D5D3
:1052E000916A4FF0E020C0F80011990704D5D16A07
:1052F0004FF0E020C0F80411580704D5116B4FF0AF
:10530000E020C0F80811190704D5516B4FF0E020D8
:10531000C0F80C11DB0604D5926B4FF0E023C3F804
:10532000102116F0010607D00AF028FEC01B8045A8
:1053300006D30DF085FDAAE7304602B0BDE8F08D3A
:105340006FF0040002B0BDE8F08D00BF80C3C9015A
:105350000700000000F0FFFF0000000030B5044629
:10536000D0F8CC0085B0002800F09D80D4F89C5087
:1053700005FB012294F8D11018294FEA124C4FEA8C
:10538000122E00F087808DF80420120E8DF802C0D6
:105390008DF8012012228DF803E08DF800201D46C3
:1053A00045A3D3E90023CDE90223DDE90212FFF78B
:1053B0003DFE002194F8D0000AF00AFED4F8CC207B
:1053C000062312685366D36D13F4F81FFBD0012136
:1053D00094F8D000536F0AF0FBFD3449FA22344BA5
:1053E00048681B684FEA134C324B02FB0CFC4FEA37
:1053F0005C0CA3FB0C3C4FEA1C2C4A68121A944527
:10540000FBD8002194F8D0000AF0E2FD94F8D130E6
:105410006A466946DB08D4F8CC0001330FF0CCFAB9
:10542000089B00222946D4F8CC000FF0C5FA0121D0
:1054300094F8D0000AF0CCFDD4F8CC20D37C13B380
:10544000D90704D5906A4FF0E021C1F800019D070B
:1054500004D5D06A4FF0E021C1F80401580704D503
:10546000106B4FF0E021C1F80801190704D5506B0B
:105470004FF0E021C1F80C01DB0604D5926B4FF030
:10548000E023C3F81021D4F8D4102046FFF7F2FE31
:1054900005B030BD52BA8DF801C0ADF8022002222D
:1054A0008DF800207BE76FF00400F1E7001000E0CA
:1054B0002CAC00201123970880C3C901070000000D
:1054C0000068FFF74BBF00BFD0F8CC30002B00F0D6
:1054D000A68030B5044687B0D0F894000D4613F08E
:1054E0003BFA024660B101900123294604F1800095
:1054F000FFF746FC002840F08680019813F034FA4C
:10550000D4F89C1094F8D13094F8D22001FB05F522
:10551000182B8DF808204FEA15426ED02DBACDF821
:10552000095007233F4AD4F8CC00CDE90423DDE934
:105530000412FFF77BFD002194F8D0000AF048FD2B
:10554000D4F8CC20062312685366D36D13F4F81FE9
:10555000FBD0012194F8D000536F0AF039FD324995
:10556000FA25324A48681268314B120C05FB02F2E8
:105570005208A3FB0232120A4B681B1A9A42FBD84C
:10558000002194F8D0000AF023FD94F8D13002AA4B
:10559000D4F8CC00DB08114601330FF00DFA0121DD
:1055A00094F8D0000AF014FDD4F8CC20D37CEBB1F1
:1055B000D90704D5906A4FF0E021C1F800019D079A
:1055C00004D5D06A4FF0E021C1F80401580704D592
:1055D000106B4FF0E021C1F80801190704D5506B9A
:1055E0004FF0E021C1F80C01DB0612D4D4F8D8103A
:1055F0002046FFF73FFE07B030BD6DBA8DF8092099
:10560000ADF80A508DE7019813F0AEF9002007B00D
:1056100030BD926B4FF0E023C3F81021E6E76FF046
:105620000400704780C3C901001000E02CAC0020CA
:10563000112397080068FFF747BF00BF30B5D0F8C7
:10564000CC4085B0002C6BD0D0F89C4004FB0121ED
:1056500090F8D1200324182A8DF800404FEA114415
:1056600058D009BACDF801100446089A002118460E
:105670001D4614F081F907232B4AD4F8CC00CDE95C
:105680000223DDE90212FFF7D1FC002194F8D000DB
:105690000AF09EFC94F8D1306A466946DB08D4F8DB
:1056A000CC0001330FF088F9089B2A462946D4F82C
:1056B000CC000FF081F9012194F8D0000AF088FCA9
:1056C000D4F8CC20D37C13B3DD0704D5906A4FF017
:1056D000E021C1F800019C0704D5D06A4FF0E02119
:1056E000C1F80401580704D5106B4FF0E021C1F850
:1056F0000801190704D5506B4FF0E021C1F80C01E7
:10570000DB0604D5926B4FF0E023C3F81021002094
:1057100005B030BD49BA8DF80140ADF80210A3E7DD
:105720006FF00400F4E700BF80C3C9010068FFF711
:1057300085BF00BF70B50446D0F8CC0084B0002807
:1057400000F09D80D4F89C5005FB012294F8D11004
:10575000022518298DF800504FEA124500F0898083
:1057600012BACDF80120474A1E460723464DCDE91F
:105770000223DDE90212FFF759FC002194F8D00062
:105780000AF026FC4149322248682B681B0C02FBB8
:1057900003F33F4A5B08A2FB03231B0A4A68121A61
:1057A0009342FBD8D4F8CC20062312685366D36DFD
:1057B00013F4F81FFBD0012194F8D000536F0AF0C6
:1057C00007FC324948682B684FEA134C322303FB2D
:1057D0000CFC2F4B4FEA5C0CA3FB0C3C4FEA1C2C3F
:1057E0004A68121A9445FBD8002194F8D0000AF0B8
:1057F000EFFB94F8D1306A466946DB08D4F8CC0058
:1058000001330FF0D9F8089B00223146D4F8CC00C0
:105810000FF0D2F8012194F8D0000AF0D9FBD4F8A7
:10582000CC20D37C13B3DD0704D5906A4FF0E02180
:10583000C1F800019C0704D5D06A4FF0E021C1F8FF
:105840000401580704D5106B4FF0E021C1F808019E
:10585000190704D5506B4FF0E021C1F80C01DB06AD
:1058600004D5926B4FF0E023C3F81021002004B060
:1058700070BD52BA8DF80150ADF8022073E76FF099
:105880000400F4E780C3C9012CAC0020001000E044
:10589000112397080068FFF74DBF00BFD0F8CC3048
:1058A000002B00F0AF8030B50446C7B0D0F89400AC
:1058B0000D4613F051F8024660B1019001232946CC
:1058C00004F18000FFF75CFA002840F09580019811
:1058D00013F04AF8D4F89C20FF2106A814F04CF8E5
:1058E000D4F89C2094F8D13002FB05F50222182B45
:1058F0008DF808204FEA154278D02DBACDF809501E
:10590000DFF814C10722D4F8CC00CDE904C2DDE9E8
:105910000412FFF78BFB002194F8D0000AF058FB2B
:10592000D4F8CC20062312685366D36D13F4F81F05
:10593000FBD0012194F8D000536F0AF049FB334BA0
:10594000334948681A683223120C03FB02F2314BC8
:105950005208A3FB0232120A4B681B1A9A42FBD868
:10596000002194F8D0000AF033FB94F8D13002AA59
:10597000D4F8CC00DB08114601330FF01DF80022EB
:10598000D4F89C3006A9D4F8CC000FF015F801210A
:1059900094F8D0000AF01CFBD4F8CC20D37C13B3CD
:1059A000DD0704D5906A4FF0E021C1F800019C07A3
:1059B00004D5D06A4FF0E021C1F80401580704D59E
:1059C000106B4FF0E021C1F80801190704D5506BA6
:1059D0004FF0E021C1F80C01DB0604D5926B4FF0CB
:1059E000E023C3F81021002047B030BD6DBA8DF818
:1059F0000920ADF80A5083E7019812F0B5FF0020A6
:105A000047B030BD6FF00400704700BF2CAC0020E1
:105A1000001000E01123970880C3C9010068FFF758
:105A20003DBF00BFF0B58C4685B0354C19464FF4EC
:105A300000030A9D0646C4F8A0304FF42023C4F8A2
:105A4000A4300123C4F8B0306069C307FCD5070750
:105A500001D5082363612A4B012402F50002A8B294
:105A60005C61D6F89C7040F4302007FB0C22C3F830
:105A7000A020C3F8A400C3F8B04001E0400626D43B
:105A8000586910F00104F9D0020701D508225A61C3
:105A90001B4B01225A61D6F8D0500AF06FFA044627
:105AA00006E00AF06BFA001B854221D30DF0C8F91D
:105AB0000D2001230DF10F024FF40001FFF7DEF876
:105AC0009DF80F0010F00100EBD105B0F0BD082DDE
:105AD00012D8002DD4D02A460A4801910AF0FCFBC6
:105AE000074A402001991346506129442546C7E7DB
:105AF0006FF0040005B0F0BDA5F108040825EAE741
:105B000000402A4080412A400068FFF78BBF00BF59
:105B100030B5054685B0D0F894000C4612F01CFF55
:105B200060B1024601900123214605F18000FFF794
:105B300027F900284ED1019812F016FF294A4FF498
:105B400020234FF40001C2F8A010C2F8A4300123B2
:105B5000C2F8B0305369D907FCD51B0737D4214AA6
:105B600001235361D5F89C1001FB04F44FF440214C
:105B700004F50004C2F8A040C2F8A410C2F8B03086
:105B80005369D807FCD519071ED4164B01225A6158
:105B9000D5F8D4500AF0F2F9044606E00AF0EEF91E
:105BA000001B85421AD30DF04BF901230DF10F02B2
:105BB0004FF400010D20FFF761F89DF80F30DB076F
:105BC000ECD4002005B030BD08235361DDE7082385
:105BD0005361C4E7019812F0C7FEF2E76FF00400CA
:105BE00005B030BD00402A400068FFF791BF00BFFC
:105BF000826E436D126AD31A1944B1FBF2F302FBB1
:105C00001311836D8B420BD94FEA511C406E01F08A
:105C10001F01012250F82C308A40134340F82C30E9
:105C200000207047CB00036848BF184A83EA010C84
:105C300058BF174A1CEA020F18D043F30902013279
:105C400014D0144ADFF844C000B503EA020E124A29
:105C500001EA0C0C4EEA0202944509D00A0D02F446
:105C6000E06CBCF5806F05D0002000BD01207047BE
:105C7000012000BDC3F3892CC1F389218C45F3D3E6
:105C800052B203EB82230360EEE700BF00FCFF7F0C
:105C900000FC0F7000FC0F000000F04F024641F3C3
:105CA000090C00201368BCF1FF3F08BF0131043329
:105CB000C1F3090119441160704700BF024600207A
:105CC00013680133136070472DE9F04F87B0139FBD
:105CD000109E119C002F7FD09B461546013B8846A5
:105CE00082460293B8F1000F44D0139FD8F80030D9
:105CF000B34242D0B94613972B689E422ED0DAF8B1
:105D00006800139B41699B45B4FBF1F201FB124211
:105D100003D88B4201D3002A3DD0029BA2EB040C96
:105D2000A21A2E600B442344B3FBF1F301FB03F3EF
:105D3000C1696A608B4294BF9C448C44836A31463B
:105D4000634528BF63460093AB60D0F80490EB68CE
:105D5000C8470028C6D007B0BDE8F08FD5E90113C9
:105D60000B44A342CBD9A1423AD9091B894528BF8C
:105D70008946C4E7DDF84C90BEE7D8E901130B442F
:105D8000A342B7D9A1423FD9A1EB04091397B94562
:105D900028BFB946B0E7B9FBF1F301FB03F3314685
:105DA0001F46009342680397A9EB07070492224617
:105DB0000597129B049FB8470028CCD1059A039FF2
:105DC000A2EB0903139A3C441A441392129A3A44E0
:105DD0001292139B002B85D1002007B0BDE8F08FF5
:105DE0001B1B611A1298994528BF9946EB684A46D1
:105DF00019440AF071FA129B4C444B441293139BC2
:105E0000A3EB09031393E4E7A3EB0409611AD8F8A1
:105E10000C30B9451298194428BFB9464A464C443B
:105E20000AF05AFA129BB7EB09074B4412937FF41E
:105E30005DAFD1E7836E0246196B00B583B029B11F
:105E4000596B61B19B6B9BB103B000BDC0680192FF
:105E500012F08AFD019A936E596B0029F2D1D06934
:105E6000019212F081FD019A936E9B6B002BEBD196
:105E7000506E03B05DF804EB12F076BD0B6B30B5DD
:105E80008D6A83B004468166002B3DD0C3604B6BA6
:105E9000002B47D0E3612A46FF21E0684FF0FF3531
:105EA00013F06AFDA36EFF21E0699A6A256013F082
:105EB00063FDA26E2561936B002B3AD06366D16BB4
:105EC00000234FF0FF3040F2FE35994208BFFF211A
:105ED000E166116C994208BF6FF000412167526C76
:105EE00063649A4208BF2A46A36323656267C4E9D4
:105EF00008001846C4E90A33C4E90F33C4E90C3377
:105F0000C4E9123303B030BD2846019112F024FDDC
:105F10000199E0600028BAD12046FFF78BFF6FF0AF
:105F20000B00EFE7284612F017FDE0610028B2D120
:105F3000F2E7D06A019212F00FFD019A6066002824
:105F4000BDD1E9E72DE9F04F87B0DDF84880B8F121
:105F5000000F37D01F4693468A46064600240DF1AF
:105F6000100901E0A0452DD9B16EA8EB0405109BE6
:105F70005246086A03EB040CABEB040387422BD2B6
:105F8000082DC96928BF082505EB0C00884223D8D5
:105F900000213046CDF804C00097CDE90295FFF707
:105FA00093FE119903462A462144484633B913F01B
:105FB0000FFC00282C44D5D009DB0223184607B07B
:105FC000BDE8F08F0023184607B0BDE8F08F01232D
:105FD000184607B0BDE8F08F6FF05303184607B0BE
:105FE000BDE8F08F30B51346C1F30904826885B06F
:105FF00001680546A24228BF2246029240680190ED
:106000005868009008461B68FFF79CFF28B9AB68EA
:10601000A34202D034BF0120022005B030BD00BF32
:106020002DE9F0430C46096885B0CD1C03D900204A
:1060300005B0BDE8F0830746806EA5689146826989
:106040001E46E36802EB050C0CF1FF3CBCFBF2FCC6
:1060500002FB0CF20092904685686268A84700280F
:10606000E6D196B1E36842464946384601936368F3
:10607000CDF8088000934FF0FF33C9F80030236853
:10608000FFF760FF0028D3DB09D1BB6EFF21E0687A
:106090009A6A13F071FC4FF0FF332360C7E76FF08B
:1060A0005300C5E72DE9F04F83B0DDF83C900C9D1F
:1060B0000D9EB9F1000F35D00C4693468246816E95
:1060C0004FF00008019308E08A692560C4F8088051
:1060D000B6FBF2F302FB03F363602368AB42F3D138
:1060E0006068B042F0D88F6A0744B742ECD9BF1B52
:1060F000E368301A0E994F45184428BF4F463A4678
:106100003E440AF0E9F86368A268F31ADAF8681006
:10611000934238BF13468A6A9A42A36006D0B9EB0D
:1061200007090ED1002003B0BDE8F08F019B5A464D
:1061300021465046FFF774FF0028F0D003B0BDE8B9
:10614000F08F0E9BDAF868103B440E93C5E700BF52
:1061500070B586B01D460C461646CDE902234B6845
:10616000024601930B6800F1100100930023FFF732
:1061700099FF034650B92A4605903146E06803F07E
:10618000FFFD6268059B2A44E0606260184606B025
:1061900070BD00BF2DE9F04F89B01C46DDF8489076
:1061A00007924BB94FF0FF33139A00201360149BF2
:1061B0001C6009B0BDE8F08F866E03F1FF3B8A4694
:1061C0008046F469083CA34555D3BBFBF4F0013885
:1061D00011F08CF902304C45ABEB800BBBFBF4F5B6
:1061E0004DD8B9FBF4F0013811F080F9871CA9EB08
:1061F0008707B7FBF4F7384611F078F9A9EB800B65
:1062000004FB17B4AF4234D2BB460DF11C0937462C
:10621000069401E0D8F86870386AA5EB0B04079E75
:1062200095FAA5FCB4FA84F404238642BCFA8CFCEB
:1062300052464FF0000125D2C4F11F00604528BF2F
:106240006046D7F81CC087000590404607EB030E58
:10625000E64517D8CDE90293CDE90067FFF734FD95
:1062600001230028A5D105988340ED1AAB45D1D371
:10627000069C079B98E74C4507D80025B1E74C469C
:106280000027BFE76FF0530093E74C46F1E700BFEC
:106290002DE9F04F41F30903D0F804B08BB0B3F10E
:1062A000FF3F14BF0E464E1CDBF80430DBF81450E1
:1062B000C6F3090604333344AB4264D821F0004AE4
:1062C000DBF80830056817468AEA03030C4609AA7A
:1062D00059461BBA284609930423FFF739FF814624
:1062E000002834D1844236DA002E3CD0CDF818A0F4
:1062F0000DF12308B246CDF81C90059701E0CA4580
:1063000037D0A86EAAEB0903059F2A46046A00212C
:106310003E68A64232D27C68D0F81CC028464C4465
:1063200004F1010EE64529D80127CDE90064CDE945
:106330000287FFF7C9FC04463B46424659462846B9
:10634000FCB9B944FFF704FF0028D8D0814648467D
:106350000BB0BDE8F08F33463A4628465946FFF762
:10636000F7FE0028F2D1CBF808A048460BB0BDE8F4
:10637000F08FDDE906A9CBF808A0F6E76FF0530926
:10638000E5E7A146E3E76FF01B09E0E72DE9F04FF1
:1063900097B01C468A469346BDF89030DFF8D091FE
:1063A0000E93BDF894300C900F93BDF998300D9377
:1063B000229BDDE92068C3F38F230B9344F3090389
:1063C000B3F1FF3F14BF2546651C0BF10403C5F371
:1063D00009051D44DAF80C309D422BD3B8F1000FAB
:1063E00040F3B580336808F1FF38776808361393B7
:1063F000239A82EA0305229A154015EA0905DDD1A0
:106400000B9A002A3DD1C3F30A52002AD6D040F29B
:1064100001118A4253D0B2F5817F72D00D993A466C
:1064200003EB8121DDE9273098470028C6D017B05B
:10643000BDE8F08F0C98DAF80020836E196A8A4262
:1064400080F08D80DB692F1D9F4200F2888004233D
:106450000021CDE9002513AA039302920246FFF71B
:1064600033FC0028E3D1139BAB46DAF800201BBABB
:106470001597149214AF634043F000431C461393E6
:10648000B6E713AB5A4651460C980893364B009624
:1064900007932346CDE90555CDE90355CDE901859F
:1064A000FFF774FF0028C2DB88D1139B0E99C3F35A
:1064B0008922914282D80F999142A4D87EE7289AE6
:1064C0004FF0005039460892279A0792C3F3090209
:1064D000C3F3892304929B1A013205920D9A134447
:1064E00000221BB20693214BCDE90022CDE90230F8
:1064F0004FF0FF330C98FFF749FF00283FF45EAFE1
:1065000095E7C3F30902002A3FF458AF20961A46D4
:106510002E46CDE910B40D9CDDE9275B04E0139A0B
:10652000C2F309018E4216D23978C2F3892CBB68B6
:10653000584601F54071A4447A68013643EA015196
:106540000C3741EA8C21A8470028E8D06FE70020EB
:1065500017B0BDE8F08FDDE910B4209E2EE76FF094
:10656000530017B0BDE8F08F7923010000FC0F60E5
:106570000000F07FD0F800C01168DCF8683010B57A
:106580001C6A86B0A14226D25268DB6902F1080477
:10659000A34220D30091082104460192039104A94B
:1065A0006246604602910CF11001FFF78DFB80B945
:1065B000049A636893420CD0A0680599824218BF80
:1065C000814214BF012000208B420CBF002000F04C
:1065D000010006B010BD6FF05300FAE72DE9F04F4F
:1065E0001E468BB0836E8046149DDF69013D159C6D
:1065F000083F06910792BD4249D3B5FBF7F0013839
:1066000010F074FF0230A5EB8005B5FBF7F5C3462B
:106610000DF12009B04641461698A04705F0010348
:1066200007465846C3F1020C0593DDE906124FEA0E
:106630008C0E47BB3DB3DBF868A07346DAF82060E8
:10664000B0451ED2DAF81CA0BAEB8C0F19D3CDF8E6
:106650000CE0CDF80890CDE90087FFF735FB074641
:10666000169887B9059B23B90899A047074650B9E2
:106670000127023D059B0DEB87071D44D7F82080BD
:10668000C9E76FF0530738460BB0BDE8F08F00251F
:10669000BDE700BF826E2DE9F04F4D680E4691694F
:1066A0008FB081466B180733B3FBF1F301FB03FB9B
:1066B00000235D45059377D240F2FE37ABF1080A1F
:1066C000049345E00B9B1BBA6FEA03084FEAD872AC
:1066D00002F5A0621205641BB3680CADF0681443A8
:1066E0000422294644F47F2444F4406463400B941C
:1066F00009F110041BBA0C9303F042FB0822F0606E
:106700000295736803924A460193002331680D9005
:10671000484600912146FFF7C5FC002841D1049B63
:1067200072681BB9131D0493F36805930B9B08F063
:1067300000484FF0FF31C3F3090588EA030304352D
:1067400015445D457560C6E9023130D2D9F868203C
:1067500004354FF0FF343168ABEB05000B94136A3E
:10676000B84294BF2C18EC195445204628BF504617
:106770005C4538BF0446994271D2231DD2699342C9
:106780006DD80BAA04234846CDE90014CDE90223B5
:1067900000214A46FFF798FA002893D010F1540FD1
:1067A00090D00FB0BDE8F08F00F1100404934FF0CB
:1067B000FF3321464A464846C9F800300023FFF718
:1067C0002FFC0028EDD1D9F868000369984700280C
:1067D000E7D1D6F810A0DA45E3D25D460499D34656
:1067E000B24609900E1DB34534D24FF0FF3701F188
:1067F00005080895CDE9066121E0D9F86860002117
:10680000DAF800E04846346AA64523D2F669B54274
:1068100020D80124CDF800E003940CACCDE901B4FC
:10682000FFF752FA034601223846002B36D12146A3
:10683000AB4603F0A5FA069B07469D4214D2049B83
:106840000BF101054A465B45A8EB0503D5D1059937
:10685000B942D2D06FF053000FB0BDE8F08F4FF0C7
:10686000A0424FF0000836E7DDE907150028F1D116
:106870006A1A40F2FE339A4294BF8918C918A94295
:1068800001D309988DE7A5F108038B4228BF0B4679
:106890009D429B4603F10401A4D8F2E7184680E725
:1068A0002DE9F04FD0F868E099B01468DEF820C008
:1068B000644580F0C9815468A44540F2C581002434
:1068C0008B46154682464FF0040912AF2646A04675
:1068D000724661460C93CDE9124455F824308B4240
:1068E00017D2D269032A14D9009307EB84035246C6
:1068F0000021029350460423CDF80C90CDF804807B
:10690000FFF7E2F9002800F0A68110F1540F40F0E3
:10691000098204F1010CBCF1020F40F0B081731C3C
:106920000BF10804CDF82CC003F0010955F826300E
:106930000DEB86060D94CBF8003055F82930CDF8D4
:106940003890D946CBF80430B36CCBF8083000232C
:10695000CBF80C304FF0FF330793B94B042293E888
:106960000300CDE914010D994FF0FF3003F008FA50
:10697000DAF8683010901A6AD9F80000904280F076
:106980003E8200220799DB6904274FF0FF340F9203
:10699000CDE908213A1D9A42069200F2B8800422FD
:1069A00011AD009000210392504652460197029586
:1069B000FFF78AF90646002840F03D822946042266
:1069C000109803F0DDF9DDF844C010909CFA8CFCBF
:1069D0008CEA0403B3429C4605931193C0F2A7814D
:1069E000059B43F30902B2F1FF3F08BF0133DAF818
:1069F0006820C3F30905D2F81C80291DC819404539
:106A000000F2AB81059B1C0D04F4E060B0F5A06FB3
:106A100000F09880042900F07D814346069CB8462A
:106A200016AE1F460A9502E0DAF86820D769D2F858
:106A300020E004F1010BD9F800503B4652460021FA
:106A40007545504680F04281BB4500F23F810127E9
:106A5000CDE90054CDE90267FFF736F93A463146F1
:106A6000002840F01181109803F08AF91199C8F1BB
:106A70000103109041F309008C461A195C46B0F1ED
:106A8000FF3F14BF0B464B1CC3F3090304339A4268
:106A9000CAD30C0D47460A9DD9F800B004F4E06053
:106AA000002840F0A580C1F38923089C5A1CA3420A
:106AB0002CBF104620460890229B83EA01040C9BC1
:106AC0001C4019D1069B16AACDF858B01793DDE9E2
:106AD000243098470028C0F28A81119B09D0079A78
:106AE00082EA0301574A0A40002A40F0DE804FF054
:106AF000FF330793D9F800B0059CDAF868305846A0
:106B0000069FD3E907322F449345FFF443AF002398
:106B1000D9F80C2089F81630002A40F023810E9B0A
:106B20000DEB83039B6CC9F80830D9E90023C9E950
:106B300000320B9B012B00F08780099B07930123F8
:106B40000B930AE7116AD9F800209142DFD907F1C7
:106B500008018845DBD30092042243463146039264
:106B60005046069A019216AA02925246FFF7ACF8D6
:106B7000002840F0D380169A109B9A42C7D1119BEF
:106B800010A9059A1B0DDAF82C0082EAC3740422BE
:106B900003F0F6F8089BCAF82C0044F30901A9F8A1
:106BA00014300F9BB1F1FF3F14BF2246621CD9F88D
:106BB00000B089F81730C2F30905119BC9F81040DD
:106BC00043F30902B2F1FF3F08BF0133C3F30903E6
:106BD00004333B44C9F80C30159BC9F81C30149B96
:106BE000C9F818304FF0FF331093079B099384E7DF
:106BF000B0F5806F6ED0B0F5C06F7FF45DAFDAF89E
:106C000068301A6A5A4582D9DB690C37BB42FFF4F7
:106C10007EAF14AA00215046CDF800B00292069A29
:106C20000192082203925246FFF74EF854303FF487
:106C30006EAF04F001031199D9F800B00F933BE750
:106C4000D021002000FCFF7F6FF0530309930998C7
:106C500019B0BDE8F08F54303FF45BAE84F001030F
:106C600004F1010C0DEB83039A6C57F824309B1A46
:106C7000002BC8BF2646BCF1020F3FF450AEDAF835
:106C800068200124116A28E610F1540F47460A9D36
:106C900048D1D9F800B0DDF844C0614600230C0D9E
:106CA00089F8163004F4E060FAE602287FF422AF97
:106CB000079AC3F38921C2F389228A42FFF41AAFEB
:106CC00043F00043D9F800B0079315E7AB464746B9
:106CD0000A9DE2E7089B64B2079A23449BB208939B
:106CE000584B1A40584B13438B420ED00798431C05
:106CF0003FF4E2AE00EB8424C0F38922C1F3892380
:106D00009A4228BF20460790D6E6079B43F00043EF
:106D10000793D1E61946D9F800B0C1E610F1540F37
:106D20003FF4F5AE0990099819B0BDE8F08F230D36
:106D30003546D9F80C2003F4E063B3F5A06F09D110
:106D4000DAF868309B69B2FBF3F503FB1525B5FA59
:106D500085F56D0989F81650DEE6D9F80C2089F81A
:106D60001660D9E6DAF83C20CB46130D13F4E06F39
:106D700022D0DAF84040D9F800108C4209D0DAF875
:106D80004430D9F80400834218BF844201D09942AC
:106D900012D10999C2F3892240F2FF308B0AC1F364
:106DA000892191422ED0099B013338D0914203D9D9
:106DB000099BA3F580630993239B4BB1099BBBF807
:106DC0001420C3F38923934228BF1346239A1380C8
:106DD000099B002BBFF63BAFC3F38923BBF81420FC
:106DE0009A4294BF00236FF0010309932FE710F13B
:106DF000540F97D1D9F80C2089F816408CE6079BE0
:106E0000099384E6239AC3F30903002AE6D0BBF86A
:106E1000142023999A4228BF1A460A80DEE7239B52
:106E200033B1BBF81430239A834228BF0346138042
:106E300040F2FF33D2E710F1540F3FF468AE0990EF
:106E400005E700BF00FC0F000000F04FF0B5012384
:106E50000024154606460F4689B0C2E90643B36EC4
:106E60001B6AB4EB530F21D2294630460134D7E9CF
:106E70000032CDE9056305AB07920E4A0393002368
:106E8000CDE901320C4A0D4B009205F11802FFF7D3
:106E900007FD08B1831C07D1AB69013302D0EB6950
:106EA0000133DCD16FF0010009B0F0BD6FF0530089
:106EB000FAE700BFC92C010008000020FF03F07FA3
:106EC00000234FF0010C2DE9F04114460746884697
:106ED00018321E4686B0C4E9063CE169481C23D03E
:106EE000B86E006AB6EB500F27D2D8F8000098426F
:106EF0001FD0D8F804C08C4518BF884219D09C45D3
:106F00004FF0000115D04FF0FF3301913846059244
:106F100000930136CDE902112146FFF7C1FC28B9E3
:106F2000A369059A5D1CD8D16FF0010006B0BDE8D9
:106F3000F081002006B0BDE8F0816FF05300F5E766
:106F40002DE9F04F9946C36B89B00D694FEA13588C
:106F500006468A46934618F4E068CC6807951BD02D
:106F6000016CDAF80000814209D0726CDAF8047022
:106F7000BA4218BFB94202D0904240F08A80CBF3A7
:106F80008921002900F08580C3F38923C9F3892171
:106F90008B427ED8DFF83481CBF38923059305E05B
:106FA00085EA0C0C1CEA0B0C4FD01D4645F3090773
:106FB000B7F1FF3F14BF2B466B1CC3F3090303F16A
:106FC0000801A14268D8B26EDAF80000116A88425E
:106FD00067D2043CD169E41A231D8B4261D807A90A
:106FE00004230090324630460194CDE9021300217B
:106FF000FEF76AFE002849D1079BA9EB080C059A09
:107000001BBA6B4023F000430793002AC8D0280D19
:1070100000F4E061B1F5806FC2D1CCF38921C5F3F2
:10702000892E7145BCD327490CEA010C26494CEA4C
:107030000101A94230D040B208EB8028A9EB080C2E
:1070400085EA0C0C1CEA0B0CAFD1013724D0B36ECF
:10705000DAF80020196A8A4223D2C5F30907D969F0
:10706000149B9F4228BF1F46129B04332344D81908
:10707000884216D8614630460397CDE90023139B1A
:10708000324602933B46FEF71FFE78B109B0BDE8D9
:10709000F08F4FF000087FE76FF0010009B0BDE806
:1070A000F08F6FF0530009B0BDE8F08F149B0146DC
:1070B000DA1B139BD81912F05FFC05EB080009B02E
:1070C000BDE8F08F00FC0F000000104000FCFFFF47
:1070D00010B588B04FF00C0C1446002204AB00929F
:1070E0000E4ACDE9013C0E4BFFF72AFF002803DAD8
:1070F000831C0FD008B010BD02300BD00498A368D9
:10710000D4E900124140059842400698216043406E
:10711000C4E90123002008B010BD00BF0000F07FCB
:107120000C00F07F2DE9F04F93B00446894692465B
:107130000593002398469B461093CDE90A33CDE989
:107140000C33CDE90E3301231193A36E1B6ABBEB05
:10715000530F80F0A6800FAD11AE4F4655F8041FB7
:107160005046B847002840F08480B542F6D14FF031
:10717000FF3310AA01900AA90093B946CDE9020095
:107180002046FFF78DFB0246002873D1BDF83C3046
:1071900043B3CDF818B0054608AE4C4F83460823DC
:1071A0004B4A0AA92046CDF80080CDE9016347EAA1
:1071B0008523FFF7C5FE002860DB40F20223020DA5
:1071C000B3EB105F5ED0B2F5007F02D1059B002BC0
:1071D0006FD10135BDF83C20ABB29A42DFD85A4698
:1071E000DDF818B0109B013304D0119B0BF1010B9B
:1071F0000133AAD1A56A4E465746002D3AD0904693
:1072000007E003F49013B3F5003F22D02D68002D62
:107210004AD0AB79012BF9D12B6B03F48812B2F56C
:10722000803FEED1D5F82CC0224605F14001204622
:10723000BCF1000FE5D0AB6ACDF800C0CDE9016725
:10724000FFF7CCF9A8B92B6B03F49013B3F5003F0B
:10725000DCD16B6B224605F140012046002BD5D0D6
:10726000D5F838C08DE8C8006346FFF7B7F90028A5
:10727000CCD00246104613B0BDE8F08F831CA8D0D6
:107280000246F7E7099B002BA3D0224600212046A7
:107290008DE80806089BFFF7A1F9002899D002465F
:1072A000E8E76FF05302E5E74246104613B0BDE849
:1072B000F08F07943446216850460434C8470028AC
:1072C000D7D10AAB9C42F6D1079C82E70800002088
:1072D00000FC0F70F8B504460F460125D4E916E30B
:1072E00007E0606EC4E9171650F82C60324232D0C5
:1072F0000B4603F01F02206E9E4503F101014FEA89
:10730000531C00F1FF3605FA02F2EAD1002844D0FE
:10731000636D0026A26E9E44136AD26AE665BEFBC8
:10732000F3F103FB11E331466365D300834228BFC9
:107330000346606EA36512F01FFB01232246184925
:107340002046FFF7EFFE0028C8D0A36EC4E91666FA
:107350001B6A2366F8BD626D1344A26E126AB3FB0A
:10736000F2F102FB11333B60D4E916539D4212D077
:10737000012606E0226EAB42E36502F1FF3222668F
:1073800009D0590903F01F02013350F8211006FA01
:1073900002F20A42EED10020F8BD6FF01B00F8BDEA
:1073A0004523010030B50C4687B004310546FFF790
:1073B00091FF014600283CD121462846FFF78AFF6D
:1073C0000146002835D1AB6E2268A060186A82425F
:1073D00032D2D86903282FD90423009204F108027D
:1073E000019128460591CDE902232A46FEF76CFC5F
:1073F000059930B110F1540F03D00146084607B08B
:1074000030BDA268AB6E586A002809DD0130531EFA
:1074100040F001021344B3FBF2F302FB03F3A36059
:107420004FF0FF3304200022E361C4E90303C4E901
:107430000523084607B030BD0A46E4E72DE9F04FC2
:107440009B468FB01368824689460593BBF1000FB7
:1074500003D040F2FF33ABF800300992DAE90813A9
:10746000C9E9061309F118030893514B059D5149C9
:107470002846069312F026FC2F1804464D4938463C
:1074800012F05CFB01288046069B79D0022803D1CC
:10749000059A125D2E2A7AD007EB080201261D46B6
:1074A000069714460592CDF81C8001E001363C1881
:1074B0004049204612F006FC271880463D493846D0
:1074C00012F03CFB70B10228F0D114F808202E2AEB
:1074D000ECD17A782E2AE9D1013EE8D1BA1C2B46AC
:1074E0000592C3E7069F2B46DDF81C803A78002AF8
:1074F00042D0099A1760C5F30A52022A54D1C5F343
:10750000892240F2FF318A4210D0089A0823009065
:10751000494601925046284A029303F100532A40FB
:107520001343264AFFF70CFD031E25DB464655464E
:10753000DDF8208003E02ED199F8173073B32F21A6
:10754000384612F093FA0BAC00284FF0F043039446
:1075500042460CBFDC464FF0000C194C4946284609
:1075600000960294CDF804C00B95CDE90C76FFF798
:1075700097F90028DFDA034618460FB0BDE8F08F10
:107580002A5D2E2A88D107EB080205926EE77A78E9
:107590002E2A81D1F7E70346AA4667E76FF0010379
:1075A00018460FB0BDE8F08F6FF01303E4E700BF9B
:1075B00000FC2F00F891002000FC0F0000FC0F7071
:1075C000392701002DE9F04140F2FF3486B0A24294
:1075D00037D01C46C36E97020546013304F10806F6
:1075E00088460196C3F3090643EA82231C4A0296A1
:1075F00000260096FFF7A4FC00281FDB4FEA105C72
:10760000082347F00057009684F800C041460293D3
:1076100047F0080704AB2846124A01933B46FFF7A0
:107620008FFC00280ADB40F20223020DB3EB105F4F
:1076300012D040F201239A420AD0002006B0BDE8E1
:10764000F081094A02210020128819701A81F5E799
:10765000C0F309006060F0E7059B00206360EDE780
:1076600000FC0F7800FC0F70F89100202DE9F04726
:1076700086B0119CDDE90E95002C45D01446884655
:1076800006465F1E6FF0010A2368E168023306D1E7
:10769000D4E9010303449D4201D2854224D2B06E55
:1076A0004B46C4F800A0D0F814C0D0F828E007EB8F
:1076B0000C000191194A41462844B0FBFCF00CFB38
:1076C00000F0704528BF7046A0600290B5FBFCF04A
:1076D0000CFB00F0606000903046FFF731FC0028A2
:1076E000D2DA06B0BDE8F0875A1B119B281A9A42DD
:1076F0000144109828BF1A46059208F0EDFD119B31
:10770000059A9B1A119303D1002006B0BDE8F087BB
:10771000109B154413441093B6E700BF00FCF7FF1D
:107720002DE9F04F044689B00E46204607A9FFF721
:10773000D1FDA0B9A06EDDF81CB0C36859469847CA
:10774000814688B110F1540F40F08E804FF0FF3326
:1077500007A920462361FFF7BDFD0028EAD0804637
:10776000404609B0BDE8F08FF36B002B7ED04D464C
:1077700006F140084FF0010ACDF8149022E0DCF841
:107780001CC06F1C674569D8B6F804C0384F019516
:1077900047EA8C2CCDE9029ACDF800C0FFF766FFCE
:1077A0000028DCD10123224604F110012046CDE956
:1077B00000B5CDE9029AFEF775FC049D48BBF36B5A
:1077C000AB422AD96F1C0DF11B09424606F1080194
:1077D00004972046376B5B1BD4F868C0FF02CED4F9
:1077E000DCF820206F1CD6F838E00DF11B0941466B
:1077F00004979645224631D2DCF81CC067452DD847
:10780000CDE9029ACDE900E5FEF75EFA0028C9D07D
:10781000A5E710F1540F99D0A1E7DDF81480A36E0D
:10782000E1699A6AF06C08F057FDA369E069D4E950
:107830000412B364A36EC6E91012FF219A6A12F013
:107840009BF84FF0FF3340462361336BC6F838B0E6
:1078500043F40033336309B0BDE8F08F6FF0530891
:10786000404609B0BDE8F08F804679E78046D6E70C
:10787000000010200B6B5A0304D5DA0276D523F4EE
:1078800080230B639A0303D44FF0000C60467047CB
:107890002DE9F0414E6B9AB0CF6A0C4613F480117B
:1078A0000546B046019735D1542204A812F064F879
:1078B000A36A0DF1500C01970E93012311964FF01E
:1078C000FF3610930F9795E80F008CE80F00019B8F
:1078D0002E6098453AD201230DF10F0204A92846E3
:1078E00000F07CFAB0F1000C4FF001030DF10F0233
:1078F000214628461EDB00F03DF8B0F1000C19DBF4
:107900002B68013301D014962E60626BE36A9A42B1
:10791000E1D31BE0019AB24238BF324623F4003370
:10792000A16B4FF0000CE26243F48033C4F8348062
:10793000A162236360461AB0BDE8F0811CF1540FC8
:10794000F8D1FFF7EDFE84460028F3D104F14001A1
:1079500001232A462846FEF763FB84462146284633
:10796000BCF1000FEAD1D4E90C32D7E74FF0FF3277
:107970000A6484E72DE9F04F1C460B6B93B08346F5
:107980005D031746069100F16681069A1905556B4D
:1079900004D5D16AA94201D90D4651636119DBF8BA
:1079A0007000814200F2168213F4003816D1069A54
:1079B000D16AA94212D291465163012311AA4946C4
:1079C00058468DF84480FFF7D5FF0028C0F2C481E7
:1079D000D9F83430AB42F0D3069B1B6BDE0266D481
:1079E000002C4BD0069A26460D9402F1400A14460C
:1079F00007979D0348D5DBF86810D4F83C90CA6916
:107A0000914500F03281A2EB0902D4F838C0B242AD
:107A1000CE466746B14628BF3246079E15460AE065
:107A200018F1540F40F00681FFF77AFE002840F06D
:107A30000B81D4E90E7E514601235A465846CDE9C2
:107A40000265CDE9007EFEF72DFB804621465846B3
:107A5000B8F1000FE4D1079BB9EB05062B4407935F
:107A6000636B2B446363E36B2B44E363DBF86830A5
:107A70001B6ACBF86030236BBBD10D9C23F4002331
:107A8000069AA4461363DBE0DA023FD5DBF86820F0
:107A9000D2696FF00101D4F834908C46A2EB090250
:107AA000A163C4F83C9043F400332363AFE7069925
:107AB000DBF868604A6BC96A1519B06CD6F828E023
:107AC0008D4238BF0D46002840F0CD80F169C808CE
:107AD00040F2FE31714528BF7146814228BF014600
:107AE000A942BFF47DAF069D5846336AEA63294632
:107AF000CBF86030FFF714FE2B6B8446002840F073
:107B00004F8123F48013069A136369E7626B002A9E
:107B100040F0B080DBF868100B6A27460E96CBF871
:107B20006030A36B0A920C93531ECDF814A00B93F4
:107B300010A95846FFF7CEFB8446002868D1DBF831
:107B40006800109CC36821469847844600286AD183
:107B50000A9BDBF86810002B00F03081D1F81C8004
:107B60000B9BA8F108094B45C0F0A0800B9D089124
:107B7000B5FBF9F001380FF0B9FC861CA5EB8606C1
:107B8000B6FBF9F630460FF0B1FC0A9B0899A3EB5F
:107B9000800306FB1939C14500F08E80B9F1000F52
:107BA00000F0F48000264FF001080DF1440A0C9D0E
:107BB000089704E04F45DBF8681000F0D280086AAF
:107BC000771CA9EB06035A46854280F0D680C96926
:107BD000B942C0F0D28000215846CDE902A8CDE9D3
:107BE0000056FEF771F801235A460599002840F027
:107BF000D3805846CDE90046CDE902A83E46FEF7BF
:107C000051FA0028D6D010F1540F8446089F0DD0A9
:107C1000069A136B43F400231363604613B0BDE868
:107C2000F08F8C460F9F1CF1540FF1D14FF0FF33B2
:107C30003B647DE7069AC446136B43F40023136349
:107C4000604613B0BDE8F08F069A8446136B43F488
:107C500000231363E1E7FFF70DFE84460028EFD110
:107C6000069B1B6B91E6C00832E7D8023FF511AFC7
:107C7000626B51E704F13C03013A514658460293C6
:107C800004F1380300920193D4E90A23FEF782FA43
:107C90000028D9D1DBF86830FF21E06C9A6A11F036
:107CA0006BFE4FF0FF33626B236433E70A9B98450A
:107CB00068D0DDF8289075E7731C93FAA3F3B3FA44
:107CC00083F35A1C09920C9A4FF0000908944FF064
:107CD000040A11AC984611920F97089A4FEA890549
:107CE00001230599009258465A460195CDE9024A6A
:107CF000FEF7D8F9014605F1040E04235A4658460A
:107D000000298ED1C14511D0DBF86870DDF844C080
:107D10003E6AB44549D2FE69B64546D8CDE900C5AC
:107D2000CDE9024AFDF7D0FF002843D109F101094E
:107D3000099B9945D1D10F9C4FEA8909DBF868303E
:107D4000DDF820C00E9EDDF814A0C4E90EC9DA6982
:107D5000236BA2EB0902A6E68446604613B0BDE899
:107D6000F08FA4460E9EDDF814A0089C236BC4E996
:107D70000EC9CA69A2EB090295E6089B6FF0530C85
:107D8000069345E70122034609929CE7A4460E9E0E
:107D9000DDF814A03C46E9E7089B8446069337E7E4
:107DA00043F40023069A13634AE70F9B6FF0530CCA
:107DB00006932DE70F9B8446069329E70A9AA4466B
:107DC0000E9E3C469146DDF814A03B6BC7E90EC2FF
:107DD000CA6968E66FF01A0C32E700BF2DE9F04F70
:107DE00017460A6B87B0804694031E460D4600F185
:107DF00081806C6BEA6A944280F08580121BB242EB
:107E000028BF32469346002A00F083801646DFF8EA
:107E100010A12046059229E0D8F868C0EA6BDCF88A
:107E20001C309A4225D09C1AB44228BF344611F423
:107E300080112FD1DCF820C0A86B60456DD204EB17
:107E4000020C9C4569D8019205F140020090404621
:107E5000CDE90274FDF738FF78BB686B361BEB6B1E
:107E60002744204423446863EB6350D0296B4A03C2
:107E7000D2D4CB02024623D5D8F868306FF0010087
:107E800041F48021EA63DB69A8639C1A2963B44248
:107E900028BF344611198B423FD3A98840464AEA8D
:107EA0008121CDE90274CDE9001205F1400205F10E
:107EB0000801FFF7DBFB0028CFD007B0BDE8F08F4B
:107EC00005F13C0105F1380200904046EB6A029151
:107ED00005F140010192AA6AFEF75CF90028ECD195
:107EE000296BD8F868C041F48021EA6BDCF81C30BB
:107EF000296398E7FFF7BEFC0028DED16C6BEA6AC5
:107F00009442FFF47BAF002007B0BDE8F08FDDF8AE
:107F100014B0584607B0BDE8F08F6FF05300CCE7BF
:107F2000000010202DE9F04FA5B092460A68834664
:107F3000BDF8BC70BDF8C0900E93A9EB07044B6868
:107F40000B91012C0F9214921093159356DD7B42E6
:107F50004E464FF00008DDF838901BB20D931CAB75
:107F60000C932CE0FE2C17DCDBF86800C169836CF5
:107F70004FEA510C24390BB14FEA530C85691C9A16
:107F80006B1E6344B3FBF5F305FB03F38B4228BF81
:107F90000B469A4240F29D8007EB64052E9B5246A9
:107FA0000B99ADB2009358464B460296EC1B0195D7
:107FB00000F08AFF00287FD1012C2E461DDD0C9A8F
:107FC0004FF0FF332E9958460892434ACDF800A04F
:107FD00007920D9ACDF87080CDE905623F4ACDE950
:107FE0000387CDE901920022FEF7D0F90028B9D02D
:107FF0000646304625B0BDE8F08FA946DBF868009C
:108000000B9C426AA368002A03F10103A36025DDEB
:10801000013242F00102B3FBF2F102FB1133EBB982
:10802000234624683CB15A68012C18BF012A8CBF32
:10803000012400242BD800231CAA294958461C934C
:10804000FFF770F8064600B91C9E002ED1DBDBF866
:108050006800036AB6EB530FC0F01E814FF00008B2
:1080600000231D9320934FF0FF33CDE91E330B9B6C
:108070005968836C1C9103B9C369083B2193C36899
:108080009847064670B316F1540FB2D100244FF052
:10809000FF330B9ACBF81030136853B15268012BA1
:1080A00018BF012A8CBF4FF001084FF0000800F202
:1080B00067816FF01B069CE710F11C0FB146064666
:1080C00097D1DBF868001C9AC369243B934297D28E
:1080D0008FE7B14694E700BFF123010000FC0F4099
:1080E000112401000B9A04250BF11001034602F143
:1080F00008041D9A5846039501921C9A0294009216
:108100005A460D91FDF7CEFF06460028BBD1214609
:108110002A461F9801F034FE0E9B32461F900396AC
:1081200058462E99CDF858B0CDE900A37B421BB23A
:1081300006931D9B04331D9316AB0893A74B07931F
:10814000A74B02931CABCDE904790C9317934FF026
:10815000FF33FEF71BF90646002894D10B9B9B6961
:10816000013300F0B5800B9BDB69013300F0B08078
:108170001D9B219A03F10C0191429AD80B9A01930D
:10818000034603955846D27D964C02F5C0620D9980
:1081900044EA02541E9A624012BA189218AA119226
:1081A00002921C9A00925A46FDF77CFF0646002870
:1081B0007FF469AF0B9B2A4611991F9803F11805AC
:1081C00001F0DEFD1D9A33461F9004320D9958468A
:1081D000029501921D92082203921C9A00925A461F
:1081E000FDF760FF064600287FF44DAF08222946C0
:1081F0001F9801F0C5FD1D9B0833CDE91E401D935E
:108200000023119A1893C2E90133B8F1000F62D02C
:10821000189B5846DBF84820DBF84C1053406FF3AE
:1082200009031893DDE919234A400B991992DBF8E9
:1082300050205340119A1A93FEF74AFF0646002831
:108240007FF4D7AEDDE9182313431A9A134355D1AF
:108250000C995846FEF71EFA064600287FF413AF25
:108260000B99A9EB0707D1E900238F82C1E90032FE
:108270001E9B0B611D9BCB60CBF85000CBE912001D
:10828000B8F1000F40F08D800BF130020BF13C0390
:1082900007CA83E80700ACE62E9B52460B99584666
:1082A00000930E9BCDE9017900F00EFE002818BF67
:1082B00010F11C0F064614BF4FF001084FF00008E4
:1082C0007FF497AE002808BFB946DBF86800C7E620
:1082D00018AB119394E7DBF83C10DBF83030DBF897
:1082E00044204B40DBF840101893DBF834304B400F
:1082F0001993DBF8383053401A9389E71D9B219A74
:1083000003F1100191423FF6D4AE1E9A0424364D7B
:10831000019303466A400D995846039412BA13928A
:1083200013AA02921C9A00925A46FDF7BBFE06461B
:1083300000287FF4A8AE224613A91F9801F020FD63
:10834000119A33461F90029258461D9A0D99224465
:108350000C2401921D921C9A039400925A46FDF738
:10836000A1FE064600287FF48EAE224611991F9882
:1083700001F006FD1D9B2344CDE91E501D9367E7C8
:108380000B9B5846191DFEF7A5FF064630B110F1AC
:108390001C0F7FF42EAE002C3FF42BAEDBF86800F0
:1083A0005EE6DBF820300F99994208D0DBF82420F4
:1083B0001098914218BF904201D0984206D10B9A72
:1083C0001368CBF820305368CBF82430DBF8283022
:1083D000002B2DD00B98DDE90F2109E0E5290100E4
:1083E00000FC0F4008FC0F000CFCFF7F1B68FBB17A
:1083F0009C68A24206D0DD68A94218BFAA4201D0FB
:10840000A14203D104689C604468DC609C79022C22
:10841000ECD1DC6AA24206D01D6BA94218BFAA4269
:1084200001D0A142E2D10468DC6244681C63DDE74C
:108430000C9A584614A9FEF709FD021E03DA901C97
:1084400055D01646D5E5911C51D0DBF830300133BC
:10845000C3F3090123F00043003918BF012143EAA7
:10846000C173190DCBF8303011F4E06F4BD0DBF84D
:1084700034501C98854208D0DBF838101D9CA1426E
:1084800018BFA54201D088423DD10021C3F3892005
:1084900040F2FF34CBE90D113C491940CBF83010C4
:1084A000C2F3892188422CD2A2F5806238490B4060
:1084B000384919430B9B584618911B9300231A9275
:1084C00019930223119A0C9900F068F800287FF4A0
:1084D0008FADDBF83030013BC3F3090223F00043DA
:1084E000121A18BF012243EAC273CBF8303014A924
:1084F0000C9A5846FEF7E4FC38B1831C7FF478AD43
:1085000077E5A042D2D10021D4E702303FF471AD2B
:10851000DBF830301A0D12F4E06F35D0DBF8344060
:108520001C998C4208D0DBF838201D98844218BF73
:10853000824201D0914227D10022C3F38921CBE9A5
:108540000D22124A1A40CBF8302040F2FF329142FD
:108550001AD00F4A13400F4A1A439DF887505846C5
:108560000D4C05F5C0650B9B189244EA05541B930E
:10857000119A02231A9400240C99199400F00EF811
:10858000A04218BF064634E50022E6E7FF0300805C
:1085900000FC0F000000F04F08FC0F002DE9F04F29
:1085A000856AA7B006460C4690461F461DB938E0BE
:1085B0002D68002D35D005F108039C42F8D02268C3
:1085C000AB68934207D0E8686168814218BF8B426C
:1085D00001D09042ECD1AB79012BE9D12B6BDB02BE
:1085E000E6D5B36EE96A9A6A9142E1D91B6A2946D7
:1085F0006A6B3046EA633366FFF792F80346294612
:108600003046002B40F063812B6B23F480132B63E7
:10861000FFF730F90028CBD08146484627B0BDE8A7
:10862000F08F2368A44616AD0B9363680A93BCE8E9
:108630000F000FC59CE80F0085E80F008FB342467E
:1086400008EBC7004FF0000E40F2014140F2FF4C32
:10865000B24610E0654500F0B880B9F5C06F07D1AB
:10866000556803F001032E68A6616D68E375E56146
:10867000083290420DD013681B0DC3F30A0503F4B2
:10868000E0698D42E6D1A38A083201339042A38289
:10869000F1D15646BEF1000F03D0A38A002B00F0A3
:1086A0001B81A37D002B40F09680A38AFE2B00F255
:1086B000928002934FF0FF330094424633610023CF
:1086C0002146304601933B46FFF72CFC81460028AB
:1086D00040F0AB80B56A002D74D040F2FF4940F203
:1086E000014A0C950D96DDE90ABE05F10806B44273
:1086F00032D0AB68734506D0EA689B4518BF9345F6
:1087000001D0724528D1A446BCE80F000FC69CE8F2
:108710000F0086E80F00FFB1002305E0514500F08F
:10872000C18001339F4217D058F83320C2F30A5159
:108730004945F3D1C2F38922A988914200F0C28051
:10874000EFD9AA790139022AA980EAD1AA6A0133AC
:10875000013A9F42AA62E7D12D68002DC5D12C466F
:108760004FF0FF3ADDF82C90DDE90C56AB689945E7
:1087700007D0EA680A99994218BF914201D0914501
:108780001DD105F1200B05F108080CE0EF7FB7B112
:10879000A5F804E0CDE90244CDE900A4FEF780F895
:1087A00000287FF439AFB5F804C04FF0FF33AF8B2A
:1087B0005A4641463046BC45ACEB070EE6D22D6822
:1087C000002DD3D14FF0000936E0A38A4FF0010EFF
:1087D000013BA3824CE723684FF0FF31B06EE268A3
:1087E0001E9321912369816C1F922292209339B3A9
:1087F00008391EAD30461096239100211195029143
:10880000CDE90511CDE9031110A908917849CDE909
:10881000008707912146FDF7B9FD814690B119F116
:108820001C0F3DD019F1540F3AD016AD0FCD0FC427
:1088300095E80F0084E80F00484627B0BDE8F08FA8
:10884000C169D5E7B36B716CF26B5940336B306C17
:108850005A40736B4340B06C4240F06C4340306D03
:108860006FF309024140139312920B431491134387
:108870003ED129463046FDF70DFF81460028CED176
:10888000209B06F1300223611F9BE36006F13C034D
:1088900007CA83E80700C6E91299C6F8509019E79D
:1088A000A38A06E7C2F38922A9889142FFF439AF6F
:1088B000AA790131022AA9807FF433AFAA6A013272
:1088C000AA622EE74FF0FF32C5E9022229E7994656
:1088D000484627B0BDE8F08F214650461EAAFEF755
:1088E000EFFA814600285BD010F1020F9DD1D8E647
:1088F0002146304612AAFEF7EBFB8146002894D1B0
:108900001F9B239A03F110019142C9D8209A4FF07E
:10891000040A0DF13C0B06F1100182F0FF420193B5
:10892000CDF80CA0034682F4FF023046CDF808B023
:1089300082F4F8420C9182F00C0212BA0F921E9A45
:1089400000923246FDF7AEFB814600287FF467AF08
:1089500052465946219801F013FA12AA4B4621902B
:10896000029230461F9A0C9952444FF00C0A019221
:108970001F921E9ACDF80CA000923246FDF792FB92
:10898000814600287FF44BAF524612A9219801F08E
:10899000F7F9184BCDE920301F9B53441F9368E72C
:1089A00010F1020F3FF47DAE9DF88F30002B3FF4A5
:1089B00078AE0AF1480221465046FEF789FB81460F
:1089C00000287FF432AFE27D1EA90B4B504602F522
:1089D000C06243EA025312AA129304F118031393DC
:1089E0000123FFF7DBFD814600283FF45AAE1CE768
:1089F000E52901000CFCFF7F08FC0F000A6B130344
:108A000001D50020704730B50C4687B00546FEF70B
:108A100031FF236B80BBDA032BD5A268013228D04B
:108A2000E268013225D0DB022BD46B46174AD4E929
:108A30000A01CDE900010821D4F850C01143039385
:108A40002846DCE90132B4F804C00593022342EA67
:108A50008C2241EA8C2142F08152029104F10801FA
:108A6000049202AAFFF79AFD236B28B923F48033FE
:108A70002363002007B030BD43F40023236307B015
:108A800030BDE36CE16A024AD6E700BF0000202057
:108A90000000102010B5044682B00191FFF7AEFF30
:108AA000A36A024601994BB104F1280002E018467E
:108AB0001B681BB19942FAD10B6803600B6D1B68F0
:108AC00013B1104602B010BDC86C01920FF04CFFFC
:108AD000019A104602B010BDC36B1B0D13F4E06F7A
:108AE00030B50446A1B045D1236BC3F30903002B75
:108AF0003DD0002501230D9508958DF837300F9353
:108B00000E95CDE90955CDE90B554FF0FF330EAA6F
:108B100010A9204601950093CDE90255FDF7C0FE4E
:108B200030BB9DF83730002B48D00DF1400E0DF1D1
:108B3000200CBEE80F00ACE80F009EE80F008CE8A8
:108B40000F000E9B013302D00F9B0133DDD1226B4E
:108B5000C2F309035B4242FA83F3C3F3090223F031
:108B60000043003A18BF012243EAC2732363002086
:108B700021B030BD00224FF0FF3318A9CDE9022209
:108B8000CDE9003200F14002FDF78AFE0028EFD166
:108B9000E26B18A96063A06311902D48236B10400D
:108BA0002C4D2D4A1D40012302432046256310927F
:108BB00010AAFFF7F3FC002896D0D9E70EA92046AB
:108BC00018AAFEF743F900281CDA821CD0D104F160
:108BD000480210A92046FEF77BFA0028C8D19DF86C
:108BE00057201E4B02F5C06243EA0253069316ABB0
:108BF0000793012306AA08A92046FFF7CFFC002807
:108C00009FD0B5E7831CE2D004AAC0F3090318A9DA
:108C1000019200220293034600922046104AFEF77A
:108C20008FF90028A4DB049BDDE90E21934206D0D6
:108C30008B4208D004AB07930A4B0693D9E7059BF8
:108C40008B42F7D171E7059B9A42F3D16DE700BFE4
:108C500000FC0F00FF0300800000F04F08FC0F0035
:108C600000FCFF7F08FC0F602DE9F0439E078DB0EC
:108C70001D4607460C46059204D5FFF72DFF024618
:108C8000002878D10026149B05AA04F10801236569
:108C90003846231DE663E664C4E90C56FEF7CEFBB6
:108CA000021E5CDB0123A905A371BB6A2360BC62C1
:108CB00000F19B80120D012A40F09080A28815F4EB
:108CC00080654FEA822200F0AA80236BDFF8EC91E6
:108CD00043F4803342EA09092363226D9368002B31
:108CE00000F0878000252E4613E013F0020F06F1F6
:108CF000010643F4803C08D05168786F29448968A4
:108D0000814200F28980C4F830C093680C35B342C8
:108D10006FD9236BD807E8D5536804F10801B4F87C
:108D200004E003EB050C5B5D624ADCF8080003F528
:108D3000407340EA8E2040EA0353C0F309000290DA
:108D4000DCF804000190002000903846FEF7F8F8A7
:108D5000021E236B01DA911C04D1226DC5E7931C1E
:108D60000DD0236B43F4002321463846049223633D
:108D7000FFF790FE049A10460DB0BDE8F083A3887B
:108D800040F2FF318B42ECD00121ED05A171B96AAF
:108D90002160BC62E5D5059D0493284611F046FA92
:108DA000FA6E049B82421DD340EA8320424A099511
:108DB00004F10801414D42EA832240F480100796F5
:108DC00045EA83230692089006AA0A9338460323AD
:108DD0000B96FFF7E3FB28B9A9467EE7236B6FF0FC
:108DE0001402BFE76FF02302BBE7236B6FF01002A2
:108DF000B8E71068002852D0E064BB6EFF219A6A81
:108E000010F0BAFD4FF0FF33236440F20123B3EBBF
:108E1000195F19D00022AEE76FF01B02A2E708210C
:108E2000274B38460095029104F128011343254A47
:108E3000019104F10801FEF783F8031E9946BFF67D
:108E40004CAF236B4A468DE76FF00102B96EC9F350
:108E500009032264A262226BE36242F4801222635D
:108E600000226264886AA064002BD3D0009240F292
:108E7000FE32A38804F10801824228BF0246384628
:108E800042EA8323C2F30902029243F00053E26CE8
:108E900001920C4AFEF754F8021EBBDA61E7BB6E82
:108EA000986A0FF059FDE0640028A6D1236B6FF09B
:108EB0000B0257E700FCFF7F00001040000010206D
:108EC0000800002000FC0F702DE9F0439846836EE7
:108ED0008DB00D461B6A044604A991460366BDF891
:108EE0005460BDF85870FEF75DFA10B10DB0BDE8E2
:108EF000F0831498434602974A46019604A90090CD
:108F0000E87D8DF82700E8690B90A8690A90204653
:108F1000FFF708F80028E9D10123DDF810C0059912
:108F2000C5F818C0E961EB75226A2B68934208D036
:108F3000D5F804E0656AAB4218BFAE4501D0724572
:108F4000D4D1002ED2D1C4E908C10DB0BDE8F08360
:108F50000000000030B59BB00446FCF78FFF0028EE
:108F60005BD1A36E05460146606EDA6A10F004FD1F
:108F7000A26E656512A9D36A2046126ADB00E56518
:108F80002266934228BF1346A365FEF70BFA0546F7
:108F900028B12046FCF74EFF28461BB030BDA36E1B
:108FA0004FF400310D90DA69E06E07921A6A236F70
:108FB00008920A931D4B1E4A0C931E4B0990069172
:108FC000606F1D490B902046CDE90E2306AA0323AE
:108FD000CDE910120CAA12A9FFF7E0FA0546002805
:108FE000D7D1034602468DF85E0012A92046FFF74E
:108FF000D5FA05460028CCD14FF0FF33019012A9D5
:1090000004AA00939FED077BCDE9020020468DED79
:10901000047BFDF745FC0546BBE76FF00B05BBE79E
:10902000AFF30080000000000100000000001040CD
:109030000800F00F009200201800102070B598B0C2
:109040000446FCF71BFF002840F0958001230546ED
:1090500010901793CDE91100CDE91300CDE915006B
:10906000A36E1B6AB5EB530F80F08280434B07A9B8
:10907000434A00260893082303912046099303F1ED
:109080007F63029210A9009316AA3E4B01960794A3
:10909000FDF706FC031E63DB30D043F30903013305
:1090A0002CD0009610A92046DDE910236362182316
:1090B00022620AAA029303F10053019203F580137E
:1090C000304AFDF73DFF031E4ADB0A9B1A0C022AB9
:1090D00044D19BB2002B41D10D9B1BB1E26E934258
:1090E0003CD8E3660E9B1BB1226F934236D82367B0
:1090F0000F9B1BB1626F934230D8636704F130025B
:1091000010A920460592FDF7E3FF034640BB1699E0
:10911000059A013103D0179901350131A0D1216A97
:1091200001311BD0616A013118D0216B04F13C0E72
:10913000002501EBD1712163A16ED1F820C0E16A55
:10914000B1FBFCF00CFB101607CA8EE807001846AE
:10915000C4E91565C4E9175C18B070BD6FF015035C
:1091600020460593FCF766FE059B184618B070BDB7
:109170006FF05303F4E76FF00B03F6E70092002063
:109180003927010000FCFF7F836E0246196B00B592
:1091900083B031B1596B69B19B6BA3B1002003B0AF
:1091A00000BDC06801920FF0DFFB019A936E596B0E
:1091B0000029F1D1D06901920FF0D6FB019A936E8C
:1091C0009B6B002BEAD1506E0FF0CEFB002003B05A
:1091D00000BD00BF70B59CB004460591FFF77CFC54
:1091E00008B11CB070BD034605AA0AA92046FEF7C7
:1091F00025F90028F5DB40F2FF33C0F389229A42BB
:1092000000F08C80A26A484B129200EA0302000D23
:1092100002280ED0454800230AA91043079306AA46
:10922000012306902046FFF7B9F9129BA3621CB0F8
:1092300070BD0823002516460AA9029308AB2046F4
:10924000009501933A4B13433A4AFDF779FE002803
:10925000C7DB4FF0FF3308AA204614A901950093FD
:10926000CDE90255FDF71CFB0028BAD1BDF86430EA
:10927000002B56D19DF86730002B52D112AB2B4AF0
:109280008DF84E000AA9A3623243236B0692013384
:10929000ADF84C000790C3F3090223F00043121A03
:1092A000204618BF012243EAC27306AA23630123A2
:1092B000FFF774F9129B0028B8D1A3620AAA236BA6
:1092C00014A92046013BC3F3090C23F00043BCF171
:1092D000000C18BF4FF0010C43EACC732363FDF779
:1092E000EFFD00287FF47DAF04F1480214A9204669
:1092F000FDF7EEFE00287FF474AF9DF867C02046AE
:109300000D4B1AAC0CF5C06C08AA0AA943EA0C5321
:10931000CDE908340123FFF741F962E76FF015004A
:109320005FE76FF026005CE700FC0F000000F04FE5
:109330000800002000FC0F7008FC0F002DE9F04F22
:10934000B3B00546CDE90A12FFF7C6FB044618B1D3
:10935000204633B0BDE8F08F03460AAA28460EA97E
:10936000FEF76CF8031E9846C0F20181C3F389230F
:1093700040F2FF329342994600F0F3800DF126034C
:109380000BAA284616A9FEF759F8031E9A46C0F202
:10939000A880C3F3892340F2FF32934200F0E180BA
:1093A0000E9B4FEA185E169A4FEA1A5CA96A93421E
:1093B0001E9100F03A81E6450F99179840F03781E9
:1093C000834218BF814200F0EF808A4200F0EC80B7
:1093D0004FEA1A50BDF82620022800F03D814FEADE
:1093E000822B974ACDF8189002EA0802C5E90D31A0
:1093F0002B6B6FF39E231343924A1A43012304936A
:1094000028AB2A6305938F4A0B9F4BEA02022892EE
:1094100000218D4A384629914BEA02022B912A926B
:1094200010F004FF0EAB40EA0B00069A00212F93C8
:10943000864B42EA0B022D9708EA030303432C9361
:10944000834B13432E93049B002B40F0C080319339
:1094500016A97C4B2846059A43EA892330930523B5
:10946000FFF79CF8002840F0DA801E9B1AF1020FEB
:10947000AB623FF46DAF4FEA1A53022B7FF468AF33
:109480002B6B20A92846013BC3F3090223F00043BC
:10949000003A18BF012243EAC27316AA2B63FDF7F4
:1094A0000FFD044600287FF453AF05F1480220A9C0
:1094B0002846FDF70DFE044600287FF449AF9DF8CD
:1094C000974026AB634A16A904F5C0640D9328465D
:1094D000012342EA04520C920CAAFFF75FF80446FB
:1094E00036E713F1020F40F09E80BDF8262040F2CF
:1094F000FF339A4200F097800E99169BEE6E9942C8
:10950000A86AB3460B9F37D01E9038460492179E28
:10951000CDE905130F9B079310F088FE5845069B75
:10952000DDE9042100F2EF800798864218BF8E42E1
:109530002BD0984229D04FEA822B2A6B0123CDF8F9
:1095400018906FF39E22049328ABC5E90D103C4997
:10955000059301EA08010A433A49114300222963AD
:1095600055E76FF01504204633B0BDE8F08F1C4678
:10957000204633B0BDE8F08F1E903846049210F0BC
:1095800055FEB042049A00F2BE8091454FEA822B0C
:10959000CDF818904ED309F1010228AB1FFA82F9D9
:1095A00000220593049232E7BDF8262091453FF44E
:1095B000CFAE4FEA1A51022900F09E8000234FEAF5
:1095C000822BCDF81890049328AB05931BE7CDE9C7
:1095D0003011059A052316A92846FEF7DFFFF0B9DA
:1095E0002B6B1A0D12F4E06F3FF43FAF6FF39E2325
:1095F0000D900EA92B63124B08EA0302114B134383
:109600000CAAC5E90D000C9328460123FEF7C6FFFE
:1096100000283FF42AAF1E9B0446AB6298E61E9BCF
:109620000446AB6294E6544692E6E645BCD06FF041
:1096300014048DE6002228AB04920593E7E600BFF0
:1096400000FC0F000000F04F000010400000F07F11
:109650000000101008FC0F00012304932B4B28AFCF
:109660004FEA822B002643EA8223082216A92846C5
:1096700002920197264A00960597FDF761FC0028A3
:10968000FFF62DAF4FF0FF333A4620A9284601964A
:109690000093CDE90266FDF703F900287FF41FAFC0
:1096A000BDF894305BBB9DF8973043BB8DF87E309E
:1096B0001EAAADF87C302B6BAA620133CDF818904E
:1096C000C3F3090223F00043121A18BF012243EA30
:1096D000C273049A2B63002A3FF495AE0D4A6FF3D0
:1096E0009E2302EA080213430B4A1A430E9B6B6344
:1096F0000F9B2A63AB6386E600230493AEE76FF00B
:109700002600044624E66FF0230421E6080000202A
:1097100000FC0F7000FC0F000000F04F30B58BB064
:10972000154600230446019101AA02A9FDF786FE11
:10973000002806DBC0F389222B4602A92046FDF74C
:1097400041FF0BB030BD00BF70B58EB015461E4650
:109750000023059105AA06A90446FDF76FFE00281F
:1097600022DB40F2FF33C0F389229A421ED01B4B0A
:10977000034000222046019605F5407E009206A98E
:10978000D4F874C0129C164AA44528BFA4464CEADB
:109790000E5CCCF309044CEA03030294FDF7D0FB02
:1097A000002814DBC0F309000EB070BD002304F1E3
:1097B000200206A920460193CDE902334FF0FF3382
:1097C0000093FDF76DF80028EED10346D1E7831C26
:1097D00008BF6FF03C000EB070BD00BF00FC0F0072
:1097E00000FCFF7F70B590B0466F149DB54235D830
:1097F00005911E461546002305AA08A90446FDF753
:109800001DFE002817DB40F2FF33C0F389229A4285
:1098100013D0144B00EA030C05F54073149A08A901
:10982000204642EA03520123079642EA0C020692BE
:1098300006AAFEF7B3FE10B070BD002304F12002AB
:1098400008A920460193CDE902334FF0FF3300937E
:10985000FDF726F80028EED18446DDE76FF01B0007
:10986000E9E700BF00FC0F0000B5DFF810C083B0CF
:10987000CDF800C0FFF7F8F903B000BD649B0020ED
:10988000FFF708B9FFF7BAB8FEF7A8BAFEF772B843
:1098900010B5D1F834C082B0D0F870E04BB1012BD4
:1098A00006D0022B15D0F4451ED8604602B010BD7C
:1098B0006244724518D89445F7D0CDE90012FDF7FF
:1098C000D9FF0028F2D1019A009910464A6302B0EC
:1098D00010BDD1E90B34A40301D41A44E9E7634570
:1098E00038BF63461A44E4E76FF01500DEE700BFB7
:1098F000F0B5151E89B00CDB0C4607464E6BD1E95E
:109900000B32920337D49D4207D357D83B6F9E4208
:109910003FD96FF0150009B0F0BD21463846FDF77C
:10992000A9FF0028F7D104F13C03009504F14001A0
:109930003846029304F138030193D4E90A23FCF773
:1099400029FC0028E7D1A26B2B466563A262226B3B
:10995000E56242F4A02222633A6F9642D9D89E4231
:1099600017D021463846FDF785FFB0BB06EAE67002
:10997000666309B0F0BD9E42324638BF1A46954232
:10998000CBD3C3D9016F8A42C3D89E4205D21346B6
:1099900019E006EAE67009B0F0BD4FF0000C0123B3
:1099A0000DF11F02214638468DF81FC0FDF7E2FF7A
:1099B0000028B0DB636B9D42EFD8CDE7026F934286
:1099C000A7D89E42E9D0214638460593FDF752FFBD
:1099D000002806D1059B6363EDE700EAE07009B05B
:1099E000F0BD98DBE6E700BF486B7047D1E90B0399
:1099F0009B0303D54B6B984238BF1846704700BF96
:109A00002DE9F041ACB004460791FFF765F810B1BD
:109A10002CB0BDE8F081A16A0DF11A0307AA204617
:109A2000229124A9FDF70AFD831C65D1BDF81A20F7
:109A300040F2FF339A421646EAD0079B18469846F2
:109A400010F0F4FBE36E0746984200F29D80A36E8F
:109A500020460AA91B6A2366FDF7A4FC0028D7D17B
:109A60000DF1900E05460DF1480CBEE80F00ACE874
:109A70000F009EE80F008CE80F000AE04FF0FF3067
:109A8000019500902046CDE90255FCF709FF00281A
:109A9000BED19DF85F004FF0FF3318AA12A900282D
:109AA000ECD13B4D012309920AA908AA204608954A
:109AB000FEF774FD0028ABD19DF8A7301BBB354BDA
:109AC00047EA86211AAA43EA862C334B41F4001157
:109AD00043EA862320460AAC1E930AAB2194002455
:109AE000CDF868C01B94CDE91C18CDE91F3524A919
:109AF0000423FEF753FD8BE70028A8BF6FF010008A
:109B00002CB0BDE8F0810AAB22AA8DF88E0012A914
:109B10001B93236BA2620133ADF88C001A95C3F33B
:109B2000090223F00043121A204618BF012243EA1B
:109B3000C2731AAA236301230592FEF72FFD229B0D
:109B4000059AA36200287FF463AF236B47EA86215E
:109B5000DFF840C0013B9DF8A77041F400114CEACA
:109B6000862CC3F3090E23F00043BEEB000E18BF92
:109B70004FF0010E874218BF054643EACE732363B8
:109B8000054B43EA8623A5E76FF0230040E700BFBB
:109B900008FC0F600000104008000020F0B589B0FC
:109BA0000C4600230831059205AA0546FDF746FC40
:109BB000002826DB030D022B39D140F2FF33C0F31E
:109BC00089229A421FD106AFD5E90832079206933F
:109BD00000233A4604F1080128460193CDE90233F7
:109BE0004FF0FF330093FCF75BFE50B9A3680222ED
:109BF000A080A271AA6AE362E368A0622260236384
:109C0000AC6209B0F0BD0B4B04F108010A4A1840E0
:109C10000823029306AB01931F4600230093074BD2
:109C200003432846FDF78CF90028D1DAE9E76FF005
:109C30001300E6E700FC0F0000FC0F700800002096
:109C4000836A43B1283002E018461B681BB1994271
:109C5000FAD10B6803600020704700BF2DE9F04780
:109C600090460C4684B005464FF48472002140466D
:109C70000FF082FEA36A002B49D0012B36D0B4F836
:109C800004C04FF0000A09E0B4F804C002300CF13F
:109C9000010C1FFA8CFCA4F804C031D1B4F81CE00C
:109CA00004F1200204F108014FF0FF33E645284695
:109CB0000ED194F81FC0BCF1000F32D0CDF804A033
:109CC0000093CDE902AAFCF7EBFD60B98446A080C1
:109CD000434604F1080162462846FDF773FC00285C
:109CE000D2D0831CD0D004B0BDE8F0870F4A4346E1
:109CF000022103F8081B11889278A8F808109A70BE
:109D0000A36A01330120A36204B0BDE8F087084BC9
:109D100002221B8888F80020A8F80830A36A0133C3
:109D2000F0E7604604B0BDE8F08700BFFC9100207A
:109D30000C92002010B5002284B04FF0FF330C4687
:109D4000CDE90222CDE9003201F12C020831FCF705
:109D5000A7FD08B9A080A06204B010BD00B583B013
:109D60000023044901AA0193FDF7DCF900B9019829
:109D700003B000BD112401000123FDF7D3B900BFDA
:109D8000DAB1013A01F1FF3C00B51144DFF82CE0F3
:109D90001CF8013F83EA0002614502F00F025EF801
:109DA000222082EA101080EA131303F00F035EF8FA
:109DB000233083EA1010EBD100BD70474C9F002088
:109DC00042F2107310B50360044606F0D7F8002382
:109DD000024620462372626010BD00BF037A8B42A8
:109DE00000D17047012200B583B0827001910090CC
:109DF00006F0C4F8DDE900311972586003B000BD07
:109E000083780BB90020704700B583B0019006F04D
:109E1000B5F8019B59681A88401A824202D3002083
:109E200003B000BD187A002201309A70C0B203B0AE
:109E300000BD00BF007A70474FF0000C61F3070CC3
:109E40009DF8041062F30F2C9DF80820017163F354
:109E5000174C9DF80030427163F31F6C0823C0F863
:109E600000C08360704700BF10B504460121007830
:109E700006F0E2F86078012106F0DEF8A078012112
:109E800006F0DAF8E078002106F0D6F82079002113
:109E900006F0D2F860790021BDE8104006F0CCB899
:109EA00070B505460C464078002106F091F8AE6882
:109EB000013E14D40021A87806F08AF814F00103BA
:109EC0004FF00101287808BF1946013E06F080F8DE
:109ED0000121A878640806F07BF8731CEAD1687841
:109EE0000121BDE8704006F073B800BF2DE9F84FBE
:109EF0000F4605460724DFF8E08001F1FC064FF02D
:109F0000010ADFF8D0B00AFA04F12846C943C9B201
:109F1000FFF7C6FFDBF804102D4BD8F80020A3FB99
:109F20000232920C02EB8202DBF804305B1A9A4296
:109F3000FAD804EB4409E87806F06CF8B0FA80F13E
:109F4000A9F102004909C0B200EB400007EB800014
:109F5000FFF744FF287906F05DF809F1FF33B0FA06
:109F600080F1D8B2490900EB400007EB8000FFF711
:109F700035FF687906F04EF8B0FA80F13046243E9D
:109F80004909FFF72BFF013CBDD1FE212846FFF711
:109F900087FF0F4BDBF80400D8F800200D49A3FB26
:109FA0000232920C02EB82024B681B1A9A42FBD8D7
:109FB000E87806F02FF8B0FA80F138464909FFF743
:109FC0000DFF2846FF21BDE8F84FFFF769BF00BF2E
:109FD00083DE1B43001000E02CAC0020F8B50446E3
:109FE000302200210F4F0FF0C7FC04F130000AF0BF
:109FF000E7FCDFF838E004F1680C0B4E0025BEE802
:10A000000F00ACE80F00BEE80F00ACE80F009EE8C0
:10A010000F008CE80F002046A4F8A050C4E9267673
:10A02000F8BD00BF28140101033F0100D821002022
:10A0300010B500F1300401235A220B4920460BF0E1
:10A040008DF8002120460BF079F95A2120460AF0BC
:10A0500025FD00B110BD1621044808F075FE044826
:10A06000BDE8104005F0BEB940AC002010920020C1
:10A0700030AC002038B512210446244808F064FEB4
:10A08000234805F0AFF994F8992094F8981004F15A
:10A0900030000AF005FE94F89B3094F89A2004F101
:10A0A00030005A210AF012FE94F89C2004F130008E
:10A0B0005A210AF083FD94F89D2004F130005A21C2
:10A0C0000AF038FE94F89E2004F130005A210AF07C
:10A0D00071FE94F89F2004F130005A210AF0A6FE88
:10A0E00094F8A02004F130005A210AF0D7FE04F1C0
:10A0F00030005A2194F8A1200AF00CFF04F130003E
:10A100000021BDE838400BF019B900BF28920020AB
:10A1100030AC00202DE9F04F00F130078046934627
:10A1200038462DED048B85B001915A210BF07EF855
:10A130000146029038460AF06FFC002863D10546BC
:10A140009FED398ADFED398A08F16406DFED389A30
:10A150009FED389A09E0013508EB03025B440C2DB2
:10A16000C2ED007AC3ED007A48D056F8044FEAB247
:10A1700002993846E4B20AF051FC019B014682463E
:10A1800004EB440003EB8000FFF728FEF0EE487A72
:10A19000A300BAF1000FDED0EAB25A2138460AF025
:10A1A000A9FC5A21EAB2039038460BF04BF8039B06
:10A1B000B6EE007A1A1A834212B215D91E3AB7EED9
:10A1C000006A9FED1C7A07EE902AF8EEE77AC7EE58
:10A1D000A96AF4EEC96AF1EE10FA05D4F4EEC66A83
:10A1E000F1EE10FA36FE267A08EB8402A300D2EDD7
:10A1F000007A37EE677AE7EE287AACE705B0BDEC77
:10A20000048BBDE8F08F18210B4808F09DFD0B482A
:10A2100005F0E8F80021384605B0BDEC048BBDE838
:10A22000F04F0BF08BB800BF000000009A99193E68
:10A2300000002043CDCCCC3D3C92002030AC00202F
:10A24000BDF800C0521AACEB030C21D0401ABCF18F
:10A25000000F11460CFB00F00CDB002AB8BF511CAC
:10A2600000EB610090FBF2F100FB02F2C818002A3B
:10A2700016DB7047002AB8BF511CA0EB610090FBB1
:10A28000F2F100FB02F2C818002AF2DB013070473D
:10A29000BCF1000FB8BF0CF1010C03EB6C00704770
:10A2A0000138704700234FF01412C0E90033C0E9B1
:10A2B0000233C0E90433C0E906334363C0E90E1238
:10A2C000704700BF70B586B004461D4601620B9E04
:10A2D00000210A9802AB2564B568029184ED090A51
:10A2E000A262C4ED0B0AA0610591C3E901110DB38F
:10A2F000184602223146A84702ABD6E90250E1686F
:10A30000A668E06004960591A56093E80300CDE996
:10A31000000194E8030083E80300DDE9000184E81C
:10A3200003001EB1032219461846B0470C9B236355
:10A3300006B070BD2846E2E70162704780ED090A69
:10A34000704700BF8162704780ED0B0A704700BF05
:10A350008161704710B5044690F8380005F0D4FBD1
:10A36000C0F5806080B2C4E9040010BDF0B50446B9
:10A3700087B090F838000D4605F0C6FB2269C0F59D
:10A380008063664902EB82029BB203EB420381FBCE
:10A390000321DB17C3EB61006369B4F93E101B1A9C
:10A3A0002061002BB8BF5B4225B1994259DB0020E8
:10A3B00007B0F0BD256A226C32F91520656BAA4200
:10A3C00000F09980626394ED094A07EE902AB7EE97
:10A3D000003BB4F93C10B7EEC44A6061B8EEE75BED
:10A3E000C1F580629FED492B9FED4A6B84EE027BA5
:10A3F00033EE474B37EE037B24EE054B27EE057B10
:10A40000B4EEC46BF1EE10FABCEEC77B26FE046B13
:10A41000BCEEC66B17EE103A9EB216EE103A9BB227
:10A420000096FFF70DFF83421D4603DC864235464A
:10A43000A8BF054629463A4804F0C8FF384804F04A
:10A44000D1FF226AA368CDE90225002B5CD002A9C6
:10A450002046E36803AA984700212046FFF786FFBD
:10A46000A5E794ED0B5AB7EE003BA26AB7EEC55ACA
:10A47000236CB4F93C10164633F912306061C1F513
:10A48000806204EE103A9FED212BB8EEC44B85EEAE
:10A49000027B9FED206B33EE475B37EE037B25EEAF
:10A4A000045B27EE047BB4EEC56BBCEEC77BF1EE1C
:10A4B00010FA17EE103A26FE056BBCEEC66B9BB287
:10A4C00000931F4616EE103A9BB2FFF7B9FE834287
:10A4D00015DDA268CDE90463B2B1E36805AA04A959
:10A4E000204698472369216B2846226CA36122F8F5
:10A4F000113007B0F0BD9942FFF665AF57E78742CC
:10A500003B46A8BF0346E4E708F0ACFD00000000AE
:10A51000000059400000000000000000E9A28B2E5E
:10A5200030AC002000214FF4806370B5054684B044
:10A53000C0E90413FFF71AFF95ED0B5AAE6AB7EEA8
:10A54000003BB7EEC55A2B6CB5F93C1033F9163009
:10A55000A869C1F5806204EE103A9FED1C2BB8EE9D
:10A56000C44B85EE027B9FED1B6B33EE475B37EEF2
:10A57000037B25EE045B27EE047BB4EEC56BF1EEA6
:10A5800010FABCEEC77B26FE056BBCEEC66B17EE61
:10A59000103A9CB216EE103A9BB20094FFF750FEB0
:10A5A000834203DC84422346A8BF0346AA68CDE960
:10A5B000026332B1EB6803AA02A92846984704B0A7
:10A5C00070BD08F04FFD00BFAFF300800000000039
:10A5D00000005940000000000000000081782DE9D3
:10A5E000F04306462DED048B8DB0052900F2D48092
:10A5F000DFE801F06903039003030023B6EE008A4D
:10A6000041F6BC65654C0B936F46DFF8B081451988
:10A610000419DFED638A80448DED008ACDE90733AC
:10A62000CDE909335F4B01935F4B02935F4B03937B
:10A630005F4B04935F4B05935F4B06932AE0B4EEA8
:10A64000C87AFBEE006AF1EE10FA03DD37EE487AC5
:10A65000F3EE006AF0EE005A84ED018AF7EE007A1C
:10A66000103427EE266A05F5C455F5EE006A444518
:10A67000E7EE657A07F1040705F10C0567EE867AC7
:10A6800027EEA67A44ED027A04ED017A04ED047A0D
:10A690004FD0B178052918BF022928460CBF0121E7
:10A6A000002101F077FEBDEE007AD7ED007AF3EEDF
:10A6B000006AA7EEA87AB5EEC07AF1EE10FABED520
:10A6C000B1EE477AC6E70469002C17DD4FF0400869
:10A6D00000F11405002798FBF4F8A8F1040828F00D
:10A6E000010680462846013701F064FCAE61D8F8C7
:10A6F000104005F21C55A742F4DB4646B368A3425E
:10A7000001DB0023B360002373700DB0BDEC048B3C
:10A71000BDE8F0830469002CF0DD284D00274519C1
:10A720002846013702F092FD34699035A742F7DBE5
:10A73000E4E73469002CE1DD214B4FF48569214DBC
:10A740000027F3189FED209A7519DFED208A09FB89
:10A7500004399FED1F8A4FF000084FF480621846BD
:10A7600003ED079A002143ED068A03ED058A43F8BD
:10A770000C7C43F8107C0FF0FFF800F58563012294
:10A7800040F8088C994540F8042CC5F800806F60AB
:10A7900005F58565E1D1B1E70469AFE74C450100F6
:10A7A000D5A90E3ACDCCCC3E3333B33E1F856B3E9C
:10A7B0006210583ECDCC4C3EA01A2F3E0C460100F4
:10A7C000484A0100484E010022BA003D0AD7233C06
:10A7D000CAAA7F3F531E48BF1346B1EB630FF0B5C3
:10A7E00016460C4602F0010757DA5910A4466FF0DE
:10A7F00040450CF1010300EB8C0205EB430C00EB30
:10A80000C30E00EB8C0CDEED007A5B009CED007A51
:10A81000F4EEC77AF1EE10FA04D5013B00EB830E9B
:10A82000DEED007A8B429C46C2ED007AE1DB07B395
:10A830005A1E48BF1A46A3424FEA62020ADC15E0DC
:10A84000B2F1010CCEED007A48BF944694424FEA33
:10A850006C021EDA00EB820100EB830E1346D1ED91
:10A86000007AB4EEE70AF1EE10FAE9DC8EED000AA8
:10A87000F0BD023EB3EB660FDAD15A1C530000EB79
:10A88000C202013B52F8042CCEF8002000EB830EEC
:10A89000CEE78E468EED000AF0BD00EB810E002F54
:10A8A000E4D1961EB1EB660FE0D12346E5E700BF89
:10A8B0002DE9F8430B1A402B40F3908090464FEA65
:10A8C000A3090F460546DB10B8F1000F69D005EB70
:10A8D0008302D5ED017A08F1FF382B1DD2ED006A15
:10A8E00017ED016AF4EEE67A95ED007AF1EE10FAD2
:10A8F00076D5F4EEC66AF1EE10FA7BD4F4EEC67AA1
:10A90000F1EE10FA39D585ED006A07ED017A95ED83
:10A91000017AD5ED007AB4EEE77ABE46F1EE10FA90
:10A9200029D504331C46B3EC017AB4EEE77AF1EE94
:10A9300010FAF7D45EED016AAEF1040CF4EEE76AAA
:10A94000F1EE10FA06DD7CED016AF4EEE76AF1EE55
:10A9500010FAF8DC644515D22346E646E3EC016ABA
:10A960008CED007A94ED017AD5ED007AB4EEE77AB9
:10A97000F1EE10FAD5D41C46DCE7C5ED007A85ED82
:10A98000017AC8E7424639462046FFF791FF631B2C
:10A99000402B23DD4FEAA3092746DB10B8F1000F57
:10A9A00095D15E1E05EB830400E0013E34ED010A03
:10A9B0004A4631462846FFF70DFF002EF5D17B1B96
:10A9C000042B0BDD37ED010A00212B6828467C1B88
:10A9D0003B60A210FFF7FEFE042CF3DCBDE8F88319
:10A9E000F4EEC67AF1EE10FAC7D4F4EEC66AF1EED0
:10A9F00010FA88D4C5ED006A82ED007A95ED017AEF
:10AA0000D5ED007A87E700BF88423ED070B5041DBF
:10AA1000A1422DED028B31D00E4605460EE0421BC1
:10AA2000C2EB8273042A03F10403184429DD29468A
:10AA30000EF010FFB44285ED008A1FD02046D5ED00
:10AA4000007AB4EC018AB4EEE78AF1EE10FAE6D4AB
:10AA500054ED027AB4EEE78AF1EE10FA0AD5031F3C
:10AA60001846C3ED017A73ED017AB4EEE78AF1EE90
:10AA700010FAF5D4B44280ED008ADFD1BDEC028B30
:10AA800070BD08BFC0ED007AD4E77047534A2DE986
:10AA9000F04F83180027524E0025524C8619DFF8DC
:10AAA0007CB10419DFF87891DFF87881B2462DED9A
:10AAB000028B83B08760875001225F609F60DF60F8
:10AAC0001F615F61484B02614FF48072C3189FEDB4
:10AAD000478A0280877000900191C4F800B04FF45B
:10AAE0008062C4F804900021C4F8088018462561EB
:10AAF000143444F8085C43F81CBC43F8189C43F831
:10AB0000148C43F80C5C43F8105C0EF035FF012107
:10AB100000F2044240F8087CC0F80074544540F844
:10AB2000041C00F5856315603246756006F10C065D
:10AB300046F8045C82ED008ACFD14FF480322C4E6F
:10AB40002C4DDDE900A10AF5B0340846C4F88C1597
:10AB500000210EF011FF04F5B16304F5B26026493F
:10AB6000264AC4F8887582604FF07C52C16004F5B3
:10AB7000B46099602249DA60C160866099612149B8
:10AB80005D63DA61996304F2CC531F4E00211A60B1
:10AB900040221E4D1E4B1F48C4F8A4335044C4F835
:10ABA0009C63C4F8A0530EF0E7FE1B4B0722C4F8C9
:10ABB0009463C4F84433C4F84833C4F89853C4F8D1
:10ABC0003433C4F83833C4F83C33C4F84033C4E9F0
:10ABD000D37203B0BDEC028BBDE8F08F1C630100A3
:10ABE000E44901006C490100484A010024F17F3F1B
:10ABF000F5FFFF3F0000203FE2FFFF3EE2FFFF3F87
:10AC0000F5FFFF3E3333333FD9510B3F5CE95E3DE7
:10AC10004A54323C5463010000008A4222BA003D8B
:10AC20000AD7233CCAAA7F3FB0EE004ADFED5C6A38
:10AC3000B2EE087A9FED5B6AF3EE087A5A4BB4EEF7
:10AC4000C41A8C4630EEC75A70EEA77A70EEE65AF8
:10AC500030EE877A70EEA66A30EE866AF1EE10FA70
:10AC600030B58FB00546964601AC8DED050A8DEDE9
:10AC7000065ACDED075ACDED080ACDED096A8DEDE6
:10AC80000A7A8DED0B6ACDED0C7ACDED0D7A0FCBF6
:10AC900084E80F0058DA0EF1FF34BEEB540471D093
:10ACA000F1EE0C4A6146F7EE005A0CEB840CB6EE5E
:10ACB000006A00229FED3D7A9FED3D5A76EEE06AF4
:10ACC000131902F003000EAD9E4501F10401E6EEFA
:10ACD000870A05EB800002F1010241ED010A05D966
:10ACE00050ED0D7A77EEA07ACCED007A94420CF11B
:10ACF000040C47D021EE247A75EEC17AFDEEC76AC6
:10AD0000A7EE851AF8EEE67A16EE903A0DEB830080
:10AD100037EE677AD0ED050AD0ED066AB4EEC67A52
:10AD200077EE077AF1EE10FA2ED474EE677AB0EE71
:10AD3000657A67EEA77A67EEA77A67EEA77A67EE7D
:10AD4000E77AA7EE867AB9E7BEF1000F1AD031EEA6
:10AD5000441A2A69174B6146013ABDEEC11A02EB4B
:10AD6000820002EB400211EE100A024403EB421390
:10AD700003EB8E0EF3EC017A77EEA07A9E45E1ECC0
:10AD8000017AF7D10FB030BD67EEA77A67EEA77AE8
:10AD900067EEA77A67EEA77A27EE867A8EE700BF7E
:10ADA00027A0E0400A289841082200200000000067
:10ADB000CDCC4C3E30B00020F0B51D465378044653
:10ADC000059E084613B1A3688B4264D000EB800255
:10ADD0004E4B4F4F04EB82022744D31893ED006A89
:10ADE0004C4BD31893ED007A56B34B4906F1FF3C18
:10ADF0004A4BDFF844E15118D31896443A4693ED94
:10AE0000005A0CF1FF3CD2ED007AD1ED006ABCF1A2
:10AE1000FF3FE5EE467ADEED005AE6EEC67A77EEC3
:10AE2000C77A67EEA57AA6EEA76AA6EE867AF0EE56
:10AE3000465AA6EEA76AA2EC017AA6EEA57ADED162
:10AE400000EB800340F21C52D5ED017A394604EB49
:10AE5000830302FB00F02D4A67EEA77A9A1882ED71
:10AE6000006A2C4A9A182318143082ED007A2A6856
:10AE7000204483ED050A9A61EA68C3ED077A1A62F5
:10AE8000AA689A62264B274AE3180596A218BDE8DD
:10AE9000F04001F0B5B91378002B97D09FED227ADE
:10AEA000F3EE086ADFED217AF5EE005AB4EEE07AAF
:10AEB0001F4A204B04F5B031F1EE10FA91EDEA6A29
:10AEC00037FE207A27EE075AE5EE267AFDEEE76A8E
:10AED000B8EEE65A16EE907A02EB870277EEC57A64
:10AEE000D2ED006AFEEECC7A17EE902A03EB8203D5
:10AEF000D3ED007A67EEA67A67EEA57AC7EE876A89
:10AF000076EE867AC1EDEA7A60E700BF7849010003
:10AF1000A86301007C4901006C49010070490100EF
:10AF200028650100C86401006F12833A00000043E5
:10AF3000588800205484002074490100F0B501EBCA
:10AF4000C1048446557800EB04161E48059F30184E
:10AF50001DB1DCF808508D4228D001EBC101194A1F
:10AF6000194E0CEB0111194D194C8A18DFF87CE0D1
:10AF70008E194D1982ED000A0C19164A8E448A1852
:10AF80001968316059682960D9689B68216000217F
:10AF9000CEF8001013601049104B114A6144059718
:10AFA00063446244BDE8F04002F0A4B91278002A7C
:10AFB000D3D00C4D4FF07E540B4A7519B2182C604B
:10AFC0001460CAE70C460100104601001446010057
:10AFD0002046010018460100A86301002865010011
:10AFE000C8640100384601003C4601001C460100CF
:10AFF0002DE9F04F8678B0EE403AF0EE603A044624
:10B00000012E0F461D462DED088B99B0DDF8A8B036
:10B01000069200F09A82042E00F0978201238DEDB3
:10B020000C0A0393D4F80890B94500F0F082D14B94
:10B03000E3180593BBF1000F00F0DF8307EB8708EF
:10B04000CD4BDFF8A4E304EB8808DFF8A0C3CB48BE
:10B050004344C644C444404493ED006AC84B059A37
:10B06000434493ED007A0BF1FF33194607939CEDAF
:10B07000005A0139D2ED007ADEED006AB1F1FF3FEE
:10B08000E5EE467AD0ED005AE6EEC67A77EEC77A5C
:10B0900067EEA57AA6EEA76AA6EE867AF0EE465A85
:10B0A000A6EEA76AA2EC017AA6EEA57ADFD1B24A93
:10B0B000424482ED006AB24A424482ED007A069A26
:10B0C0005278002A00F0CE80B94500F01D834FF47D
:10B0D0008562AC49AC484FF4857C07FB0211AB4B51
:10B0E00007FB0242DFF808E3DFF808832144101869
:10B0F0000492A74A0CFB07FCD0ED005A0498FDEE21
:10B10000E57ADFEDA44A82189FEDA34ADFF8E892C2
:10B110008644CDED097AF8EEE77A92ED005AE2180E
:10B1200003EB8B03804475EEE75A104604EB030AE9
:10B130004FEA8B030A920893099ACDF8A8B00996B2
:10B140000B95DEF80030B0EE006AF0EE647A5E1E19
:10B150009BB1D9F80030914DCEF80060904E05FBC0
:10B16000036307EE903AC9F80030B8EE677AFFEE55
:10B17000007A27EE047AE7EE067AD8F8003045F236
:10B18000902613445CFA83FB01335CFA83F3B344E7
:10B190001E4404EB8B0B4B6904EB86069BED027A95
:10B1A000D6ED026A01EB8306FF3376EEC76ADBB2A7
:10B1B000A6EEA57AE5EE077AE0EC017A8245C6EDC7
:10B1C000077A4B61BDD104984FF4856E75490EFB2B
:10B1D000074EDFF8B0C14118DDF8A8B00B9DF4446C
:10B1E00091ED006A7049079B4118704891ED007A13
:10B1F00070446F49DDE90962714490ED005AD2ED67
:10B20000007ADCED006AE5EE467AD1ED005AE6EE12
:10B21000C67A77EEC77A67EEA57AA6EEA76AA6EE9B
:10B22000867AF0EE465AA6EEA76AA2EC017A52455B
:10B23000A6EEA57AE1D1089A4E495118594A7244AE
:10B24000214482ED006A584A724482ED007A059AE0
:10B25000B2EC017AD2ED2F7A914277EE877A42ED05
:10B26000017AF5D107EB4702524904EB82025118EB
:10B2700091ED007A50495118D1ED007A4F4951189B
:10B28000059AD1ED005A7900F0EE476A92ED007A06
:10B29000013BB0EE476A581CA5EEA76A76EE667AC7
:10B2A000E2EC017AF0D1CB19424A04EB83039A18FD
:10B2B00082ED007A404A9A1845F63213C2ED007AC0
:10B2C0005B443F4A4FEA8309A118B2EB830F049114
:10B2D00005D04FEA8B02002104980EF04DFB394A4D
:10B2E00009F16001914204EB020306D018464FEACF
:10B2F0008B0200210EF040FB034695ED00BADFED16
:10B30000327AB4EEE7BAF1EE10FA40F1C9813BEEC1
:10B3100067BADFED2E7A2BEE27BA039A002A40F3A4
:10B32000BA8107EE902AA9F1C009B446A046B8EE4A
:10B33000E78AA1445E46DFED26AA9FED26AA0DF11D
:10B34000300ADFED259A9B469FED249A0024DFED1D
:10B35000248AD8F8102041F2554307EE904A21493B
:10B3600002FB047295ED016AF8EEE77AD5ED026A08
:10B3700044E000BFA863010078490100744901005E
:10B380007C4901002C4A01004C4E01006864010018
:10B39000504E0100000000000000802F0D661900D3
:10B3A0005FF36E3C384A01003C4A0100304A01001C
:10B3B000344A0100E8490100EC490100E449010078
:10B3C000C8640100286501008FC2753EDF4F8540CB
:10B3D000713D8A3E3333333F6666663F000010425C
:10B3E00000000043504501006C4901007049010014
:10B3F000484E0100404A010070B80020D31808EB05
:10B400000210D5ED035ABCF1050F08EB03130144FC
:10B41000C7EE884A93ED015AAB4B91ED007A034495
:10B4200041F6BC60D3ED007AD7EE057AC1ED007A23
:10B4300083ED007A41F68C0303FB0283184400F08D
:10B440000981F0EE667A002C00F00081069B5B78A3
:10B45000002B00F0FB80B6EE005A9C49B0EE004A8B
:10B460009B4BF0EE4A7A35EE653A37EE057AE6EE1A
:10B47000AA7A74EE466AF7EE003A66EE866AB0EE95
:10B48000C36A34EE664A35EE465A24EE266A25EE45
:10B49000295A76EE636AE5EE075AB0EE687AA6EEB0
:10B4A000897AFDEEC76AB8EEE65A16EE90CA01EB4D
:10B4B0008C0137EE457AD1ED006ABEEECC7A17EEFC
:10B4C000101A03EB8103834993ED005A414425EEA2
:10B4D000265A41F68C039FED807A03FB028341F6E6
:10B4E000BC6237EE677A03F5F65C9A188CED00BA09
:10B4F0000AEB840CE7EE247A92ED007ADCED006A28
:10B5000076EEC76AA5EE267A82ED007A41F6C4622D
:10B510009A1882ED006A41F6CC629A18C2ED005A80
:10B5200041F6C8629A185B46C2ED007A049A00960A
:10B5300001F07AFE002C00F094800134039BA342BA
:10B5400000F0A98098F802C003E70C222369012EBD
:10B5500092FBF3F3039300F0B480069BF0EE007AC5
:10B560001B6907EE103A0493B8EEC71A31EE271A9A
:10B57000069B2046DDF80C800CA9D3ED017AD3EDB3
:10B58000030A45F6C6034246FB1837EEA00A04EB51
:10B59000830393ED017A77EE877A77EEA00AFFF7BF
:10B5A00043FBB8F1000F7FF73DAD0CAA9FED4B5A5E
:10B5B000DFED4B5A9FED4B6A02EB880C4448434940
:10B5C000D2ED007A77EEC57A77EEA57ABDEEE77A0E
:10B5D000F8EEC76A77EEE67AFEEECC7A17EE903A8E
:10B5E00000EB8303D3ED007A17EE103A01EB8303EF
:10B5F00093ED007A67EE877A67EE867AE2EC017A5D
:10B600009445DDD1D4F80890B9457FF410ADDDED57
:10B61000037AF8EEE77A77EEA77AF1EEE77ABBF1F4
:10B62000000F00F0E180F7EE006A2F4AA31802EB4A
:10B630008B0286EEA77A22440593D3ED007A67EE5B
:10B64000877AE3EC017A9A42F7D1F7E4B7EE005A31
:10B6500005993EE7F0EE007A77EEE67A67EEA67A95
:10B66000F1E6002E3FF469AFDFED207A194BC7EE0B
:10B67000886A4344D3ED307A93ED487A77EEC77AFF
:10B6800067EEA67AE3EC017A4B45F3D10134039BD4
:10B69000A3427FF457AF19B0BDEC088BBDE8F08F23
:10B6A000DFED137AB4EEE7BAF1EE10FA06DD3BEE09
:10B6B00067BADFED107A2BEE27BA2EE69FED0EBAB1
:10B6C0002BE695ED001A53E74C4501005888002001
:10B6D00054840020086401003333733F00008A4221
:10B6E00000000043EE77233CA8630100CDCC4C3E24
:10B6F000B81E853E09F9AC3F000000006666663F53
:10B70000CDCC4C3D00007F43069B1B78002B3FF4C3
:10B71000DEACF7EE004A95ED036A1FED085A4FF4D0
:10B7200085635FED096AF2EE005AC4EE837A1FED7D
:10B730000B7A03FB0743384AE6EE056A63EEA53A47
:10B7400067EEA67AF4EEC77AFCEEE76AF1EE10FA3D
:10B7500016EE901A995008DBF6EE006A67EEA67AAC
:10B76000F4EEC77AF1EE10FAF8DADFED2C6AF7EEB4
:10B77000005A9FED2B5A4FF48563F4EEE63A9FEDA5
:10B78000297A03FB0743284A35EEC66ADFED274ACC
:10B79000F1EE10FA1A44C2ED007A26EE246A76FE23
:10B7A000A36A26EE855A224AA6EE857A9A1882ED79
:10B7B000006A204A9A1827EE267A77EE256A82EDEB
:10B7C000007A1D4AE7EE076A9A18C2ED005A1B4A32
:10B7D0009A1885EEA65A82ED005ABBF1000F0CD0E4
:10B7E0000BF1FF33079372E4154B069AE3180593A8
:10B7F000537813B11378002B8BD107EB4703114A11
:10B80000790004EB83039A1892ED007A0E4A9A1895
:10B81000D2ED007A47E500BF484E0100EE7CFF3EC6
:10B82000D7573941DB0F49404C4E0100CDCC4C3F3E
:10B83000504E01002C4A0100304A0100344A0100F8
:10B84000A8630100E8490100EC4901002DE9F04F2F
:10B850002DED068B8DB0884692461C991E9A069354
:10B8600003914FEA82091D99037802920491002BFB
:10B8700040F01D83437804460BB1FEF7AFFE04F59C
:10B88000B03398ED028A9FEDC07AD3EDD17A98F863
:10B89000002078EE677A0793F0EEE77AF4EEC77A45
:10B8A000F1EE10FA40F343820799D1F89C3381ED11
:10B8B000D18AC1F89433D1F8A03381EDD28A81EDD9
:10B8C000CD8A81EDCE8A81EDCF8A81EDD08AC1F813
:10B8D0009833A368D8F80810002A40F00F8245F684
:10B8E000C6029A1804EB82025160B9F1000F0BD026
:10B8F0004A460021039805930EF03EF84A4600217F
:10B9000004980EF039F8059B2269002A40F322833F
:10B910009E4E00259E4F9FED9F9AA6199FED9E8AF1
:10B920002744DFED9E8A9FED9EAADFF8A8B2DFEDE7
:10B930009D9AD8ED016AB0EE007AD6ED007A98EDC6
:10B94000036A77EEA67ADAED016A98F8011037EE0D
:10B95000667A77EE867A27EE267A77EEC97A77EEE0
:10B96000887AFDEEE76AB8EEE66A16EE902A0BEBEF
:10B97000820277EEC67AD2ED006A8B4AFEEECC7A6E
:10B9800017EE900A02EB8002D2ED00AA6AEEA6AA98
:10B990006AEEA8AA00294AD09D4200F02581834B77
:10B9A000834A7A60BB60C7ED009AB9F1000F05D0F9
:10B9B00080484A46002120180DF0DEFFF0EE4A0ACA
:10B9C000A378B0EE6A0A002B00F0D180032B029B13
:10B9D0004246294600932046534600F0D180FFF7A7
:10B9E00007FB2069012828D015F0010F06F1040695
:10B9F000DDE9033218BF1346029A8AB16E4A03EB9F
:10BA00000901A218F2EC017A93ED007AD2ED176ADF
:10BA100077EEE67A77EE877AE3EC017A9942F1D114
:10BA200001351437A84240F39582A36881E79D420F
:10BA300000F03881614A624BB3E7029B002B00F0B3
:10BA4000518203985C4A03460499A2184844B2EC18
:10BA5000017AD3ED007A77EE877AE3EC017A9842A7
:10BA600091ED007AD2ED177A77EE877AE1EC017AE0
:10BA7000EDD1A578052D00F0BE810798B7EE002A1C
:10BA8000029BF2EE022A00F2CC564E48591EDFED20
:10BA90004E1A00EB85009FED4D1A9FED4D3AD0ED0B
:10BAA000003ADDE90323B2EC017AB0EE614AF3EC2F
:10BAB000017A23EE877A96ED006A63EEA77AB0EEFC
:10BAC000C75AF0EEE75A77EEC76AF4EEC55AF0EEC1
:10BAD000E66AF1EE10FA75FE855AF4EEE56AF1EECB
:10BAE00010FA76FEA56A76EEC66AF5EEC06AF1EE49
:10BAF00010FA01DDB0EE414AA6EE846A0139B4EED7
:10BB0000C26A86ED006AF1EE10FA05D9C2EE066A45
:10BB100027EE267A67EEA67A27EE037A481C67EEB0
:10BB2000837AB3EE0B6A67EE225AF3EE0B6AB3EE3A
:10BB30000B5A27EEA24AE7EEA76AA7EE255AA7EE10
:10BB4000076AF3EE0B5AE7EE845A66EEA77A26EE02
:10BB5000077AC7EE056A87EEA57A42ED016A03ED22
:10BB6000017AA0D10DB0BDEC068BBDE8F08F029B31
:10BB700042462946204600935346FFF71DF930E719
:10BB8000FFF7DCF92DE700BFCDCCCC3E1C630100F4
:10BB90006C49010000008A4200000043EE77233C1C
:10BBA000B8C56D39F9BE3A3A54840020DCE07F3FD5
:10BBB000ABAA2A3FA8630100C86401000000A03FAF
:10BBC000A9C57F3F18B00020ACC5A737CDCC4C3DF0
:10BBD000CDCC4C3F588800200000C0425CE9DE3BE1
:10BBE000EE7CFF3EABAA2A3FF6EE007A5FED065AE6
:10BBF0005FED066A5FED060A37EE677A1FED076AAA
:10BC0000F0EE487AE7EE257ABDEEE77AF8EEC75A0D
:10BC100017EE103A0BEB830377EEE57A93ED007A9B
:10BC2000D14BFEEECC7A17EE902A03EB8203D3EDD4
:10BC3000007A67EE877A67EEAA7AF4EEE76A9FEDFC
:10BC4000CB7A87ED016AF1EE10FA76FEA77AF4EE70
:10BC5000E07AF7EE006AF1EE10FA70FEA70A20EE25
:10BC6000877ADFEDC37AB9F1040FE0EE877AB0EEA0
:10BC7000667A67EEA07AA7EE867AC7ED007AA7EE1D
:10BC8000A77AC6EE877AC7ED027A40F32381B948D6
:10BC90004A4606992018CDED050A0DF0DBFDDDEDD5
:10BCA000050A8DE6F7EE007A9FEDB35ADFEDB35A41
:10BCB000B7EE046ADFEDB26A37EE677ADFEDB10AFC
:10BCC000F0EE487AE7EE057ABDEEE77AB8EEC75AAD
:10BCD00017EE103A0BEB830377EEC57A93ED007AFB
:10BCE000A14BFEEECC7A17EE902A03EB8203D3ED44
:10BCF000007A67EE877A67EEA57A9EE745F6C60278
:10BD00009A1804EB820251602269012A40F3C8802C
:10BD1000D50740F1C580E2689B4B02F00700013275
:10BD200053F8203002F00702C4E90232D7E5002AB6
:10BD30007FF4BAAD954D0C229549601961180DF04C
:10BD400089FD079E034686EDD08A605908AD596883
:10BD50009A68DB680FC50422294608A8FEF7A8FDEB
:10BD6000294608A8FEF750FE96EDD17ADDED0A7A55
:10BD7000B6EE004ADDED094AF0EE473A96EDE56A87
:10BD800074EEA74AD6EDE66A96EDE95AD6EDD27A78
:10BD9000D4EE843AD6EDE85A75EE664AD6F84C33BE
:10BDA000B0EE664A98F8002075EEC65A03F10F010E
:10BDB00006EB8303A5EE244A01F00F01A6EE237AD9
:10BDC000F0EE464AE5EE254A86EDE64A37EE676A2A
:10BDD00086EDD17AE6EE867AC6EDE54AC6EDD27AF0
:10BDE000C3EDD57AC6F84C1373E5029B002B7DD0CA
:10BDF000039B03EB0900F7EE005ADDE90332154619
:10BE0000DAED036A92ED007A75EEE67A93ED006A58
:10BE100067EE877AE6EE867AE3EC017A8342DAED22
:10BE2000036A75EEE67A67EE867AE6EE877AE2ECEA
:10BE3000017AE5D1B6EE004A9AED026A9AED015A0E
:10BE4000DFED544ADFED545ADFED546A9FED547A2A
:10BE5000DFED547AE6EE046AA6EE247A079BE5EE5F
:10BE6000257A514803F5B163504A2018049C5A635F
:10BE70004F4AA144C3ED0A6ADA62224683ED0C7A86
:10BE8000C3ED0E7A0399029BE8F7D0FAD5ED007A5C
:10BE9000F1EE677AE5EC017AA945F7D10525ECE5E5
:10BEA000013393FBF2F002FB1033A36017E5B9F105
:10BEB000040F46DD069C4A46039821460DF0CAFC55
:10BEC0004A46214604980DB0BDEC068BBDE8F04F04
:10BED0000DF0C0BC7FF474AD069B079A1B68C2F8D6
:10BEE000A8336DE5A378052B7FF43CAEB6EE004A8F
:10BEF0009AED026A9AED015A079BDFED264ADFEDC3
:10BF0000265A03F5B166DFED256A00239FED247AFA
:10BF1000DFED247AE6EE046AA6EE247A2348E5EE05
:10BF2000257A70632248F0621F48C6ED0A6A20181D
:10BF300086ED0C7AC6ED0E7ADDE90312E8F776FAA3
:10BF400010E67FF40FAE069B039A1B681360049AF9
:10BF5000136007E6A578052D3FF447AF029B002B41
:10BF60007FF48BADFEE500BF54840020D7573941E4
:10BF7000DB0F4940A86301000000D842CDCCCC3E85
:10BF80005CE9DE3BEE7CFF3E34840020346301003C
:10BF900038630100AE47213F9A99193FCDCCCC3D83
:10BFA0003333B33E9A99993E886501000000203FE3
:10BFB000CDCC4C3E00B5DFED137A0346DFF854E0FC
:10BFC00000F5A061DFF850C00022C3ED077A1433FA
:10BFD000C3F80CE0C3F810C09A615A618B42F4D1E7
:10BFE0004FF07C5308494FF07A5C026101604022B7
:10BFF00006498360064BC0F804C041618261C3609A
:10C0000000BD00BF22BA003DEE77A33B9A99993E4E
:10C0100077BE7F3F0AD7233CCAAA7F3F81690029A8
:10C0200040F3CC80B7EE005AD0ED014AF0EE006A42
:10C030009FED636A90ED057A034675EE647ADFED55
:10C04000610A27EE067AD0ED022A24EE866A9FED79
:10C050005E3A67EEA77A5D4A76EEE41A90ED001A32
:10C06000FDEEC65ADFF894C167EEA77A9FED584AF5
:10C0700061EEA41ADFED573AF0EE454A402967EE2B
:10C08000E77A9FED550A61EE841AA8BF4021B0EE11
:10C09000414AE7EEA04ADFED510A10B515EE90EAED
:10C0A000DFED4F5A02EE10EAB8EEC22A2DED068BF4
:10C0B00076EE427A9FED4B9A24EEA26A9FED4A2AD1
:10C0C000DFED4A8ADFED4A9A76EEC66A9FED498A2D
:10C0D0009FED49AA66EE866ABDEEC76AE6EE835A10
:10C0E00016EE100AF8EEC66A02EB8000002237EE68
:10C0F000667AD0ED004AD0ED016A0CEB8E0076EE48
:10C10000E46A90ED006AE7EE264A90ED017A104667
:10C1100037EE467AA7EE876A64EEA34AB0EE457A18
:10C1200037E066EEA63A1046B0EE683AF0EE697A6D
:10C13000A3EE893AE3EE837A67EEA67A27EEA73A72
:10C14000F0EE472AC3ED077AB5EEC06A35EE065A1F
:10C15000E6EEA42AF0EE476AF1EE10FAC7EE223AB4
:10C16000E3EEA76AC3ED083A76EE837AC7EE276A54
:10C17000C3ED096A1CD426EE086A77EE657A91420F
:10C1800034EE014A03F11403E7EEA15A64EEA54A26
:10C1900011DD64EE056A0132F0EE607AB0EE403AED
:10C1A000F4EEC26AF1EE10FABBDBF0EE426AC7E7CA
:10C1B00026EE0A6AE1E7BDEC068B10BD0020704751
:10C1C00000008043CDCC4C3E9A99593F2026002058
:10C1D000CDCCCC3D0000FA43B8399441F4BD894040
:10C1E0009A99193E49265F4248E1FA3E8FBA2141A9
:10C1F000DB0F494048E17A3F7B146E3F242A002040
:10C20000F8B52DED068B07461E460C461546FFF782
:10C2100005FF0C9B97ED048A002B00F0A48007EE2D
:10C22000103AD7ED037A421E07F1280EB8EE477A8E
:10C23000013B77EEC87A5208F5EE008A02EB8202E3
:10C24000F6EE000A87EE879A0EEBC20E38EE098AE8
:10C2500078EE687AF5EEC07AF1EE10FA00F1888097
:10C26000F4EEE07AF1EE10FA40F38F8077EEE07AA8
:10C27000B3EE007A0434002800F08280B0EE006A49
:10C2800054ED011AF7EE002A9FED412A27EE877A36
:10C29000BC46F4EE006AE7EEC62AB6EE003A61EE5E
:10C2A000A61AB0EE421A62EE872A62EEA83AB0EE03
:10C2B000616A9CED0A7ADCED086AD3EE223ADCED85
:10C2C0000F7A0CF1280CA6EEC76ADCED035AF0EEEB
:10C2D000616A1CED034ADCED024A33EE20AA9CEDB4
:10C2E000015AE5EEE76ADCED065A9CED040A73EEAE
:10C2F000A09AA7EE446A5CED01AAE64593EEA23A45
:10C30000E7EEE46A36EE456A26EE2A6A76EEE56ADC
:10C31000A4EE067A66EE806AE4EEA67AA4EE075AE8
:10C32000B0EE470AAAEE071AE4EEA75AA4EE060AF0
:10C33000B0EE676AA4EE075AA9EEA72AA4EEA66A91
:10C34000E4EEA75A8CED000A8CED015A8CED056ADB
:10C35000CCED065AABD1013BA5EC011AA6EC012AA3
:10C360005A1C7FF473AF87ED048ABDEC068BF8BDD1
:10C37000F1EE677A0434B3EE007A00287FF47EAFE2
:10C380009FED032AB0EE421AE5E7BBEE007A71E7B3
:10C390000000000038B504460B464FF480520021DF
:10C3A00084F824304C300DF0E7FA0125002141F2E9
:10C3B00054004FF400622018C4E911150DF0DCFAA6
:10C3C00041F250030021DFF88CC0E2184FF07C509E
:10C3D00042F8041C04F58052E550002302F6540193
:10C3E00002F66C024FF07A550B604B608B60CB60AD
:10C3F0000B614B61C2F804C01049DFF85CC01160EA
:10C4000004F5C4511361D360C2F808C00C4AA0609F
:10C41000E2600C480C4A206162610C480C4A65607D
:10C42000A361E361A3622364236263632363E36321
:10C43000A36320604B608B600A6038BD22BA003D68
:10C440009A99993ECDCC4C3F5E744843EE77A33B1E
:10C4500047E27F3F0AD7233CCAAA7F3FB7EE007A64
:10C46000D0ED000AB1EE002AC7EE207A2DE9F04F98
:10C470002DED0E8B8B46179E1946F4EEC27AF1EE27
:10C4800010FA00F104849FEDBC2A9FEDBC1AF4EE73
:10C49000C27AF1EE10FA32FE272A22EE011A60EE7D
:10C4A000822ADFEDB77AF4EEE72AF1EE10FA80F295
:10C4B000E78381EE221AD0ED036A07EE106ADFED02
:10C4C000B13ADFEDB14ADFEDB18AB0EE006AB04FAC
:10C4D000F8EE475AAF4DB0EE637A9FEDAF9A36EE65
:10C4E000666A9FEDAE0AB3EE088ADFEDAD7A66EEBE
:10C4F000A69A90ED025A26EE266AD0ED041A90ED27
:10C50000064AA6EE247AD0ED054AB0EE486AA9EEB6
:10C51000A86ABDEEC73AF8EEC39A13EE103A07EBDD
:10C52000830337EE697A93ED003ABEEECC7A17EECC
:10C53000103A05EB830393ED007A27EE037A27EE9A
:10C54000097A9FED989A27EE007A25EE050A81EE8A
:10C55000073AA0EE086AB7EE008AF4EEC37AF1EE6D
:10C5600010FA77FE837A77EEA37A35EE483AB0EE8A
:10C57000635ABDEEE71AA3EE285ADFED8B8AB8EEB8
:10C58000C17A11EE103A07EB830C77EEC77A9FED74
:10C59000877AB4EEC76AFEEECC7AF1EE10FA17EEA7
:10C5A000903ADCED007A37FE067A37EE236A05EB27
:10C5B0008303BDEEC63A93ED001A21EE271AF8EE7A
:10C5C000C37A13EE103A07EB830336EE676A93EDF6
:10C5D000003ABEEECC6A16EE103A05EB8303D3EDBB
:10C5E000007A67EE837A67EEA07AD0ED010AF4EE66
:10C5F000E87AF1EE10FAF4EEC96A38FEA76AFDEEA9
:10C60000C57AF1EE10FA17EE903AF8EEE77A07EBFA
:10C61000830735EE675A97ED003ABEEECC5A15EE19
:10C62000103A90ED075A05EB8305D5ED008A17DB2C
:10C6300076EEC97AF3EE046A73EEC73A67EEA67A2D
:10C64000DFED5B6A76EEC66AA3EEA77AA6EEA76A6E
:10C6500078EE416A38EE408AA6EEA71AA8EE270ABD
:10C66000002E40F0F8829FED539A00F58055B0EE11
:10C67000498A05F6540383ED041A83ED020A66EE37
:10C68000066ADFED4D3ADFED4D7A05F66C0305F6EF
:10C690005407E6EEA37ADFED4A3A87ED039A87ED79
:10C6A000058AE6EEA73ADFED477AE6EEA37ADFEDFC
:10C6B000463AE6EEA73ADFED457AE6EEA37AF7EEE4
:10C6C000006AF0EE003AC3ED013A67EE867AB0EE0A
:10C6D000666AC3ED007AA7EEA36AA7EEA76AC6EE64
:10C6E000867AC3ED027AD0ED083A002E00F03B8244
:10C6F000F6EE007A9FED366A70EEC50ADFF8F48038
:10C7000023EE283A06F1FF3E71EEE71A9FED318ADB
:10C71000C0EEA58A9FED300A304E314B314F9FED70
:10C7200032AAF0EEE11ADFED319A32EE642AE1EE40
:10C73000C67ADFED2F1A82EE259A9FED1E2A77EE3C
:10C74000C47AC7EEA50AFDEEC77A17EE90CAF8EED6
:10C75000E77A08EB8C0937EE677A99ED016AD9ED33
:10C76000007A36EE676AE7EE067A76EEE76A76EEEC
:10C77000E36A86EEA51AC6E100007F440000F0C21D
:10C7800072F97F3F000000430000C04200004042B9
:10C790005888002054840020295C8F3D00442C4799
:10C7A0000000FEC23333733FEE7CFF3E0000A84220
:10C7B000E5F2FF3E0000000023FE2E4590ECAC4267
:10C7C0008F34214365482342A95D2541DB0F494051
:10C7D00048E17A3FCDCC4C3E0000802F70B800205D
:10C7E0000D6619005FF36E3C0AD7233C3333F33EEA
:10C7F000CDCCCC3C282E00203F351EBF73EE08AABE
:10C800003468FFEE006A90ED0ABA03FB047C37EE51
:10C81000677AC7EEAABA0AEE90CAC6F800C080EDE1
:10C820000B7AF8EE6AAAF0EE005A35EE285A6AEE54
:10C83000807AF0EE66AAB5EEC05AE7EEA56AF0EE91
:10C840004B7A74EE894A34EE204A73EE813AF1EE67
:10C8500010FADBEEA67AE3EEA4AA24EE24CAA7EE31
:10C8600083BA80ED0ABA40F26681F6EE087A75EE78
:10C87000C55AB4EEE75A65EE855AF1EE10FA65EE48
:10C88000A95A40F36D8175EE677AF1EE006A67EEA2
:10C89000A67A67EEA77A67EEA17AF7EE006AD0ED86
:10C8A00010CAF1EE00BAD0F84480EBEE276AF0EE41
:10C8B000667AECEEC27A67EEAAAA65EEAA5AF4EEA0
:10C8C000EB5AF1EE10FAC0F2E5817AEEE57AF4EE79
:10C8D000EB7AF1EE10FA80F25281F0EE42CAFDEEF0
:10C8E000EA7AF6EE00BA17EE904AF8EEE77A04EB31
:10C8F000080C7AEEE7AA0CF20149C9F3090900EB2A
:10C900008909D9ED135A0CF2FF39C9F3090900EB73
:10C91000890999ED13BACCF309090CF2024C00EB2A
:10C92000890935EECBBACCF3090CD9ED137A00EBBB
:10C930008C0C77EEE55A9CED13DAF0EE656A3DEE6D
:10C9400067DAEBEE2B6A75EEA65AEDEE2B5A76EE11
:10C95000A56ADAEEA56A66EEAA6AEBEE2B6AEAEE43
:10C96000A67A00F5C45CF0EE676A9CED02BADCEDD5
:10C9700000AADCED015AEBEE2A6ACCED017A76EEE4
:10C98000E56A76EEE75ACCED026AE5EEAC7AF5EEB2
:10C99000C07AF0EEE7AAF1EE10FA7AEEE1AA40F3DF
:10C9A000C780B7EE00DAF0EEEA6A05F6540CF7EE4F
:10C9B000005A05F66C099CED02BAF5EE00CA76EE57
:10C9C000AA6ADCED00BA9CED01EA75EECBDAF6EE70
:10C9D00000AA00EB880A66EE8D6A9CED04DA7BEE15
:10C9E000255A08F2FF386DEEACDAD9ED00CAC0ED79
:10C9F000106AC8F30908DBED006A65EEAAAAD9ED52
:10CA0000035A77EEA67AD9ED016ACCED01BA66EE4B
:10CA1000E56A37EE8EEACCED007AD9ED047A6DEE58
:10CA20008EDA9CED03EA3EEE0BEA9CED05BAEAEEE7
:10CA3000ABDAD9ED02BAFDEECCAA3BEE0DBA8CED25
:10CA400002EA8CED04BA1AEE90CAEDEE2D6AC444E7
:10CA5000B8EEEABA3CEE4BBAE5EEEC6A76EEE76A7F
:10CA600066EEAB6AECEEA65AECEEA57AF0EE65BA8D
:10CA7000ECEEA6BAF0EE676AECEEA56AC9ED03BA71
:10CA8000C9ED046ACAED137AC0F844800CF10108BC
:10CA9000CCF3090CD0F83890C8F3090880ED0D6A82
:10CAA00000EB8C0CC0F83C9000EB8808C0ED0C7AD1
:10CAB000DCED136AD8ED135A75EEE65AEBEE256AF3
:10CAC000C0ED0E6A77EEC67AF2EC016A0EF1FF3E17
:10CAD0000BF1040BA7EE876ABEF1FF3F36EE866AC4
:10CAE00002ED016AD0ED0F7AD0ED0E6A90ED0B6A7F
:10CAF00076EEE76AB1EC017AE6EE267A77EE277AEF
:10CB000041ED017A2FD090ED0B7AF7EE007A90ED9F
:10CB10000C6A32EE877AB4EEE77A80ED0B7AF1EEAA
:10CB200010FA3FF76BAEF0EE467A90ED0D6AC9E76A
:10CB3000BFEE08DA37E740F1B08065EE056AF1EE46
:10CB400045CA66EE8A6AF7EE007AD0ED105AD0F840
:10CB50004480EBEE027AE5EEE67A67EEAAAABEE63C
:10CB6000F0EE427A99E6BDEC0E8BC0ED083A80ED0E
:10CB7000075A80ED064AC0ED054ABDE8F08FFDEE8C
:10CB8000E76A1FEDE3DAF6EE00DAF0EEC5CA16EE5C
:10CB9000904AF8EEE66A25EE0DDA04EB080CFCEE9E
:10CBA000E55A77EEE67A0CF20149C9F3090900EB80
:10CBB0008909D9ED13AA0CF2FF39C9F3090900EB71
:10CBC0008909D9ED13BACCF309090CF2024C00EB38
:10CBD00089097AEEEBBACCF3090C99ED13BA00EBA4
:10CBE0008C0CD5F84C907BEE6AAA9CED13EA15EEFE
:10CBF00090CAF0EE6A6ACC443EEE4BEACCF3080CE5
:10CC0000EBEEAD6A05EB8C0C7AEEA6AAEEEE2DAA41
:10CC100076EEAA6AD7EEAA6A66EEA76AEBEEAD6A6E
:10CC2000A7EEA6BADFED1F7A7CEEA7CADCED157A77
:10CC300009F2FF1C05EB8909CDEE2C6ACCF3080C38
:10CC4000DFED19CAA6EEA7BA89ED15BAEBEE667A42
:10CC5000C5F84CC085E6F7EE007A00F5805505F67C
:10CC6000540387EEA58AD3ED026AD3ED047A30EE41
:10CC7000660A31EE671A20EE089A21EE088AFEE471
:10CC8000F7EE007AF0EE672AC0ED0B7A13E49FED21
:10CC9000071A04E4DFED04CA21E6DFED036AF0EED3
:10CCA00066CA50E79A99193E000000000000F0C3E0
:10CCB000B7EE007A90ED001AB1EE005AC7EE017A95
:10CCC0002DE9F0432DED108B0D461C461146179BA8
:10CCD000F4EEC57AF1EE10FA00F1A3829FEDA45AAA
:10CCE0009FEDA49AF4EEC57AF1EE10FA35FE275ABC
:10CCF00025EE099A61EE050ADFED9F7AF4EEE70A68
:10CD0000F1EE10FA80F2868289EE209A90ED034AC5
:10CD10009FED9A7A9FED9A3ADFED9A2AF3EE084A50
:10CD2000D0ED023AF0EE005ADFF8A0C264EE046AD9
:10CD3000954FB0EE648A9FED95AA75EEC45ADFED6B
:10CD4000949A63EEA33ADFED937AA6EE878A06EE15
:10CD5000903A65EE845A9FED907AB8EE666A9FED40
:10CD60008F0AF0EE436A9FED8E2AD0ED061AC6694F
:10CD7000E5EEA26AD0ED045AA3EEA48AD0ED052A0E
:10CD8000FDEEE68AF8EEE84A18EE902A0CEB8202F5
:10CD900076EEE46AD2ED004AFEEECC6A16EE902AF8
:10CDA00007EB8202D2ED006A66EEA46A66EE8A6A3A
:10CDB00066EEA96AC9EE264AF4EEE47AF1EE10FABC
:10CDC000B4EEC78A77FEA47A77EE837AF1EE10FA92
:10CDD00077FE084A74EE836ABDEEE78ABDEEE67A16
:10CDE00018EE10EAB8EEC88AF8EEC78A17EE102AD5
:10CDF00037EEC87A0CEB820276EEE86A0CEB8E0C0A
:10CE0000D2ED008ABEEECC7A9CED008AFEEECC6AB2
:10CE100016EE902A07EB8202D2ED007A17EE102A66
:10CE200067EEA87A07EB8207D7ED006A67EE817A92
:10CE300066EE886AF4EEC07AF1EE10FAB4EEC24AF9
:10CE400070FE277AF1EE10FA19DB34EE427A9FED8C
:10CE5000554AB7EE001AB3EE040A33EE643A31EEE7
:10CE6000662A27EE007A31EE631A34EE674AE2EE64
:10CE7000076AE1EE073AE4EE077AE3EE074A002B91
:10CE800040F0B3819FED484A00F5805CB0EE440A63
:10CE90000CF65402C2ED046AC2ED023A67EEA76ACC
:10CEA0009FED421A9FED427A0CF66C029FED412AEB
:10CEB0000CF6540CA6EE817A9FED3F3ADFED3F3A37
:10CEC000B0EE001A8CED034A8CED050A82ED011AD2
:10CED000A6EE872A9FED3A7AA6EE823AE6EE833AEC
:10CEE000B7EE003AA6EEA37A67EE277AB0EE437A61
:10CEF000C2ED007AA7EE817AA7EEA77AC3EE076AA1
:10CF0000C2ED026A90ED081A002B00F06381B6EEC4
:10CF1000002A9FED2C7A2C4F35EE625AB5EE009A1E
:10CF2000013B75EEC25AF0EE427AC5EE068AF0EE8B
:10CF3000E55AE5EEC77A77EEE17A87EE868AFDEE6E
:10CF4000E47A17EE90EAF8EEE77A07EB8E0834EE13
:10CF5000E77AD8ED016AD8ED007A76EEE76AE7EE77
:10CF6000267A73EE677A77EEC17A87EE860A52E008
:10CF700000007F440000F0C272F97F3F0000404291
:10CF8000000000430000C04254840020295C8F3D13
:10CF900000442C470000FEC20000A842EE7CFF3E89
:10CFA0003333733FE5F2FF3E0000000023FE2E45C1
:10CFB00090ECAC428F34214365482342A95D254162
:10CFC000DB0F494048E17A3F282E00205888002096
:10CFD0000000F0C3D0ED0D6A37EE667AB1EC016A5D
:10CFE000013B0435E7EE276A5F1C76EE267A41EDB9
:10CFF000017AD0ED0F7AD0ED0E6A90ED0B6A76EEE5
:10D00000E76AB4EC017AE6EE267A77EE277A44ED09
:10D01000017A00F0DF80D0ED0B7A90ED0C7A70EEA3
:10D02000A77AF4EEC37AC0ED0B7AF1EE10FAD1DDF7
:10D0300072EEA82A476C31EE001A9CED02CAFFEE90
:10D04000003A9CED00DA77EEC37ADCED01BA33EEFC
:10D050004C4AD2ED034AE1EE223A92ED016AC0ED6C
:10D060000B7A3CEE03BA95ED00EA24EE094A26EE6F
:10D07000646ADCED04CA2BEE02BA92ED00AA92EDCE
:10D08000045A71EE881AFDEEE36AD0F8389061EE2A
:10D09000A2DA16EE90EAF8EEE66ABE4473EEE63ADD
:10D0A000CEF3090800EB8808D8ED135A0EF20148B8
:10D0B000C8F3090800EB8808D8ED13EA0EF202481D
:10D0C0000EF2FF3EC8F30908CEF3090E00EB880804
:10D0D00000EB8E0E98ED13FA07F2FF38DEED13AA7F
:10D0E00000EB87073FEE65FAC8F309087EEEEAAA6F
:10D0F0008CED01DA75EEEEEAF0EE6E6AEAEE826A27
:10D100007EEEA6EAEFEE02EA76EEAE6AD3EEAE6A05
:10D1100066EEA36AEAEE826AD2ED02AAE3EEA65AAE
:10D12000DCED033ADCED056A73EE8C3A76EEAC6A20
:10D13000CCED023AFDEEED3A75EE8E5ACCED046A76
:10D14000F0EE476A13EE90EA75EEABBACCED005AFA
:10D15000C644F8EEE35A24EE2B4A7DEEE55AABEED8
:10D160000D4AACEE846AA4EECA6A36EE456A26EE33
:10D170002A6AEAEE064AAAEE245AB0EE644AAAEEF9
:10D18000064AB0EE456AAAEE246A82ED034A82EDB1
:10D19000046A87ED135A0EF10107CEF3090E80EDF4
:10D1A0000D7AC7F3090780ED0C5A00EB8E0EB0EE36
:10D1B000457A00EB8707C0F844809EED136A97ED2F
:10D1C000135AC0F83C9035EE465AA5EE856A80EDBC
:10D1D0000E6A01E7BDEC108B80ED081AC661C0ED48
:10D1E000061AC0ED052ABDE8F083B7EE007A00F517
:10D1F000805C0CF6540287EE064A92ED043A92EDFA
:10D20000027A76EEC36A73EEC73A26EE840A23EEFC
:10D21000844A43E6F7EE007AF0EE670AC0ED0B7A37
:10D2200074E51FED959A65E510B582B090F824C0BD
:10D23000049C0094BCF1000F03D0FFF70FF902B07B
:10D2400010BDFFF735FD02B010BD00BF4FF07C529E
:10D25000214900234FF0000C9FED207ADFED207A6A
:10D26000B1EEC77A00B5F1EEE77A42608260C26043
:10D270000261026242621B4A01608161C1614FF03A
:10D2800080418265DFF868E0174A80ED1D7A4361CE
:10D290009FED167A8362C3620363436383634365CE
:10D2A000036543660366C0F848E0C164C165C0F821
:10D2B000803082668267C0ED1B7AB1EEC77AC0E922
:10D2C0000FCCC0ED1F7A80ED1C7AC0F88430C0F816
:10D2D0008830C0F88C3000BDEE77A33B8CAC303585
:10D2E000CE060A39B56E693EB8C56D3B939B943C3A
:10D2F000F7BEBA3C2DE9F043DFEDF47A0C46154653
:10D300001E462DED108B90ED039A87B0F7EE008A44
:10D31000B4EEE79ADDF87890F1EE10FA05D4F2EE6B
:10D32000047A78EEC98A68EEA78ADFEDE9AAB7EE3B
:10D33000008A9FEDE87AF0EE6A7AE74FDFF8CC8357
:10D340009FEDE6BAE9EE077ADFEDE59A9FEDE50A93
:10D350000190BDEEE77AF8EEC76A77EEE67AFEEE68
:10D36000CC7A17EE903A07EB8303D3ED000A17EE61
:10D37000103A08EB8303D3ED007A60EEA70A60EE63
:10D380008B0A60EEA90AC8EE200A07F0EBFF9FEDBA
:10D39000D67AF0EE6A7AB0EE40AA9FEDD20AE9EEB4
:10D3A000077ABDEEE77AF8EEC76A17EE103A08EB97
:10D3B000830377EEE67A93ED007AFEEECC7A17EEF1
:10D3C000903A07EB8303D3ED000A60EE870A60EE24
:10D3D0008B0A60EEA90AC8EE200A07F0C3FF019885
:10D3E000D0ED064A90ED074A90ED085AD0ED0A5A62
:10D3F00090ED116AD0E90F12B9F1000F00F00C8224
:10D40000D0ED002A07EE109AD0ED017A09F1FF3E27
:10D41000B8EE473ADFF8F8C267EEAA7AD0ED053ADF
:10D4200032EEE47ADFEDB11AF6EE006A9FEDB0BAA3
:10D4300038EE4AAA87EE039ABDEEE77A73EEE63A33
:10D4400078EE409A17EE103AB8EEC77A73EEA33A28
:10D450000CEB830937EEC77A99ED012AD9ED007AF2
:10D4600032EE672AE7EE027A77EEAA7ADFEDA1AA1A
:10D47000BDEEE77A17EE103AB8EEC77A08EB8308EC
:10D4800077EEC77A90ED027A98ED002A00F16808ED
:10D4900037EE457AFEEECC7A87EE030A17EE903A25
:10D4A00007EB8307944BD7ED007A00F1740767EE22
:10D4B000827A9FED8C2A67EEA27ADFED902AF4EE55
:10D4C000E67AF1EE10FA76FEA77A77EEC47AC7EE26
:10D4D000830A73EEE57A87EE831A9FED893A90ED21
:10D4E00019CA0DF10C09D0ED16EAC446D0ED18DAD0
:10D4F000F4EC017AECEE2EDAD0ED17BA90ED157A55
:10D50000ECEE6B7A90ED12EA90ED14DAD0ED13FAAE
:10D51000A7EE0EDADFED79BAB0EE6DFAC0ED18DAEB
:10D52000F0EE6BCA77EEED7AA7EE6FFAAEEEA7CA11
:10D5300080ED14DA8DED03DACDED057A7FEE4DDA6C
:10D54000B0EE4CDAAEEE2D7ACDED04DAB0EE6BCA69
:10D5500080ED19DA80ED157AB9EC017ADCED067A06
:10D56000B0EEC77A37EE677AB5EEC07AF1EE10FA10
:10D5700040F363819CED00DAE7EE0D7A0CF1040CC8
:10D580006745E7EE8CCACCED057A7BEEA7BA3CEE98
:10D5900026CAE1D13BEE827A90ED23CACCEE877A9F
:10D5A00077EECC7AF5EEC07AF1EE10FA40F35D81B9
:10D5B000B0EE617AF0EE00CAA7EE87CA90ED0B7A62
:10D5C0007BEEAB7A7CEEEBCA7BEEC7BA67EEAC7A49
:10D5D000F5EEC0BA80ED23CA67EE8C7AF1EE10FA50
:10D5E00040F34081B0EE61CAACEE2B7AD0ED0CBABC
:10D5F00077EEEB7AF5EEC07A80ED0B7AF1EE10FA69
:10D6000040F32581B0EE6ACA35EE005AECEE27BA37
:10D6100065EE057AF4EEE67A77EEA7CAC0ED0CBAAD
:10D62000F1EE10FA00F10C813CEEC8CADFED357A5C
:10D63000F7EE00CA7BEEE6BAD0ED0EDAB0EE66EA9F
:10D64000B0EE00DAABEEA8EAF0EE4CBAB0EE6DCA7E
:10D65000ECEE8EBA9BEE8DCAB4EEE7CAF1EE10FA8C
:10D6600007DCF1EE677AF4EECC7AF1EE10FA77FE91
:10D670008C7AF5EEC03A7DEEA7DAF1EE10FAC0ED45
:10D680000EDA00F1EA80F0EE627AF0EE48BA34EE9B
:10D69000204A74EE894AE7EE86BADFED1B7A75EE12
:10D6A000815A24EE27CA64EEA77AF5EEC05A6BEED3
:10D6B0008CBAFCEEE77AF1EE10FAFCEEEBBA17EE5C
:10D6C00090CA61441BEE90CA62442BE06666663FD6
:10D6D000000000430000C04254840020CDCCCC3D6B
:10D6E00000442C476F12833A0000A842CDCC4C3D39
:10D6F0008FC2753C0AD7233C303400200000000064
:10D700000AD7A33B0AD7A33C0000804F58880020CB
:10D710002C3200200000004E0000802FEC51383DDC
:10D72000CDCCCC3D40F39680B5EE00CA25EE8CCA38
:10D730002CEE25CAF1EE007A1FED0AFA77EE48BA10
:10D740001FED0BDAF0EE48EA5FED0CCAB0EE677A37
:10D750000EF1FF3EF0EE43FAEBEEA8EABEF1FF3F1A
:10D76000ACEE067A90ED0DCAEDEEACFA5FED14CAA0
:10D770007EEECCEA27EE0F7AAFEEAECABCEEC77AE9
:10D7800017EE10CA02EBCC0C4FEA1C594FEA0C3CC6
:10D7900007EE10CA03EB890CB8EE477ADCED00BA4D
:10D7A0009CED01EA27EE0D7A3EEE6BEAE7EE0EBA4B
:10D7B000EDEEAB7A6BEEA6BA67EE8F7AFCEEE77A07
:10D7C00017EE90CA01EBCC0C4FEA1C594FEA0C3C07
:10D7D00007EE90CA03EB890CF8EE677A9CED007AAD
:10D7E000DCED01DA80ED0DCA67EE8D7A3DEEC7DA29
:10D7F000A7EE8D7A7BEE877A37EE467A67EE8C7AE3
:10D80000A7EE2C6AE5EC017AD0ED0D7A67EEAB7AE3
:10D81000E6EC017A7FF463AE80ED116AC0ED0A5A3E
:10D8200080ED085A80ED074AC0ED064AC0E90F12A4
:10D8300007B0BDEC108BBDE8F0839CED03DA9BE6EE
:10D84000F0EE437AB0EE62CAECEE8B7AF2E6B0EE1E
:10D8500069CAD9E6B0EE62CA6CE763EEA67A67EEF3
:10D86000A37A12E7B0EE4ACABEE6B0EE427AA1E66B
:10D87000017E2DE9F04F04462DED108BE1B091B300
:10D880009F4E3578002D00F0DF860021204601F004
:10D8900031FA05460121204601F02CFA0646002DFA
:10D8A00000F04F87002800F05287964B55930022D6
:10D8B0002946204601F0FCF901222046314601F0BC
:10D8C000F7F9559B9D4202D0284601F0C9F9559BB6
:10D8D0009E4200F09A86304661B0BDEC108BBDE8E8
:10D8E000F04F01F0BDB9864B197001F003FA012128
:10D8F0005690204601F0FEF9579001F059F905467F
:10D900005A9001F055F95990002D00F088860028B2
:10D9100000F08086569B002B00F03087794B5593A2
:10D92000579B002B00F02687569B802204F1240190
:10D9300004F5F83A181D04F5005505F021FB04F52F
:10D94000097357998022479304F5A046081D19468C
:10D9500005F016FB0AF6646304F58032DAF8701EEF
:10D9600093ED00DA04F22443DAF8780E04F1240B84
:10D97000D3ED007A04F58563D2EDB75AD3ED006A92
:10D980000AF62C63CDED297A93ED002A0AF64C6352
:10D9900092EDB66A93ED00AA0AF63C635892D3ED75
:10D9A00000FA0AF56563279193ED009A0AF624635D
:10D9B000289093ED008A0AF62863DFED53DA93EDA1
:10D9C00000FA0AF66863DFF84491D3ED00CA0AF55D
:10D9D0006363D3ED002A0AF56463F0EE6C8AD3ED3D
:10D9E00000EA0AF63463F0EE6FCA93ED003A0AF6E5
:10D9F0004463F0EE4FFA93ED00EA0AF63863B0EEB6
:10DA000048FAD3ED003A0AF6486393ED00CA0AF6E5
:10DA10005863D3ED00BA0AF65463D3ED007A0AF6E0
:10DA20005C6393ED00BABAF8143ECDED2E7AF0EEB9
:10DA30006E7A2A93F0EE49EABAF8163EB0EE4E9AA4
:10DA4000B0EE4AEA2B93B0EE67AABAF8183E2C93D0
:10DA5000BAF81A3E2D93BAF81C3E2F93BAF81E3E20
:10DA60003093BAF8203E3193BAF8223E3293B5F89B
:10DA7000A03C0493B5F8A23C1893DAF8743E00EB8E
:10DA8000030CDAF86C3ECF18B5F8A43C1793B5F840
:10DA9000A63C1693B6F8503A1593B6F8523A14933A
:10DAA000B6F8543A1393B6F8563A1293B2F8D03205
:10DAB0001193BAF80C3ECDF86CC11093B2F8D23283
:10DAC0005C970F93BAF80E3ECDF814B00E93B2F8EF
:10DAD000D4325F950D93BAF8103E0C93B2F8D6325B
:10DAE0000B93BAF8123E0A93599B023308935A9B40
:10DAF0000233CDE901C70993CDE95D6A86E200BF33
:10DB00007DBD0420A424002000E0FF441822002052
:10DB10002A991090014407912F990144069137EEFC
:10DB2000C27A0F990E9804EB81064D1CAEEE072ABF
:10DB300006F5E04704EB8006A9B2451C06F59830CF
:10DB400007F658664E9740F658372390A8B277EEFE
:10DB5000C27A3891B0EE427AB94288BF002119905A
:10DB6000239DAFEE277A0F9172EE6C7A199905F624
:10DB70005C05EEEEA7CAF0EE647AAFEEAC7A27EE63
:10DB80000D7AE8EE877A96ED007AA6EE277AE6EE31
:10DB9000477A8DED3A7AC6ED007A41F2EC16CDED7A
:10DBA000397AB142D5ED007A85ED007A00F2B98379
:10DBB0002B980E9100EB0108309800EB010A37EE2C
:10DBC000E27A0D990C98F0EE459A04EB81064D1C13
:10DBD000EEEE072A06F5204104EB80062291A9B259
:10DBE000451C06F5C03040F66646369137EEE27ABF
:10DBF000AFB2F0EE627A229D2190B14294BF084606
:10DC0000002005F6BC352199EFEE077A359732EE04
:10DC1000CA7A0D90AEEE87AAEFEE8A7A67EE8D7A19
:10DC2000E8EEA79AD5ED007AB0EE677AA6EE297AEB
:10DC3000E6EE479A8DED377AC5ED009A41F20C1564
:10DC4000D1ED047AAF42CDED549A81ED047A00F221
:10DC500061832C990C9701EB070E319901EB070CAE
:10DC600037EEC37A0B99B0EE648A40F65D1B04EB85
:10DC700081064D1CAEEE073A06F55040A9B20A9D4A
:10DC800000F658574F9004EB85060135594594BF6F
:10DC900008460020339137EEC37A06F5E036F0EE01
:10DCA000437AADB2509606F244460B90EFEE077AF7
:10DCB00033EE497AAEEE879AEFEE897A67EE8D7A87
:10DCC000A8EEA78AD7ED007AE6EE087AA6EE678A74
:10DCD000F0EE679A87ED008A40F67167D6ED00AAEC
:10DCE000BD428DED348AC6ED007A00F20E832D9987
:10DCF0000A954F1932994E1924990CEBE22C07EB37
:10DD0000E227C2F30A0208EBE128C1F30A000099F6
:10DD10000EEBE32E07EE900A06EBE3200AEBE12A76
:10DD2000C1F30A01F8EEE77AC3F30A0307EE101A0B
:10DD30002899249041F2ED1BF8EEC75A87EEAD7A90
:10DD4000C5EEAD7A05EE902A019A0A44A749F8EE8D
:10DD5000E51A019205EE903A279A029B81EEAD4AB0
:10DD600013440293A1FB0832A1FB0A30A04B120B13
:10DD7000F8EEE55A000B1E460BFB12820BFB10A0BF
:10DD800085EEAD8AA3FB0E1302F10108411C1FFAB8
:10DD900088F889B2D84508BF4FF000089B0A59455A
:10DDA00008BF0021A6FB0CBA41F20D1B914E4FEAB1
:10DDB0009A2AF7EE005A0BFB13E30BFB1ACA44F640
:10DDC000166C6244E0446144844404EB8202581CB3
:10DDD00004EB8C0C92ED010A04EB8101079A04EB31
:10DDE0008808DCED010AA6FB022C82B2D1ED011AF3
:10DDF0005A4508BF0022804998ED011A4FEADC2CF1
:10DE000008460092A1FB0712069967EEA11AA6FB2D
:10DE100001180AF101010646249889B275EEE77AE5
:10DE2000D20A27EE011A594508BF0021A6FB00BE01
:10DE300040F6726B40F65F564FEAD828E7EEA01A1C
:10DE40000BFB1272079F4FEADE2E35EEC77A06FBF8
:10DE50001C7C069F0BFB1E0E009806FB187646F2F4
:10DE60000407A7EE001A3B4438443944574404EBF6
:10DE7000830304EB8000D3ED007A44F2B80304EB93
:10DE80008707D0ED000A9C44334497ED007A04EBF9
:10DE9000810104EB8C0CCDED247A68EE207A04EB42
:10DEA0008303DFED560A47F210108DED067A9CEDE4
:10DEB000007A91ED000A511C27EE207ACDED267AEA
:10DEC000D3ED007A0EF10103DFED4D0A89B29BB26A
:10DED0000244A1EE207A594508BF0021DFED470A30
:10DEE0005B4508BF0023014404EB820267EEA07A81
:10DEF0000344DFED430A704404EB810124EE000A81
:10DF0000E1EEA07A04EB8303D2ED010A04EB80007A
:10DF100091ED011AD3ED011ACDED070A24EE011A95
:10DF2000D0ED010A35EEC44A75EEC85A099BCDED15
:10DF3000000A68EE211ADDED060AA0EE840ADDED86
:10DF4000070AA4EE201A9FED2F4ADDED240AE0EE29
:10DF5000047A9DED260AA5EEA00AF0EE400A9DED9A
:10DF6000000AE0EE251AA0EE847AB6EE004A7AEEB8
:10DF7000E35AE1EE847AA1EE047A9DED2E4AEEEEAC
:10DF8000253A77EECB7A37EE6B7A7AEEE3AAA4EEF7
:10DF900027BAE4EE07BA9FED1C7A73EECC7AF0EE66
:10DFA000635AAEEEA7CAEFEE2A5A6BEE877AFDEE01
:10DFB000E77AEFEE8C5A17EE901A6BEE077A23F899
:10DFC000021FFDEEE77A0993089B65EE8D5A17EE66
:10DFD000902A23F8022F68EEA55A479A0893059BCA
:10DFE000934200F0A581259B04930FE00D6A7FE426
:10DFF000694F0E3CF38D2A992DAEC68DCDCC4C3F8A
:10E000003333333F9A99193F00FEFF46049B05992D
:10E0100004EB83039DED294AF1EC017A03F22C43D2
:10E02000189864EE277A179D93ED005A04EB80024E
:10E030000591A6EEA75A02F2AC724B9226EE857AB3
:10E0400077EEC77AC3ED007A431CCDED467AD2ED68
:10E05000007A98B26B1C37EE277A20909BB266EE5E
:10E06000877A1F9335EE675A82ED005A04EB8502DA
:10E070008DED445A02F63C62169D92ED005A04EB77
:10E080008503529277EE857A03F58056499666EEBF
:10E09000A74A37EE647A82ED007A6A1C159D8DEDF1
:10E0A000437A92B204EB850303926A1C03F500578E
:10E0B00006F69C33149E95B293ED007A04EB86022B
:10E0C000519774EE874A1E95E6EEE47AC3ED007A26
:10E0D00007F6AC43CDED427A02F50057D1ED7F7AD9
:10E0E000711C539707F61C728EB264EE277A1D9648
:10E0F00093ED005A139FA6EEA75A129D04EB8700DA
:10E10000791C00F540568FB2691C04EB85001C9702
:10E1100026EE857A8DB206F23C7100F580474D9669
:10E1200077EEC77A119E1B9504EB8600751CC3ED34
:10E13000007A07F22C63CDED417A00F5A046D2EDCE
:10E14000007A209837EE277A4C97AFB24A9666EE5F
:10E15000877A1A97029F35EE675A4FEA176C82ED5D
:10E16000005A8DED405A91ED005A049A77EE857A67
:10E17000013226EEA75A92B2E02A459237EE457A4E
:10E1800028BF0022B0F5D27F81ED007A8DED3F7A75
:10E1900093ED007A25920CF1400235EE075AD2B287
:10E1A000E6EEC57A75EE255AC3ED007A06F65C23D5
:10E1B000CDED3E7AD3ED007A019EB0EE677A4FEA5C
:10E1C0001666A6EE257A06F14005EDB2E6EE475A50
:10E1D0008DED3D7AC3ED005A34BF03460023CDEDEB
:10E1E0003C5A18936FF07F431F9807EA0301019F81
:10E1F000B0F5567FA3EB010E07EA030728BF002006
:10E2000017900398B0F5886F39F91C000CF1010CD8
:10E2100080FB0E0E39F91CC0C1FB0C0E4FEA1060DA
:10E2200002F1010C40EA0E20A3EB020E39F91CC0EA
:10E2300001B2039888BF0020249139F9121016907A
:10E2400081FB0E1E1098C2FB0C1E090EA3EB070CDF
:10E250005B1B41EA0E210AB21E9900929C2939F9F2
:10E26000162006F1010682FB0C2C39F91660C7FB5B
:10E27000062C39F9156005F101074FEA126286FB99
:10E28000036339F9177042EA0C22C5FB07634FEAB2
:10E29000166600F1010512B246EA032633B204EB1A
:10E2A0008006A8B238BF0D461D9906F5803728BFF5
:10E2B000002540F6FE06B1F5027FD7EDB87A489703
:10E2C00028BF002187EDB87A1C9F1491B7F56F7FA6
:10E2D0001B99159540F65E5528BF0027B1F5A16F33
:10E2E0003B9088BF0021139712911A990F46B142B3
:10E2F00088BF0027A84211977FF60AAC2F99069194
:10E300002A9907910021109109E40021329E2D9F46
:10E310000A91F1E40021DDF8C4C0DDF8B0E00C9111
:10E320009EE40021DDF8C0A0DDF8AC800E9146E44B
:10E330002A46459B5F9DB0EE697A1A98F0EE676AAF
:10E34000A5F8A03C05F6A845209B42F6A04BDDEDC4
:10E35000549A25F8063C1F9B25F8043C039BDDE9F5
:10E360005D6A25F8023C1E9B06F6582626F8083CF6
:10E370001D9B26F8063C1C9B26F8043C1B9B26F89C
:10E38000023C589BA3F8D0023B98AAF80C0E389890
:10E39000A3F8D2021998AAF80E0E3698DDE95BC7E9
:10E3A000A3F8D4023598AAF8100E3398A3F8D60231
:10E3B0000998AAF8122E17EE902A01800898DDED30
:10E3C000467A02802798C0EBC01328983B444B9FA5
:10E3D000CAF86C3EC0EBC01304986344CAF8743E9C
:10E3E00000F58573499804EB830300F69C30C3ED78
:10E3F000017ADDED447AC7ED007A529FDDED437A74
:10E40000C7ED007ADDED427A4C9FC0ED007A51985D
:10E4100007F22C67C5ED004A00F6AC494D9D5398B4
:10E4200005F23C7500F61C70019500900297239F41
:10E43000039607F65C074E9E509B06F658660697B5
:10E440004F9F03F24443059607F65857229E0993BF
:10E45000002306F6BC360897259F9E469846184628
:10E4600007961E4667F30F03179F4A9DF44667F30E
:10E470000F00189F05F65C25109A67F31F43169F3F
:10E480000495354667F31F40159F44F80B3004EBA5
:10E490000B0367F30F06139FDDED417A67F30F055A
:10E4A000149F586045F6502367F31F46129F67F389
:10E4B0001F45119F67F30F0E0D9F67F30F0C0F9F02
:10E4C00067F31F4E0B9F67F31F4C474662F30F081D
:10E4D0000C9A62F30F070E9A62F31F480A9AC9ED6D
:10E4E000007A009862F31F47DDED407A489AC0ED4C
:10E4F000007A0198DDED3F7AC0ED007A0298DDEDFB
:10E500003E7AC0ED007A0398DDED3C7A80ED005A4A
:10E51000E650234404985D600AF62C65C0ED007A4D
:10E52000DDED3D7A079EC2EDB87A85ED002A0AF648
:10E530003C65DDED397AC5ED00CA059D219AC5ED32
:10E54000007A069DDDED3A7A964BC5ED007A0AF524
:10E5500063659548C5ED002A0AF5646585ED00AA56
:10E560000AF63465C6ED009ADDED377A5A9EC2EDA3
:10E57000047A002285ED003A0AF64465DDED347A2E
:10E5800085ED009A089DC5ED007A44F803E0234428
:10E59000099DC3F804C0231885ED007A43F8048C64
:10E5A0000AF6386327502046C3ED003A0AF648635E
:10E5B000599D83ED00CA589BC3EDB75A0AF65863BC
:10E5C0000AF65C6AC3ED00BA16EE903AA6F802119C
:10E5D00031468AED00BAA5F8023100F069FB01224C
:10E5E0002946204600F064FB304600F039FB2846FF
:10E5F00000F036FBDDE95523934202D0184600F0C7
:10E600002FFB579B559A934216D161B0BDEC108BEE
:10E61000BDE8F08F5A9B13B1184600F021FB599BBF
:10E6200013B1184600F01CFB569B13B1184600F0BE
:10E6300017FB579B002BE8D0184661B0BDEC108B40
:10E64000BDE8F04F00F00CBB4FF46072294600F2B9
:10E650002C400BF091F94FF4D262294604F2AC70D1
:10E660000BF08AF94FF45662294604F63C600BF031
:10E6700083F941F69C3041F20412294620180BF030
:10E680007BF942F6AC404FF41C72294620180BF07F
:10E6900073F942F61C704FF40262294620180BF001
:10E6A0006BF943F23C704FF46F62294620180BF06F
:10E6B00063F944F22C6041F22442294620180BF001
:10E6C0005BF945F65C2042F2FC32294620180BF03B
:10E6D00053F947F6586042F66452294620180BF069
:10E6E0004BF94AF6BC3043F29C12294620180BF035
:10E6F00043F94DF6585042F27852294620180BF053
:10E700003BF92A4843F27C52294620180BF034F991
:10E71000274844F2B472294620180BF02DF92548F9
:10E7200044F23442294620180BF026F9224843F6D9
:10E73000C812294620180BF01FF901233370FFF788
:10E74000A4B800B31D4B1D465593FFF7B0B8024661
:10E750002946204600F0ACFA184B204601221C4600
:10E760001946559300F0A4FAA5423FF44EAF559ECA
:10E77000FFF7AAB8114B5793FFF7D6B80F4BCDE967
:10E780005533FFF7CDB8324620460C4900F090FAD9
:10E7900001220A49204661B0BDEC108BBDE8F04F64
:10E7A00000F086BAD002010010FE0100E002010074
:10E7B0005C3801001080010044C40100A424002042
:10E7C00070B54FF0E025402604464FF460720021FA
:10E7D00000F22C40C5F888610BF0CEF84FF4D262FD
:10E7E000002104F2AC700BF0C7F84FF45662002120
:10E7F00004F63C600BF0C0F841F69C3041F2041284
:10E80000002120180BF0B8F842F6AC404FF41C720F
:10E81000002120180BF0B0F842F61C704FF4026291
:10E82000002120180BF0A8F843F23C704FF46F62FF
:10E83000002120180BF0A0F844F22C6041F2244291
:10E84000002120180BF098F845F65C2042F2FC32CB
:10E85000002120180BF090F847F6586042F66452F9
:10E86000002120180BF088F84AF6BC3043F29C12C5
:10E87000002120180BF080F84DF6585042F27852E3
:10E88000002120180BF078F81F4843F27C52002139
:10E8900020180BF071F81D4844F2B47200212018C2
:10E8A0000BF06AF81A4844F23442002120180BF0A9
:10E8B00063F8184843F6C8120021201804F5F8340C
:10E8C0000BF05AF8002304F65862136004F65C62F9
:10E8D000136004F63862136004F63462136004F5C2
:10E8E0006362136004F62C62136004F648621360DE
:10E8F00004F64462136004F5646204F63C64136039
:10E900002360C5F8086170BDE00201005C380100B9
:10E910001080010044C401002DE9F04104460022AA
:10E920007A4823467A4943F81C0B4FF40070C4E937
:10E9300003230B682081C4E90722002B00F0E38049
:10E940001A465B69002BFBD15461724B002504F51C
:10E95000F836714923604FF07C52704B04F22C4022
:10E96000656100276560A5722576C6F8143E6C4B7C
:10E97000DFF8D081C6F8183E03F1717303F58033D8
:10E98000C6F81C3E674BC6F8203E06F56663196064
:10E9900004F2244329461A6004F585634FF460723B
:10E9A000C3F800800AF0E8FF29464FF4D26204F26F
:10E9B000AC700AF0E1FF29464FF4566204F63C6061
:10E9C0000AF0DAFF41F69C30294641F20412201881
:10E9D0000AF0D2FF04F5005342F6AC402946C3F8D2
:10E9E000A05C4FF41C72C3F8A45C20180AF0C4FFAA
:10E9F00042F61C7029464FF4026220180AF0BCFF50
:10EA000043F23C7029464FF46F6220180AF0B4FFBD
:10EA100044F22C60294641F2244220180AF0ACFF4F
:10EA200004F5A04345F65C202946C3F8505A03F686
:10EA3000582343F8045C20181F6042F2FC320AF0AD
:10EA40009BFF47F65860294642F6645220180AF0A8
:10EA500093FF4AF6BC30294643F29C1220180AF074
:10EA60008BFF4DF65850294642F2785220180AF092
:10EA700083FF04F580332C482946C3F8D88243F23B
:10EA80007C52C3F8DC722018C3E9B4550AF074FF55
:10EA90002648294644F2B47220180AF06DFF244833
:10EAA000294644F2344220180AF066FF21482946DC
:10EAB00043F6C81220180AF05FFF06F624634FF0F1
:10EAC0007E52C6F80C5EC6F8105E20461A6006F646
:10EAD0002863194A1F6006F64C631A6006F56563E1
:10EAE000164A1A6006F65463154A1A60C6F86C5E38
:10EAF000C6F8705EC6F8745EC6F8785EFFF760FE12
:10EB00002046BDE8F0810C601FE700BFDC950020C7
:10EB1000CCE10020F09700203333733FC90091000F
:10EB200069071801E7010C03E00201005C380100ED
:10EB30001080010044C401009A99993E8FC2753D2E
:10EB40009A99193F6666263F4FF0E0234022C3F8AA
:10EB500008227047F8B5124B124D1C686E688CB1D4
:10EB6000237A20465BB123686F681B6898476B68FF
:10EB7000E288DB1B9B099A42A38038BFE38064696B
:10EB8000002CEDD1074B084A5B6811889B1B074896
:10EB90009B099942038038BF1380BFF34F8FF8BDA4
:10EBA000CCE10020001000E04EBD04204CBD04204C
:10EBB00010B572B6DFF8A0E0DFF8A0C0BEF8000024
:10EBC0000CF170020CEB800393423BD20CF16F020C
:10EBD000411CD21A01EB920103E001300433884258
:10EBE00030D01A68002AF8D0B2FA82F14FF000440F
:10EBF000CC4022EA04021A6002B90130134AAEF88E
:10EC00000000B2F800E00EF1010EA2F800E062B6DA
:10EC1000A3EB0C0341F67C72C1EB016C0C4803EBD7
:10EC20008313C1EB8C11006802EB4313094A03EB19
:10EC300081030121C15418441388734538BFA2F8D9
:10EC400000E010BD62B6002010BD00BF48BD04202A
:10EC5000C8E100204ABD042050BD0420D0E10020BE
:10EC6000428872B60378012B03D9013B037062B668
:10EC70007047D14353090B484FF0004201F01F0188
:10EC8000CA4050F823100A430749B1F800C040F8C1
:10EC900023209C45054A88BF0B801388013B1380C5
:10ECA00062B67047D0E1002050BD042048BD04206A
:10ECB000C36813B97047DB68D3B1187A9042FAD1B0
:10ECC00010B4586893F809C0006950F82C404CB152
:10ECD000DB682BB1187A9042F3D0DB68002BF9D1B6
:10ECE00010BC704740F82C10087801300870EFE72E
:10ECF000704700BF437A8B4206D90369002253F85C
:10ED0000210043F82120704700207047437A8B424E
:10ED100020D90269002052F8213042F82100CBB1FD
:10ED20001A78012A01D81846704710B582B00193AD
:10ED3000FFF73EFF019B044630B1191D4FF480726E
:10ED4000043001F0C9FA019B1A782046013A1A7082
:10ED500002B010BD00231846704700BF044A0023CC
:10ED60001168038110600374C160C0E9003370470B
:10ED700040E20020037C13BB036823B3436813B352
:10ED8000427A5B7A9A4222D200B572B6324BD3F8FD
:10ED900000E0BEF1000F23D0DEF80C30DBB141689B
:10EDA00001E0DB68BBB15A688A42FAD193F809C026
:10EDB000427A9445F5D162B60423184600BD01237A
:10EDC00062B618467047032362B61846704702239E
:10EDD00062B618467047DEF814E0BEF1000FDBD1D2
:10EDE0001E4A1368C3B1944603E003F10C0CDB68C0
:10EDF00093B19842F9D1D0F800E0DEF80C1039B3A5
:10EE0000CB681BB90CE0DA685AB113468842194640
:10EE1000F9D162B60623D0E7052362B6184600BDD5
:10EE20000B46D860C2680023CCF800200122C360E2
:10EE30009EF80A108EF8082011448EF80A104168D6
:10EE400091F80AC00A72944481F80AC00274E4E797
:10EE5000CEF80C00E6E700BFCCE1002040E2002045
:10EE600010B590F810E01C469DF80830BEF1000F78
:10EE700001D0012010BDC0E9001402724372BDE848
:10EE80001040FFF777BF00BF037C002B3ED04368E4
:10EE9000427A5B7A9A4241D272B60168CB68002B03
:10EEA00036D0984210B582B03AD01A46DB68984204
:10EEB00031D0002BF9D10346406893F809C00269AC
:10EEC00052F82C206AB110460193FFF7C9FE72B6C2
:10EED000019B0022586893F809C00469196844F836
:10EEE0002C208A7A013AD2B28A7202B90A72827AE4
:10EEF000013AD2B2827202B902720B4A0020116842
:10EF000018741360D96062B602B010BD012070475A
:10EF100062B603207047C368D360CCE70220704715
:10EF2000C368CB60C7E700BF40E2002010B50446CD
:10EF3000FFF7AAFF064A136823B907E003F10C02A2
:10EF4000DB681BB19C42F9D1E3681360204610BD19
:10EF500040E200200B4B1A7892B90B4A0B49C2F8D9
:10EF600058110B484FF0D00C01224FF0E02180F8EF
:10EF700046C04FF0400C1046C1F808C11A707047E7
:10EF8000002070476EBD042000D80020A9B2010007
:10EF900000E400E010B572B6DFF8C0C0BCF8002095
:10EFA00091B9036883B190F804E0BEF10F0F0CD85B
:10EFB00042FA0EF414F0010445D0264C7444B3EB2D
:10EFC000441F02D162B610BD002142FA01F3DB07F3
:10EFD00007D501311029F8D162B600230171036011
:10EFE00010BD01238B401A43ACF8002062B61A4AC8
:10EFF00081F0030C0171D36F43F0C003D367A2F516
:10F00000A03240F28243136002F58072114B02F885
:10F01000E61CCB1802F8E21C02F8E81C5B0102F8BF
:10F02000E11C9FED0A7B036083ED007B83ED027B97
:10F0300083ED047B83ED067B1CF8023063F03F0315
:10F040000CF8023010BD2146BFE700BF00000000F1
:10F05000000000008074000200C00F405EBD04206C
:10F0600003790F2B11D8094A937672B60849012209
:10F0700090F804C00B8802FA0CF223EA02030B801A
:10F0800062B61022002302710360704700800E40B8
:10F090005EBD0420704700BF704700BF704700BFCF
:10F0A000704700BF70B51A4C1A4D2368AB4202D0AE
:10F0B000194AD16829BBA369AB4202D0164AD1696B
:10F0C000C9B9236BAB4202D0134AD16A69B9A36CA8
:10F0D000AB4209D0104AD16B31B101211B680F48F6
:10F0E000D163BDE87040184770BD01211B680C4812
:10F0F000D1629847EBE701211B680A48D161984724
:10F10000DFE701211B6804F10800D1609847D2E7CE
:10F11000C0DA00205C8C00200041084010DB002099
:10F12000F8DA0020E0DA002038B5064CA4F16005DA
:10F1300054F8083C2046183CDB689847AC42F7D1AD
:10F1400038BD00BF10DB0020036870B5164688B0DC
:10F15000002B50D000229A600122DA60324C054622
:10F1600004A81C1951F8083B241102935B689847C6
:10F170002E4904EB4403DB0003F10800CA58019355
:10F180000844D26800909047DDF808C0019B2749E9
:10F19000009841F803C02649DCF80830029104A920
:10F1A0009847029B04A8DB6898472B6803202149F5
:10F1B0001E6098602B7920480B550B784A78DFF851
:10F1C0008CC09342C0F828C228BF13468878CA78FA
:10F1D000834228BF0346934228BF1346174C4FF083
:10F1E000E0214FF08060012284F87A30C1F80C01F0
:10F1F000104608B070BD124AD36E43F44053D36634
:10F200000122104B1A60104A1346026040329C687B
:10F21000002CA3D0103393420360F8D100231A4688
:10F220000360104608B070BD00BFF7BFC0DA002011
:10F230005C8C002014B0002000D8002000E400E026
:10F2400000C00F400040084000410840F9B70100ED
:10F250000268002A32D01A4B1A49D3181B1103EB4B
:10F26000430210B5D20082B00446019302F10800B7
:10F270008B5808440092DB689847009A124811495D
:10F28000019B88500021226801209160D060FF20FE
:10F290000E4AD0541378507892F802C0834228BFA7
:10F2A0000346D0780A4A634528BF6346834228BF95
:10F2B000034682F87A30216002B010BD704700BF6B
:10F2C00000BFF7BFC0DA00205C8C002014B0002023
:10F2D00000E400E0074B0020DFF824C0064A07499D
:10F2E000C3F800C0C3F818C0C3F830C0C3F848C0A2
:10F2F00003F096BEC0DA0020C0B800207DB801003F
:10F300005C8C0020084603F00BBD00BF012A70B5DD
:10F3100008BF0A228AB005461E4659B34FF0210C99
:10F3200001E05FFA84FC0CF1FF34B1FBF2F302FB65
:10F33000131EBEF1090F0EF1370098BF0EF1300019
:10F340000DEB0C0E914219468EF80400E9D23EB145
:10F350000CF1FF3C2D225FFA8CFC0DEB0C031A71B3
:10F360002B6801A9CCF1220228465B6861449847CA
:10F370000AB070BD30234FF0210C8DF82530E6E740
:10F380002DE9F0418C688AB0DCB10025064688463C
:10F390002F462B46212201A9404600F08FFB202C4E
:10F3A0002246336828BF202201A930465B68A41A90
:10F3B000154498470744002CEBD138460AB0BDE805
:10F3C000F081274638460AB0BDE8F081002903DB0A
:10F3D00000230A22FFF79ABF49422D230A22FFF792
:10F3E00095BF00BF00B5036883B040F60D2C022224
:10F3F00001A95B68ADF804C0984703B000BD00BF29
:10F40000044B022888BF0346D3F800C01846DCF836
:10F410000430184730AC00200EB400B582B003AA07
:10F4200052F8041B01920AF0C3F902B05DF804EB34
:10F4300003B0704742B90368C9B2054A1B689342DA
:10F4400004D1084603F06CBCFFF760BF184700BF4B
:10F4500059BA0100B4EE400B70B5F1EE10FA86B067
:10F46000864680F18280B0EEC07B9FED486BB4EEA3
:10F47000467BF1EE10FA6CDC9FED467BB4EEC70BD9
:10F48000F1EE10FA5CDC9FED457BB4EEC70BF1EEBC
:10F4900010FA55D4B5EEC00BF1EE10FA61D400238A
:10F4A000B6EE007B002964D04FF0000C9FED3D6B61
:10F4B0000CF1010C27EE067B6145F9D130EE070B0C
:10F4C0000C460A2270467646FCEEC07BB8EE676BAF
:10F4D00017EE901A30EE460B8DED000BFFF716FF7E
:10F4E0000F2C21464FF02E0328BF0F2105468DF823
:10F4F00008300DF10903481EB2EE046B02AA53FA5C
:10F5000080F09DED000B20EE060BFCEEC07BCDEDF8
:10F51000007A9DF8003007EE903A3033B8EEE77B82
:10F5200002F8013F904230EE470BECD133684A1CA1
:10F53000304602A95B68D2B29847284606B070BD33
:10F54000DEF80030032219495B6806B0BDE8704060
:10F5500018470368032216495B6806B0BDE870408F
:10F560001847B1EE400B01239AE7036803221149C3
:10F57000EAE730EE070B0A227046FCEEC07B17EE7E
:10F58000901A06B0BDE87040FFF7C0BEFFFFFFFF56
:10F59000FFFFEF7F000000E0FFFFEF41000000E011
:10F5A000FFFFEFC19A9999999999B93F609200200C
:10F5B0005C92002058920020594B2DE9F043A3FBA8
:10F5C00000250C4640F26D19564F6D09DFF8648135
:10F5D000A3FB0523544AC5EB05165B09A0EB860087
:10F5E000A2FB03125149120902F1040CA1FB0C61A8
:10F5F000002660F30706ACEB010001EB5001002090
:10F6000089088646C1EBC101ACEB010CC3EB0311C9
:10F61000A5EB810502EB420165F30F26A3EBC103C5
:10F6200063F317466CF31F662660414E00E001301D
:10F63000C3B240F26D1C03F2B27313F0030506FB74
:10F6400003F108D1B7EBB10F4FF4B77C03D3B8EB9C
:10F65000311F38BFCC46E6447245E8D24630A0712F
:10F660004DB933492F4803FB01F1B0EBB10F4ED236
:10F670004FF4B77101E040F26D11A2EB0E020026CB
:10F68000DFF8B4E00A4407E01EF80600904222D8F2
:10F690000136121A0C2E2ED05FFA86FCBCF1010F37
:10F6A000F2D1F5B92249DFF87C9003FB01F14FEA72
:10F6B000B108C8451F4F4FF01D0023D9904206F1F5
:10F6C000010608D8121AF0B20128F2D084461EF8BA
:10F6D00006009042DCD9013284F805C02271BDE8F1
:10F6E000F08301361B2AF1B2F5D90129A2F11C02DF
:10F6F000F7D08C46C8E7B446013284F805C02271C1
:10F70000BDE8F083B7EB311F38BF1C20D6E70948AE
:10F71000B0EB311F40F26D1128BF4FF4B771ACE769
:10F7200089888888285C8F02ABAAAAAA25499224D6
:10F73000295C8FC20AD7A300982400202DE9F0414C
:10F7400086790546314AA6F14603002B03FB02F2F7
:10F7500017DD06F26C7E40F2B273DFF8C8C02C48A9
:10F760002C4F2D4C13F0030F0CFB03F106D1B0EB23
:10F77000B10F02D3B7EB311F00D3224401339E45B2
:10F78000F0D195F805C0BCF1000F2BD006F26C77D4
:10F79000224C06F003062248A4FB07346423DFF85A
:10F7A00078E04FEA541803FB1878002305E0C15CA9
:10F7B000013363450EFB012214D0012BF7D1002E3B
:10F7C000F5D11849B8F1000F05D107FB01F1114C33
:10F7D000B4EB311FEBD3022302F518129C4502F55E
:10F7E0006E52E4D169784FF46160AB78C1EB0111DE
:10F7F000094C890013FB00132878297918444B1E03
:10F8000004FB03001044BDE8F08100BF8033E10138
:10F81000285C8F020AD7A300805101001F85EB519D
:10F8200098240020295C8FC200B9704715490A68E6
:10F83000FAB1DFF858C0D31700B58CFB02ECDFF843
:10F8400050E09444C3EB2C43DFF848C00CFB132278
:10F8500044F2A71C0EFB03F30CFB0233002B0FDA60
:10F860006FF000429A180A60B2FBF0F300FB13201D
:10F8700000BD054AB2FBF0F30A6000FB132070479D
:10F880001A46F0E7C4E1002042CE0C1F5F0B4E8306
:10F89000ECF4FFFF1DF301000022C0E900228260AA
:10F8A00061B110B582B00090084601910AF0BEFC2B
:10F8B000009B044618B9184602B010BD70470130CD
:10F8C00009F04AF8009B0028F5D000220199186041
:10F8D0000270C3E901440AF009FC009B184602B01B
:10F8E00010BD00BF0022884203468260C0E90022AA
:10F8F00006D030B58C6883B01CB9184603B030BD53
:10F9000070470190601C0D6809F026F8019B0028E3
:10F91000F3D00022294618600270C3E901440AF0BE
:10F92000E5FB019B184603B030BD00BF10B504468F
:10F93000006809F019F8204610BD00BF30B5144624
:10F9400083B00346026834B902B11470002218462D
:10F950009A6003B030BD0D4641688C420DD90090CD
:10F96000611C104609F0EAFA009B024678B19968DA
:10F97000C3E9000409B901701A689C602946104661
:10F9800000930AF0B3FB009B184603B030BD186823
:10F9900030B1CDE9002308F0E7FFDDE900231A606C
:10F9A00000221846C3E9012203B030BD10B5002380
:10F9B0008AB00446C0E90033A360084601A908F0F4
:10F9C000B1FF01A80AF032FC01A902462046FFF768
:10F9D000B5FF20460AB010BD03468068F0B50C465E
:10F9E000196883B08518A14204D9002A34D1184679
:10F9F00003B0F0BD0844A04227D9002AF7D05E68C2
:10FA0000B54219D9671A01260846691CCDE90032AA
:10FA100009F094FA009B84460028E8D0019AC3E9D3
:10FA20000005986820B98CF80000D3F800C09868E9
:10FA30006044AEB10CEB07042146009300F04CFC8F
:10FA4000009B00211A6851550FE0002ACFD05E6854
:10FA5000B54205D90026D7E75E68B542FAD8084412
:10FA6000214600930AF042FB009B18469D6003B0BC
:10FA7000F0BD00BF8A680968FFF7AEBF10B5044645
:10FA800082B041B1084601910AF0D0FB01990246CB
:10FA90002046FFF7A1FF204602B010BD10B582B08E
:10FAA0000023044601228DF8041001A98DF80530C9
:10FAB000FFF792FF204602B010BD00BF12B310B591
:10FAC000B1FA81F482B0640929B1D0F808C0864641
:10FAD0009C4502D80C7002B010BD18460B4671460A
:10FAE000ACEB000E02F1FF3C0968E64572460144AA
:10FAF000184628BF624601920AF098F8019A845489
:10FB000002B010BD704700BF1C284AD8264B70B504
:10FB10001B780646E3B9254B9B5DFF2B2AD0244A70
:10FB200002EB061291680A6802F44050B0F5805F5B
:10FB300031D01C0620D41F4C2360236AD80704D47C
:10FB400003F07EF9236AD907FAD51A4B586A70BDBB
:10FB5000184C194D01E003F073F9A36C1B06FAD49D
:10FB6000AB6C13F08003F6D10F4A13700F4B9B5D03
:10FB7000FF2BD4D1002070BD0F4C03F07F03236016
:10FB8000236ADA0704D403F05BF9236ADB07FAD5AA
:10FB9000094B586A70BD22F480521C060A60EBD4EF
:10FBA000C9E70020704700BF80BD0420909E002060
:10FBB000709B002000400C4000800C40A94AAA4BDA
:10FBC00090422DE9F047A94CD3F814E09969D4F894
:10FBD0000CC000F2088103F1437303F5F4530333BF
:10FBE000A3FB0023DB0D03EB830303EB830202F291
:10FBF000B63240F227639A4228BF1A469C4BA3FBB9
:10FC00000232D208203A984D0CF01F04D5F880300B
:10FC1000944243F0C003C5F880300BD22CF01F0C87
:10FC2000924C4CEA020CC4F80CC02368002BFCDA9E
:10FC30000CF01F041EF0007327D18E4D2E698E4DDF
:10FC4000B54300F0FA8081F4805576464FF4805732
:10FC500016F0605F06D02EF0605E4EEA030E824B17
:10FC6000C3F814E015F4405F07D021F440517E4DF5
:10FC70003943A961AB6C1B07FCD44EF0007E7A4976
:10FC8000C1F814E08B6C9F06FCD47C49884200F2DA
:10FC9000DF80012635460EE0082D0CD1042E00F23F
:10FCA00091800136022506FB00F38B4200F2C380EF
:10FCB0005B008B4206D8013506FB05F300FB03F31E
:10FCC0008B42E9D9771E05F1FF384FEA872A8EEA81
:10FCD00087276B4959186B4B99427CD9DFF8E4911F
:10FCE0006C2369486349B0FBF5F0684DB0FBF6F052
:10FCF0000E6835404D4508D043F400534FF480550D
:10FD00000D600B600B68002BFCDA57490B6903F0A0
:10FD10000703434504D0C1F810808B6CDE03FCD48C
:10FD200017F4E05F0BD02EF4E05E0AF4E0534E4986
:10FD300043EA0E0EC1F814E08B6C9D07FCD4544DC1
:10FD4000544945198D4239D8534BED09A3FB05356C
:10FD50002D0B6B1E1B028EEA030111F4407F07D0AE
:10FD60002EF4407E03F440733F4943EA0E034B6197
:10FD70003D494B6923F000734B618B6C9B06FCD4AF
:10FD8000464BA242A3FB00134FF0FF314FEA9343CF
:10FD9000B0FBF5F5B1FBF3F34149086041490D6053
:10FDA00041490B6008D22CF01F0C30494CEA02028A
:10FDB000CA600B68002BFCDABDE8F0874FF4407393
:10FDC0000425C8E7771E2E494FF007084FEA872A17
:10FDD00059188EEA8727294B99421CD8DFF8E890FA
:10FDE000362332487EE7324B984201D80E220AE78A
:10FDF000304B984228D9304A904227D9821A2F4B4B
:10FE0000120AA3FB0232D20902EB820202EB820247
:10FE100002F2E242EDE6A3F182532948DFF8AC900A
:10FE2000A3F589337E3BA3FB01310B0D03FB00F0EF
:10FE300043EA090956E7012544E71F468EF0C056FC
:10FE40000D464FF0C05303E70F22DCE61222DAE63C
:10FE5000012603464FF0000A77464FF0000835466A
:10FE600037E700BF001C4E0E00C00F4000000840E6
:10FE70001F85EB5100800D4040300080FFB19F2670
:10FE8000808D5B00FF7EF64D00643F4D7F3001802A
:10FE90007FD1F0087F17B42C9F10E50083DE1B4351
:10FEA0002CAC002028AC00202C3E042000B29F2661
:10FEB000FF0A6B1B00A4781F0046C32323B24C002B
:10FEC000001BB7006C2000803620008000200080DE
:10FED00000B970472DE9F84F01218146224C234E8D
:10FEE000234D54E8003F3268286844E80013002B93
:10FEF000F7D120494B684FF47A7BDFF87CA01B1ABE
:10FF000001270BFB02F8DAF80020A2FB03235B4574
:10FF100094BF9844D84454E8003F3268286844E8C5
:10FF20000073002BF7D14B68DAF800C01B1A0BFBEB
:10FF300002F2ACFB03C3B3F57A7F94BFD21802F58B
:10FF40007A72A2EB0802B2F57A7F08D3B9F1010FF9
:10FF500008F57A7809F1FF39DDD1BDE8F88F02F0B4
:10FF60006FFF0449D7E700BF5446042050460420E1
:10FF70004C460420001000E02C3E042010B50F4B2E
:10FF80004FF0010C0E4CDFF844E053E8002F2068DE
:10FF9000DEF8001043E800C2002AF6D1094B5B6886
:10FFA000094A5B1A4FF47A71126801FB00F0A2FB58
:10FFB00003238B4294BFC018401810BD5446042040
:10FFC00050460420001000E02C3E04204C46042043
:10FFD000272812D802010C4B03EB00109B58C26873
:10FFE000D3F804C01CEA020F03D039B1C3F884204F
:10FFF0007047836829B9054A1A607047C3F888209A
:02000004600298
:100000007047034A1A607047709B00203830010027
:1000100038F0010027280BD8064B020103EB001033
:100020009A58C36892681A4214BF01200020704792
:1000300000207047709B0020272831D802011B4BFD
:10004000012903EB00109B5800B55A68D0E902EC77
:1000500012D0042910D022EA0C025A60C9B1022938
:100060001FD003294FF015020CBF114B114BCEF8D6
:10007000003043681A6000BD42EA0C0201295A6050
:1000800007D040F63803CEF80030436815221A60D6
:1000900000BD38231522CEF8003043681A6000BD39
:1000A0007047054BCEF80030EFE700BF709B002093
:1000B000383001003800010038F0010010B4134A54
:1000C0000020134B0121134CDFF84CC0C2F8F03272
:1000D000C2F8F402C2F8B810C2F8A000C2F8A440F6
:1000E000C2F8B0105369DB07FCD551619CF80030B1
:1000F000DB07EFD41368054943F0010313600B6875
:10010000DB07FCD462B610BC704700BF00802A40F9
:100110000504012401000F0000812A4030B583B09E
:1001200072B6334B40F20645324C9C610224DC61CE
:100130000024C3F8A040C3F8F0528518C3F8F44275
:10014000C3F8F842C3F8FC424FF47024C3F8A4404B
:100150000124C3F8B04020F01F03BFF34F8F4FF0CE
:10016000E024C4F85C3F20339D42FAD8BFF34F8FA0
:10017000BFF36F8F1E4D6B69DC07FCD50123DFF8E1
:100180007CC094B220F07F406B6144F47024C5F8C9
:10019000F0C242F2012CC5F8F4C2C5F8BC30C5F873
:1001A000A000C5F8A440124CC5F8B03001E05B06D1
:1001B0000AD4636913F00105F9D04123636103B0E8
:1001C000BDE83040FFF77ABF082A0DD842B10A488F
:1001D000CDE9001200F080F8DDE9001211442A4652
:1001E000034B40205861E4E7A2F108050822EEE73E
:1001F00000802A40F05AF05A80812A4032041808C0
:1002000000B5864672B62A4B02212A480022986120
:100210004FF47020D96140F20641C3F8F012012179
:10022000C3F8F422C3F8F822C3F8FC22C3F8A020D4
:10023000214AC3F8A4000EEA0202C3F8B010BFF3CB
:100240004F8F02F1200302F500414FF0E02C8B426A
:100250002CBF01214FF4806102EB41118B42CCF89D
:100260005C2F1A4603F12003F8D1BFF34F8FBFF381
:100270006F8F0F4A5369D907FCD501200F49104BE6
:100280004FF4702C50610EEA0303C2F8F0120849D3
:10029000C2F8A030C2F8A4C0C2F8B0004B69DB07B6
:1002A000FCD501235DF804EB4B61FFF707BF00BFEE
:1002B00000802A40F05AF05A0080FFFF52041808CC
:1002C0000080FF0008B5F1F78BFEEEF7A5F902F00C
:1002D000B7FDFAE730BFFDE7844641EA000313F0BB
:1002E00003036DD1403A41D351F8043B40F8043B3D
:1002F00051F8043B40F8043B51F8043B40F8043B00
:1003000051F8043B40F8043B51F8043B40F8043BEF
:1003100051F8043B40F8043B51F8043B40F8043BDF
:1003200051F8043B40F8043B51F8043B40F8043BCF
:1003300051F8043B40F8043B51F8043B40F8043BBF
:1003400051F8043B40F8043B51F8043B40F8043BAF
:1003500051F8043B40F8043B51F8043B40F8043B9F
:1003600051F8043B40F8043B403ABDD2303211D33F
:1003700051F8043B40F8043B51F8043B40F8043B7F
:1003800051F8043B40F8043B51F8043B40F8043B6F
:10039000103AEDD20C3205D351F8043B40F8043B3F
:1003A000043AF9D2043208D0D2071CBF11F8013B3D
:1003B00000F8013B01D30B8803806046704700BF03
:1003C000082A13D38B078DD010F003038AD0C3F112
:1003D0000403D21ADB071CBF11F8013B00F8013BF4
:1003E00080D331F8023B20F8023B7BE7043AD9D3B3
:1003F000013A11F8013B00F8013BF9D20B78037088
:100400004B7843708B7883706046704708F0A4BACD
:1004100008F0A2BA08F0A8BA08F0A6BA08F0A4BA80
:1004200001F1FF3C70B566464FF0000E01E00EF1A1
:10043000010EB0FBF2F402FB1403092B03F13705A4
:1004400098BF03F130059042204606F8015FEED2D6
:1004500001EB0E0300225A70BEF1000F11D0481CB0
:1004600070440CF102021CF8014F10F8015DA1EB81
:100470000C03521A8CF80050013B047073449A42EA
:10048000EFDB084670BD00BF30B5154601EB4102F9
:10049000012400EB421204FA01F1244CB2F80EC020
:1004A00024784FEA011E1FFA8CFC0EF0F00E0CFBB4
:1004B0000333E340B0F8884163454EEA040428BFA3
:1004C0006346012DA0F8884101F00F041ED0022DD3
:1004D0000FD045B9ACEB030CA2F80AC0B0F88031DC
:1004E0002343A0F88031B0F888311C43A0F888413C
:1004F00030BDD383B0F880314EEA030EA0F880E11E
:10050000B0F888311C43A0F8884130BD0902D3827D
:10051000B0F8803101F470611943A0F88011B0F88F
:1005200088311C43A0F8884130BD00BFBED70020F1
:10053000272848D8294A70B5044612F8200002EB53
:10054000840301281E4629D002283BD15878C0F3E5
:100550000113032B3AD0224A02EB833C00F0030044
:100560008BB2204A0CEB401E1578BEF80610BEF880
:10057000102089B2C1F1011111FA82F2511E01FB62
:1005800003F3EB40994224D9D21AC2F101020CEBD9
:10059000401CAEF80620ACF810300DE05A78C2F3DB
:1005A0000113032B10D0104800EB83308BB202F004
:1005B0000301B278FFF768FF0C4BF27803EB0413EA
:1005C0005B681A6070BD70470948EFE7DFF824C028
:1005D000C4E7931E4FF6FF72D9E700BFAC9E002020
:1005E00000C01D40BED7002000C03D40709B0020D1
:1005F00000803E4000801E4010B500234FF4704440
:100600000F224FF4806EA0F88C411946A0F88E217D
:100610004FF46044A0F890310A46B0F8883148F2AF
:10062000B82C43F0F003A0F8883101EB410301310D
:1006300000EB431304299C80A3F806E05A841A8631
:100640005A805A81A3F80EC05A82DA825A83DA831A
:10065000EBD1B0F8883143F00F03A0F88831B0F83F
:10066000883143F47063A0F8883110BD374B384AA5
:10067000996F384841F47F0170B5996741F20106DE
:10068000D3F8801045F6C05543F226040A43C3F858
:100690008020FFF7B1FF00F58040FFF7ADFF00F5C8
:1006A0008040FFF7A9FF00F58040FFF7A5FF00227B
:1006B000A0F503104FF00F0E114600EB42134FEA66
:1006C000421C01329981042A5981A3F80EE09E82CE
:1006D000DD8020F80C1019829C81EED100221E488A
:1006E0004FF00F0E41F20106114645F6C05543F298
:1006F000260400EB42134FEA421C01329981042A7E
:100700005981A3F80EE09E82DD8020F80C1019823A
:100710009C81EED1002211480F2641F201051146BD
:1007200045F6C05443F2260E00EB42134FEA421C3A
:1007300001329981042A5981DE819D82DC8020F872
:100740000C101982A3F80CE0EED170BD00C00F4070
:10075000000003FC00C03D4000001E4000401E4061
:10076000074A506A936A19468446506A936A9942C6
:10077000F9D18445F7D1DB0B43EA4040704700BF15
:1007800000400D4072B6EFF30583524CC4F884303C
:100790001EF0040F0CBFEFF30882EFF309824FF055
:1007A000E0234D4DD3F8280DD3F82C1DC4E92201C8
:1007B000D3F8341DD3F8383DC4E924139369A83421
:1007C00044F8103CD36944F80C3C00F0CFF804ED39
:1007D000020AFFF7C5FF0B2344F8040C4FF0FF3269
:1007E0003E4844F8283C2B68202104355A4042F307
:1007F0000003013903EA000383EA5202F7D1A5425C
:10080000F1D1344BC3F8A820BFF34F8F4FF0E02352
:100810003149334AC3F8701FC3F8702FBFF34F8FAD
:10082000BFF36F8F2F4A02242F48D36E2F4943F412
:100830004053D3660460D3692D4823F07F0343F00F
:100840004003D3610B68834240D8274D00204FF00E
:10085000E0234FF0FF3228600121C5F80801254848
:100860000C460E46C5F80001C5F80811C3F88021F2
:10087000C3F88421C3F88821C3F88C21C3F89021E0
:1008800001E000F0EBF9D5F80C31002BF9D04F2C3A
:10089000C5F80C6104F10104F3D9174B0220174984
:1008A0004FF00042C1F840015A63D5F80C313BB912
:1008B000134814490C4A0163D2F80C31002BFAD0CA
:1008C0004FF0E023104AC3F80C2DFEE7FFF776F94E
:1008D000BBE700BF00FF272080FF27202083B8ED63
:1008E000A0FF272000C00F40004008402CAC002093
:1008F000803DCD0B009F240000900D4000002E4055
:1009000000800F40F100AD0B0400FA05094A08B55C
:100910000346106823B1034407498B4201D8136092
:1009200008BD09F05DFA0C2203464FF0FF301A6053
:1009300008BD00BFBCB80020000028200020704780
:100940004FF0FF30704700BF4FF4005300204B6062
:10095000704700BF012070474FF0FF30704700BF65
:1009600030BFFDE730BFFDE7FFF70CBF124AD2F8FA
:1009700080305B07FBD5D2F880301048C3F30B23DF
:100980000F4990ED007A07EE903A91ED006AB8EECB
:10099000477A0C4AF8EEE77A0B4BD2ED006A77EE15
:1009A000C77A93ED007AB8EE477A67EE867A87EEDB
:1009B000A60A37EE400A704700810D401C3E042015
:1009C000243E0420283E0420203E042000B521BB04
:1009D000DFF8ACC0264B002A4FF0010048F280013E
:1009E00008BF8021CCF848301860002059601204FC
:1009F000CCF84C004FF0011C1E499860C1F8BCC1F6
:100A0000D1F8B0311C4843F48033C1F8B0310260F2
:100A1000D1F8B031002BFBD100BD0904174B4FF0CA
:100A2000010C4FF0000E41F080019860C3F800C047
:100A3000596000F58051DFF848C0D96000F50051D9
:100A4000CCF80CE0196100F5405100F58040CCF87D
:100A50000830596107499861D1F8B03143F001037A
:100A6000C1F8B031D1F8B031002BFBD1B2E700BFF3
:100A700040DB002000002E405C1A022060DB0020DA
:100A800000000020836B70B586460E4610461BB1F1
:100A9000536843F40043536072B6DEF8342042B327
:100AA0001B4B1060D3F8B02132421ED1194C65683F
:100AB00005E06268A2EB050CBCF5166F0BD2D3F80B
:100AC000402142F48042C3F84021D3F8B811D3F852
:100AD00040215204EDD5314007D10D4ACEE9020143
:100AE000D2F8B0313343C2F8B031CEF8340062B638
:100AF00070BD0749CEE90202D1F8B0313343C1F8E5
:100B0000B031CEF83000CEF8340062B670BD00BF10
:100B100000002E40001000E070B5056B95B12B462B
:100B2000002403E01B680134012B0CD05A68120624
:100B3000F8D5036306462CB12846B36B2D68984759
:100B4000013CF9D170BD00220023C0E90C23F1E77C
:100B500000B501BBDFF8A0C0234B0021234A4FF0B2
:100B6000010E4FF001109960C3F800E0CCE90231AA
:100B70004FF0800CC3F804C0C2F8BC01D2F8B03109
:100B80001B4843EA0E03C2F8B0310160D2F8B0311D
:100B9000002BFBD100BD0904164BDFF85CC04FF001
:100BA000010E41F080019860104A596000F58051B3
:100BB000C3F800E0D96000F50051CCF84830196165
:100BC00000F5405100F58040596100219861CCF852
:100BD0004C10D2F8B03143F48033C2F8B031D2F8BF
:100BE000B031002BFBD1B7E740DB002000002E40E6
:100BF0005C1A022060DB00200000002072B6DFF8E3
:100C000030C0012209499CF80030824013438CF81F
:100C10000030D1F848311A0605D480221343C1F8B8
:100C20004421C1F8483162B6704700BF00002E4031
:100C30009FBD0420074901220B78824023EA02036A
:100C40000B7033B9044AD2F8483123F08003C2F85C
:100C5000483170479FBD042000002E402DE9F04729
:100C6000AE4C86B0D4F84461F207C4F844614FD565
:100C7000D4F8AC31002B46D0A94D4FF0011ADFF863
:100C8000B892DFF8C082C4F8AC31D5E90A20D4F8B4
:100C9000403143F40053C4F84031D4F840319F044C
:100CA000F5D5D4F8403123F40053C4F84031C4F8EA
:100CB000B4A1D4F8B43113F00113FAD191B2C9F848
:100CC0000030B1F5106FCDE9042000F0A78100F2EB
:100CD0009B8040F2023C614500F0D58100F2B88073
:100CE000822900F0358140F20F81B1F5817F40F01B
:100CF000BD8210F0780F00F04882C4F8C0A1D4F88B
:100D0000AC31002BBFD1854BD3F8BC41002C47D16F
:100D1000730616D5814BD3F8AC21C3F8AC21D3F8B8
:100D2000BC21C3F8BC21D3F8B041002CFBD14FF05B
:100D3000FF32C3F8B421D3F8843101F089FE794B36
:100D40001C60F40103D5784B1B6803B19847B001D0
:100D500003D5764B1B6803B19847710708D56F4BD5
:100D6000D3F8843113F400734BD0714B01221A7005
:100D70006A4BD3F848311A060FD533060DD56D4AA4
:100D800013782BB1013BDBB21370002B00F0DE8235
:100D900006B0BDE8F04701F05DB906B0BDE8F087E8
:100DA000654AC3F8BC4111680C4240F014825D4BA7
:100DB0001B681C40ACD01FFA84F8594D240C11D08C
:100DC0004FF0010994FAA4F7B7FA87F705EBC710BB
:100DD00009FA07F74030FFF79FFEBC43F2D1B8F1A4
:100DE000000F95D0012798FAA8F4B4FA84F405EB23
:100DF000C41007FA04F4FFF78FFE38EA0408F2D1B2
:100E000086E74B4A1370B3E742F2212C614500F0AC
:100E1000B68048D840F6013C614500F06A8142F254
:100E20002103994200F0598140F6812399427FF4D1
:100E300064AF80B2042800F0568205287FF45DAFCD
:100E40003E4B1B7801213E480370FFF781FE56E7B9
:100E500040F2816C61454BD8B1F5D06F80F09A803B
:100E6000B1F5A06F40F0CC81364AEB64936001236A
:100E7000AA641360802353604FF00113274AC4F81B
:100E8000BC31D4F8B03143F48033C4F8B031D2F877
:100E9000B031002BFBD1BDF812305B0643F08073FC
:100EA000C2F854312BE748F2A212914200F044817B
:100EB00000F24F8142F22133994240F0E281002357
:100EC000C5F84880EB64C8F808300123C8F8003042
:100ED0008023C8F80430C4F8BCA1D4F8B03143F47E
:100EE0008033C4F8B031D4F8B031002BFBD106E721
:100EF000B1F5086F7FF401AF134B012113481B7844
:100F00000370FFF725FEFAE680297FF4F6AE0F485E
:100F100002210380FFF71CFEF1E600BF00002E4017
:100F200000000020601A0220CC480420D048042091
:100F3000B0BD0420B6BD04205C1A0220AABD042066
:100F4000541A022040DB0020AFBD0420FC3C0420EA
:100F500010F078037FF4D1AE00F07F01B14A0006B3
:100F600052F82110B04A138040F19181CB0301D592
:100F7000012313700221AC48FFF7EAFDBFE680B2FF
:100F800000289CD1A94B120C1968A94B1960A94BD8
:100F90001A7094E7A84B596800293FF4AEAE4FEAA7
:100FA000124E87B204E019690C3300293FF4A5AE54
:100FB000B3F800C0F445F6D15A88BA42F3D1020C16
:100FC0004FEA1E20032800F066811B899A4228BF41
:100FD0001A46BEF5007F40F0A481984B1B78002B89
:100FE00040F0B081964997480192FFF775F9954F07
:100FF000019A27F01F03B918BFF34F8F4FF0E0207D
:10100000C0F8703F20339942FAD8BFF34F8FBFF337
:101010006F8F8C481146FFF79BFD70E68A48120CD3
:1010200001934FF0C8110270884AC4F8C8214FF0EC
:10103000C412C4F8CC11C4F8D011C4F8D421C23AF7
:10104000C4F8D82101F006FD00F09AFF00F074FD0D
:101050007F4A0121019BAA64116080219360516045
:101060004FF00112EB64C4F8BC21D4F8B02142F473
:101070008032C4F8B021774AC9F80030D2F8B031D4
:10108000002BFBD13BE610F0780F7FF436AE00F07A
:101090007F02644B000653F822104CBF41F48031AC
:1010A00041F0010143F822100021694BE964996085
:1010B0000121AB6419608021664A59604FF0011329
:1010C000C2F8BC31D2F8B03143F48033C2F8B03149
:1010D000D2F8B031002BFBD111E6010C07297FF4C7
:1010E0000CAE5D4BC3E9002001225C48FFF76EFCAB
:1010F00005E680B2042800F0F88005287FF4FDADF5
:101100005349C2F30F42EB648B60554BA9641A70CC
:101110000123504A0B6080234B604FF00113C4F849
:10112000BC31D4F8B03143F48033C4F8B031D2F8D4
:10113000B031002BFBD1E2E5B0F5403FFFF4DDAD6F
:101140004648032183704AF644430380FFF700FDBD
:10115000D5E521F4807348F2A122934204D048F2ED
:10116000A14399427FF4C9ADB0F5102FBFF4C5ADCE
:1011700003AA3A4904A800F055FD00283FF4BDAD8C
:1011800003993648FFF7E4FCB9E500F07F02254BF0
:10119000070653F822104CBF21F4803121F00101E1
:1011A00043F8221000212A4BE96499600121AB64C5
:1011B00019608021274A59604FF00113C2F8BC31F1
:1011C000D2F8B03143F48033C2F8B031D2F8B03144
:1011D000002BFBD193E5002142F2210011601E4952
:1011E0000A6895B285425BD01E4B9A4203D01E4BD3
:1011F0009A427FF4DCAD1949174800F041FDD6E56D
:101200003FF67BAD40F22133994204D040F22143B6
:1012100099427FF472ADB0F5102F4FEA1041BFF440
:101220006CAD5EE7C0012E40FC3C0420504604201B
:1012300054470420AEBD0420A0A20020B0BD04206D
:1012400040310060001C2720AFBD04200200CC000C
:1012500040DB002000002E40A8DF0020541A0220AE
:10126000AABD04202101010221010001FFF445ADC6
:1012700040F221139942CED040F221239942CAD0A4
:101280003BE548F2A11399423FF46EAF35E5CF0735
:101290007FF570AE6CE60B789A4228BF1A46A2E63C
:1012A00089880029A0D12C492C4D03C9A980862802
:1012B0004FEA11412860A97196D172B62848017889
:1012C00041F040010170D3F848110D0606D441F0F9
:1012D00080018020C3F84401C3F8481162B6214B55
:1012E0005021197080E7204BABE52049C2F30F4233
:1012F000EB648B601C4BA9641A7001231C4A0B60C1
:1013000080234B604FF00113C4F8BC31D4F8B031E6
:1013100043F48033C4F8B031D2F8B031002BFBD1A4
:10132000EDE4BEF5E06F7FF45EAE124B1B785BB967
:101330001149124F01923846FEF7CEFF07237B700A
:10134000019A56E60C494EE60D49F2E70620FFF7F2
:1013500071FC0EF073FD00BF541A02204C470420AC
:101360009FBD0420B6BD0420ADBD042040DB00209D
:1013700000002E40B0BD042078340060001C2720FF
:10138000403100602DE9F043841E83B0062C02D961
:1013900003B0BDE8F083124D90460F46C60105EB41
:1013A000C0143C2200210190201D994608F0E4FA67
:1013B000B8FA88F23904520941EA42710122A9516E
:1013C000C4F83890A260B9F1000FE1D00549019B43
:1013D0009A400B681A430A6003B0BDE8F08300BF6F
:1013E00000000020601A02202DE9F043A0F1020E57
:1013F00083B0BEF1060F02D903B0BDE8F083914679
:10140000C201124F884602F1400605463C220021E7
:10141000F4190193201D08F0AFFAB9FA89FC4FEADC
:101420000842019B4FEA5C1C42EA4C72BA5101220D
:10143000A363A260002BDFD0054905F110000B6803
:1014400082401A430A6003B0BDE8F0830000002028
:10145000601A022002F1FF3CBCF1020F04D8A0F197
:10146000020CBCF1060F00D970472DE9F043114D75
:10147000994683B0174605EBC0138846C6013C2247
:1014800004460021181D019308F076FA019BBA0763
:1014900042EA0842AA510122C3F838909A60B9F191
:1014A000000F04D00449A2400B681A430A6003B03D
:1014B000BDE8F08300000020601A022002F1FF3C2A
:1014C000BCF1020F04D8A0F1020CBCF1060F00D948
:1014D00070472DE9F0431746C201124E994602F1BA
:1014E000400583B088463C22AB1904460021181DF4
:1014F000019308F041FA019BBA0742EA084272518F
:101500000122C3F838909A60B9F1000F06D006495D
:1015100004F110000B6882401A430A6003B0BDE872
:10152000F08300BF00000020601A022012044FF078
:10153000010C816042F08002C0F800C0C36101F577
:10154000805C01F54053426001F5005201F5804195
:10155000C0F80CC08161C0E904237047831E062BCC
:1015600000D9704700F1100C064B0A4603EBC0107F
:1015700000B54FF0010E0EFA0CF15DF804EBFFF729
:1015800081BA00BF40000020831E062B00D970479F
:101590004FF0010C034B0A460CFA00F103EBC010AC
:1015A000FFF770BA00000020406870472DE9F0474F
:1015B00000EB8305A84209D342E050F8044B230C0A
:1015C000854221F8024B22F8023B39D98B07F4D42B
:1015D000A5F10803984226D2A5F1090700F10808F1
:1015E00016468E463F1AC446184CFF0807F10109FB
:1015F00001EB89095CE902A00CF1080C1FFA8AF3DF
:1016000043EA004320404EF8043B40EA1A40CE45EE
:1016100046F8040BEED10432043108EBC70002EBAC
:10162000870201EB8701854208D950F8043B1C0C66
:10163000854221F8023B22F8024BF6D8BDE8F0873C
:10164000A5F108039842C7D3F8E700BF0000FFFFE9
:10165000114B124A124810B511781A680023114C28
:10166000CA4011490A602278FFF760FF0E4B2278CA
:101670001A44BFF34F8F4FF0E021C1F8683F203389
:101680009A42FAD8BFF34F8FBFF36F8F04490620F9
:10169000BDE81040FFF762BFB8220220ACBD0420B5
:1016A00060DD0020ABBD0420601A272030B5054660
:1016B00083B00021FDF72AFB012104462846FDF7EF
:1016C00025FB434B1A7803462AB3002C54D0002B39
:1016D00062D072B63F4A1068002847D03E49D1F820
:1016E00000C0BCF1000F64D0C2F800C0DFF8F4C045
:1016F0003A4A0C600024DCF80010CCF80030384B7B
:101700001C8014681160FDF7ABFA2046FDF7A8FABB
:1017100062B603B030BD24B101902046FDF7A0FAB7
:10172000019B13B11846FDF79BFA2A4C206818B1AB
:10173000FDF796FA00232360274C206818B1FDF7C7
:101740008FFA00232360254C206818B1FDF788FA32
:1017500000232360234C206818B1FDF781FA002391
:1017600023601F4B00221A8003B030BD14601B4958
:101770001B4A0B601080CBE70190FDF719FA019B23
:101780000446D0B14FF4807200210430019308F078
:10179000F3F8019B002B9CD1FDF70AFA0346A0B198
:1017A0004FF4807200210430019308F0E5F8019BAA
:1017B0008FE70C4A0C601360AAE7002BA9D01846EB
:1017C00003B0BDE83040FDF74BBA2046F8E700BF54
:1017D000ADBD042088E200208CE2002090E20020D1
:1017E0005ABD042094E20020564B01222DE9F04F0F
:1017F000DFF864B183B01A700646534BDBF8004043
:101800001F88524B1D68002C57D0002D5ED0B608A3
:1018100068D0C7F180039E42C0F09080DFF83C8121
:10182000802FD8F8009059D1B9F1000F42D1484A21
:101830001368002B3ED1C8F800401560FDF7B8F9D9
:10184000DFF81CA1044600282ED0FDF7B1F90546AB
:10185000002856D03D4BCBF800401860002E40D0F9
:101860007F2E5AD9D8F80090002780232A1D211DE9
:101870003E44504602EB4702019301EB4701803E94
:10188000FFF794FEB9F1000F31D1314A019B116885
:1018900000292CD1C8F800400AEB830A1560FDF737
:1018A00087F904460028D0D1284BCBF800001860F7
:1018B000254B188003B0BDE8F08FFDF779F9044699
:1018C0000028F7D0CBF80000002DA0D1FDF770F96B
:1018D00005460028EED01D4B186098E7DFF880A081
:1018E000C4E73746184B1F8003B0BDE8F08F802354
:1018F000154A1380002EDDD0164A13680133136099
:10190000D8E72046FDF7ACF9104BCBF800501D602E
:101910000D4B1D8003B0BDE8F08F00272A1D211D4F
:101920003346504602EB47023E4401EB4701FFF7C6
:101930003DFE054B1E8003B0BDE8F08FDFF820A010
:10194000ECE700BF70BD042054BD04206CE2002011
:1019500064E200204447042068E2002060E20020A6
:10196000401B272008B538B1114B5868C0F30E4012
:10197000C0F1B400FFF738FF0023B4220D490C4832
:10198000FFF7D4FD0B4B03F1B401BFF34F8F4FF0C2
:10199000E022C2F85C3F20339942FAD8BFF34F8F60
:1019A000BFF36F8F02490520BDE80840FFF7ECBD8B
:1019B00080DB0020401B2720002303480349044A02
:1019C00003700B601360704772BD042088E2002032
:1019D00090E20020374A13680133092B2DE9F04FBC
:1019E00083B055D900234FF0B40A2D260024DFF828
:1019F000D880DFF8D8B0304F1360CDF804A0D8F805
:101A00000000331B002847D0B7F800E0DBF8009057
:101A1000CEF18002934228BF1346C3B109F10401FD
:101A2000264A051D009001EB4E0102EB840C05EBEC
:101A30004E0501EB430A35F9022B31F9020B92B244
:101A4000514542EA00424CF8042BF4D100989E44E0
:101A50001C44BEF17F0F09D8B442A7F800E0CED3F2
:101A6000DDF804A0504603B0BDE8F08FFDF7F8F8AC
:101A70004846FDF7F5F8124A0020124B1168106035
:101A800086461A68C8F800101860CBF80020E3E713
:101A90004FF0B00A2C26A9E701460848DDF804A05B
:101AA0009A0000EB440007F067FF504603B0BDE822
:101AB000F08F00BF74B800205ABD0420A0DE0020C3
:101AC0008CE2002094E2002088E2002090E20020D6
:101AD00000B583B0FFF77EFF1249134B0246096839
:101AE0001B781248D9400023019201601049114827
:101AF000FFF71CFD0E4B019A1A44BFF34F8F4FF0B6
:101B0000E021C1F8703F20339A42FAD8BFF34F8FDB
:101B1000BFF36F8F0749052003B05DF804EBFFF7B3
:101B20001DBD00BFB8220220ACBD0420601A2720D2
:101B3000A0DE002080DD002010B500232B4A2C4CB5
:101B40002C4813602C492D4A236003781160002B28
:101B500048D0082004232A4920222A4C087000215A
:101B60002948237007F008FF284B0122B4210520E3
:101B7000FFF770FC0023B42225492348FFF7D6FC69
:101B8000234B03F1B401BFF34F8F4FF0E022C2F8B3
:101B90005C3F20339942FAD8BFF34F8FBFF36F8F6A
:101BA00019490520FFF7F0FC20220021194807F011
:101BB000E3FE194B217801220620FFF77FFC00206D
:101BC000FFF746FD20220021144807F0D5FE05202E
:101BD000134B0122B421FFF771FC0020BDE8104037
:101BE000FFF776BF0A200323B5E700BF484704206C
:101BF00044470420B0BD04209A99192CB822022031
:101C0000ACBD0420ABBD042080DB0020B9E00100A6
:101C1000401B272060DD0020A5DD010080DD0020C5
:101C200025E201000378A12B01D000207047C37882
:101C3000012B09D0022BF8D14378813B032BF4D838
:101C4000DFE803F015120F080C48406808701360B5
:101C50000120704701230B70002302204B7010609D
:101C6000F6E7FF230B70F7E700230B70F4E7034B55
:101C7000986808709B681B12EFE700BF08B000204F
:101C80000378212B01D000207047C3784278012BC4
:101C900008D0012AF7D1022BF5D1064B09781A603A
:101CA000996005E0012AEED1024B0978C3E90021D1
:101CB0000120704708B00020144B0A22DFF850C002
:101CC000D3F8200220F07F4000EB800300B55B00DA
:101CD00085B0604538BF18466946FEF7A1FBDFF8BE
:101CE00034C06B460022604619780132013341B19D
:101CF0000A2A20F8021FF7D116228CF8002005B01E
:101D000000BD52008CF8002005B000BD00441F400B
:101D10008096980090D7002000F0BABF00F088BFEE
:101D200000F0EEBF00F0A6BF01F03CB801F016B81D
:101D30000846114601F008B80C4A38B50C4B054668
:101D4000146819883CB1B1F5917F08D24A1C094842
:101D50001A80455438BDB1F5917FF7D338BD0022C4
:101D60000448A04700210122014BF0E794470420DA
:101D70006CBD0420A847042070B5164D4FF0E02438
:101D800015494FF40032154E05EB401582B001EBBA
:101D90004021C4F88C210346328828460191FFF780
:101DA000C5FB019933880B44BFF34F8FC4F85C1F08
:101DB00020318B42FAD8BFF34F8FBFF36F8F0420CF
:101DC0002946FFF7E1FB4FF40033C4F80C3102B0B1
:101DD00070BD00BFA0DB0020401F272060BD042095
:101DE00042684FF6FC71144BC2F30E42C0691B8867
:101DF0009B1A0B401DD0DFF850C0104910B49CF85E
:101E000000200F4C013221F810300021062A24F85E
:101E1000101094BF11460A468CF80010DFF82CC051
:101E2000DCF800100B44CCF80030064B985410BC82
:101E30007047FFF7A1BF00BF60BD0420B83D04207C
:101E4000D43D0420F03D042094BD0420B03D042086
:101E50002DE9F04F0123DFF81CB1404F83B0404E15
:101E60009BF800203F4DDFF810813B7005EB4215D9
:101E70003388D8F80090CDE90002002B68D13A4CA5
:101E8000DFF8F8A02846FFF78FFB10F0800058D04D
:101E9000D8F80030A3EB0903282B04D901232370C1
:101EA00003B0BDE8F08F2378002BF9D19AF8003009
:101EB000002BF5D000F0C4FF3388002BE2D02B4A72
:101EC0009BF800401288D01A043B00EB44202849BC
:101ED0009BB23380009E0E507BBB01EB442428460E
:101EE0002146FFF723FBBFF34F8F04F1200204F5D7
:101EF0000073934294BF012310234FF0E02204EBC0
:101F00004313C2F8704F20349C42FAD1BFF34F8F75
:101F1000BFF36F8F04202946FFF720FB019B0220AF
:101F20000133032B88BF00238BF80030FEF782FEBD
:101F300000233B7003B0BDE8F08F0220FEF75EFE89
:101F4000F6E70A4B20701A889BF800401346BBE75F
:101F5000064A019C1288D01AB6E700BFA8BD04202B
:101F600064BD0420A0DD0020A2BD042068BD0420C3
:101F7000402B2720A6BD042050460420AFBD0420DE
:101F8000214B70B51B78002B3BD04FF400763346C5
:101F90001E4980221E4D00240B8000211D482B80ED
:101FA00007F0EAFC1C4A21461C4B1470C0221C4856
:101FB0001C8007F0E1FC1B4A31461B4B0420946057
:101FC0009C60C2E90044194AC3E900441470184BEC
:101FD000184A1C70184B14602246FFF7D3F92346A9
:101FE000224629880420FFF7FFF920460134FFF735
:101FF000C3FE062CF9D100231049114A0B7013704F
:1020000070BD40263346C3E7B0BD042060BD042048
:1020100068BD0420A0DD0020A6BD042064BD04200E
:10202000A0DB0020B83D0420D43D042094BD042052
:1020300096BD0420B03D042035E50100A2BD04207A
:10204000A8BD0420024B1B780BB1FFF701BF7047FE
:10205000AFBD0420254B1B7813B9254A128802B95D
:1020600070472449DFF898C02348BCF800C010B579
:102070000C7884B02149ACEB020200EB441001EB78
:1020800044210190CDE90213FFF750FA0299BFF302
:102090004F8F01F5007C01F12002039B62452CBFAC
:1020A0000122102201984FF0E02C01EB4212CCF8F3
:1020B000701F20319142FAD10193BFF34F8FBFF3CC
:1020C0006F8F01460420FFF749FA0021084B621C7C
:1020D00002201980019B032A98BF1346054A1370FA
:1020E00004B0BDE81040FEF7A5BD00BFA8BD0420A8
:1020F00064BD0420A6BD0420A0DD0020402B2720C5
:1021000068BD04202DE9F8431501002944D0037867
:1021100001294FEA034361D03F4E45F004070446CE
:1021200089463278FFB23AB1427843EA02633B43D0
:1021300043F47040FFF78CFEA9F10209B9F1020FD8
:1021400036D905343378A0466BB114F8023C14F844
:10215000032C1B0414F8010C43EA02233B4343EA1B
:102160000060FFF775FEA9F103090334B9F1020F0E
:10217000E8D8B9F1020F33781DD0B9F1010F3BD087
:1021800043B105F0F0054FF205702843BDE8F84370
:10219000FFF75EBEBDE8F8831F4B1B78002BF9D01C
:1021A00005F0F0051D482843BDE8F843FFF750BE91
:1021B00004F10208DDE7002BECD098F8010045F0AF
:1021C000070598F800300004EDB240EA03202843E8
:1021D000BDE8F84340F07740FFF73ABE0E4A127868
:1021E000002AD7D045F007050D48EDB22B43184320
:1021F000BDE8F843FFF72CBE002BCBD045F006001E
:1022000098F80030C0B240EA0320BDE8F84340F43B
:102210007700FFF71DBE00BFAFBD042006F0F7003A
:1022200000F000F74FF0E0234FF40032DFF898C0E1
:10223000C3F88C211E4B9CF8002019788A422ED0BE
:10224000D3B21C4A1C480133072B28BF002330B5EA
:1022500012F803E083B0194A194C32F81E50026894
:1022600034F81E10043A02600A1D164801EB4E2194
:1022700092B24158954224F81E2008D94FF0E0232D
:102280004FF400320846C3F80C2103B030BD70464D
:1022900001918CF80030FFF76FFD0199EEE7002106
:1022A0004FF0E0234FF400320846C3F80C2170478A
:1022B00094BD0420F03D0420B03D0420B83D04202E
:1022C000D43D0420401F272096BD042030B583B0A4
:1022D0000546FFF7A7FF88B1034600F00F02A148AB
:1022E000C3F303111C0A0170A2F10801062908D8E2
:1022F00004F00F0001309DB3A84231D0002003B09C
:1023000030BD911EE0B2012906D9052A75D1F02809
:1023100073D9F72800F09980F1380E28EED801A281
:1023200052F820F007EC010023EC010043EC01001F
:1023300051EA010051EA010053EC010051EA0100A9
:1023400065EC010051EA01009DEC01000DED01007A
:102350002BED010051EA010049ED010081EC010083
:10236000082AC3F303311CD108291AD1DFF834C27B
:1023700080217D4ADCF80040C0B21170C3F30741F0
:102380001A0E0D4624B1CDE90002A047DDE9000296
:10239000764B77491870774B0D701A70012003B097
:1023A00030BD092A17D1092915D1C3F307441A0EE4
:1023B000C0B26D4B254600F035819021D2B2197024
:1023C0006D4B1B68002BE3D021460192009098478B
:1023D000DDE90002DCE70A2A06D10A2904D1DFF888
:1023E000C8C1A021604AC5E70B2A47D10B2945D1B6
:1023F000DFF8B8C1B0215C4ABCE7042A00F0418193
:10240000511F02290ED90F2A7FF478AFF72883D8FD
:10241000F02804D0594B1B88002B3FF46FAFFFF717
:102420008BFC6BE7CDE90023FFF786FC009A052AB9
:102430000DD0019BC3F30740CDE90032FFF77CFCD0
:10244000019A009B072A02D1180EFFF775FC4B4B2F
:1024500047481988474A0170080ADFF854C11070CC
:102460000020414A1880F023DCF800401370002C53
:1024700000F0148101224248A0478FE70C2A40F067
:10248000C8800C2940F0C580DFF828C1C021364A39
:10249000DCF80040C0B21170C3F307411A0E0D46BC
:1024A000002C3FF475AFCDE90002A047DDE9000242
:1024B0006EE7344AC3F307401268054612B1009331
:1024C0009047009B28491A0E00200C7060E72E49A7
:1024D0001A0C096815460029F4D0580C02F07F0246
:1024E000009300F47E5010438847009BEAE7274A98
:1024F000C3F3074012680546002AE0D1E2E7244A08
:102500001D0C1268002ADDD000939047009BD9E78C
:10251000204A1D0C1268002AF6D11F4A1268002AB0
:10252000D0D00093F8209047009BCBE71B4A1D0CAE
:102530001268002AE8D1184A1268002AC2D0009313
:10254000FF209047009BBDE7154A1D0C1268002A2A
:10255000DAD1114A1268002AB4D00093FA209047C9
:10256000009BAFE7B1BD0420B5BD0420B2BD04207F
:10257000B3BD0420B4BD0420704704206CBD04200A
:10258000A84704209C470420804704208447042057
:10259000A0470420604704207C470420984704207B
:1025A000884704206C470420A4470420684704207F
:1025B00094470420784704203C4A1D0C1268002AE6
:1025C000A2D13B4A1268002A3FF47CAF0093FB2063
:1025D0009047009B76E7374A1D0C1268002A93D17A
:1025E000334A1268002A3FF46DAF0093FC209047F5
:1025F000009B67E7304A1D0C1268002A84D12C4AE0
:102600001268002A3FF45EAF0093FE209047009BC3
:1026100058E70D2A11D10D290FD1DFF8B0C0D02114
:10262000264A35E780211970254B1B681BB12146CE
:102630000090984700980022AAE60E2A7FF45EAE2A
:102640000E297FF45BAEDFF888C0E0211B4AC0B2E0
:10265000DCF800404FEA134C11701A0E6546002C4E
:102660003FF496AE590C0CF07F0C019201F47E51B0
:10267000009041EA0C01A1F50051A047DDE90002FC
:1026800086E60093FFF758FB009BC3F30740FFF774
:1026900053FB009B180EFFF74FFB2FE6094B1B68FF
:1026A000002B3FF47BAE0848984777E66447042048
:1026B0007C4704208C47042058470420B5BD0420E3
:1026C0006C47042090470420A84704205C4704205E
:1026D0007447042070B5164D4FF0E02415494FF4AF
:1026E0000032154E05EB401582B001EB4021C4F8D5
:1026F0008C210346328828460191FEF717FF019985
:1027000033880B44BFF34F8FC4F85C1F20318B42DA
:10271000FAD8BFF34F8FBFF36F8F03202946FEF720
:1027200033FF4FF40033C4F80C3102B070BD00BF6A
:1027300060DC00204033272062BD0420264B1A882D
:102740004368C3F30E43D21A002AF0B5C46983B0BC
:1027500028DD2248224D01782D78CBB2DFF894C0D5
:10276000A942204D09D01CF803100F4635F811106E
:102770000E46C1F500718A421AD90133002125F8AD
:102780001420082B184D88BF0B4625F8141098BF4D
:1027900019460CF80340154B017019680A441A6079
:1027A00003B0F0BD204603B0BDE8F040FFF792BF94
:1027B0000F4906EB47200192084401EB4421FDF745
:1027C0008BFD019A09492046B31825F817300B688C
:1027D00013440B60E7E700BF62BD042095BD0420F1
:1027E00097BD0420C43D0420E03D0420B43D0420F6
:1027F00040332720F83D0420224B1A78002A3FD18D
:1028000002F0FF03204A1278002A39D01F4A1288AA
:10281000002A35D01E49C2F5006210B5087884B090
:102820001C4901EB40141C4901EBC0212046CDE9B5
:1028300002230191FEF77AFEDDE901120A44BFF39B
:102840004F8F4FF0E020039BC0F8701F20318A4269
:10285000FAD80193BFF34F8FBFF36F8F0320214648
:10286000FEF77CFE0A480021084B027819800132ED
:10287000019BD2B2032A98BF1346037004B010BD67
:10288000704700BFA9BD0420AFBD042066BD042071
:10289000A7BD042020DE0020404327202DE9F04F73
:1028A00087B00490002900F0BF8000235F4C604F88
:1028B0004FF00109DFF890A15E4E029303915E4B49
:1028C0005E4A1D783B8802EB451284F80090019225
:1028D000002B40F0A58098461D469B460198FEF7C8
:1028E00063FE10F0800000F08B80BFF34F8F9AF8EA
:1028F000003084F800B00DB9D6F80080002B7BD1F1
:102900003368A3EB0803782B00F283804C4B1B78D1
:10291000002B71D000F094FA3B88012584F80090D8
:10292000002BDBD044491A46C3F500600D780399AB
:1029300000EBC520DFF814B19142584417D205933B
:10294000DDE903210192FDF7C7FC019A4FF04041F8
:10295000059B9B1A3B803B4BC3F88410BFF34F8F02
:10296000029800231044237007B0BDE8F08F04994B
:10297000FDF7B2FC00230BEBC5214FF40062019878
:10298000FEF7D4FD0BEBC521BFF34F8F01F1200201
:1029900001F50063934294BF012340234FF0E022EE
:1029A00001EB4313C2F8701F20318B42FAD1BFF301
:1029B0004F8FBFF36F8F03200199FEF7CFFD1E4AA3
:1029C00013780133DBB2042B28BF002313703B883C
:1029D000039AD11A029A1A4403910292049A1A4451
:1029E00000230492174A3B80C2F88430BFF34F8F14
:1029F000237000297FF463AF029807B0BDE8F08F21
:102A00004FF400620C4B8AF800001D7813463A80A0
:102A10008DE7012302988AF8003007B0BDE8F08FF7
:102A20001A46C3F5006082E70846E6E7A9BD042020
:102A300066BD042050460420A7BD042020DE0020EF
:102A4000AFBD042000002E40A3BD0420404327203A
:102A5000704700BF2D4B002180222D4870B51B7898
:102A600000242C4E8B420CBF40234FF400732A4DA0
:102A700033802B8006F080FF284A2146284B1470B3
:102A80004FF4807227481C8006F076FF264A1021FA
:102A9000264B0220C2E90044C2E90244244AC3E9A9
:102AA00000441470234AC3E90244234B1C7023469C
:102AB00014602246FEF798FC204B22463188032002
:102AC000FEF760FC2346012229880320FEF78CFCD8
:102AD00020460134FFF7FEFD082CF9D1184B0021E8
:102AE0004A221848184C0460C3F88410C3F88020A8
:102AF000D3F84821154942F08072C3F8482121B12A
:102B0000134A137843F00103137070BDB0BD042065
:102B100020DE002062BD04206ABD0420A7BD042081
:102B200066BD042060DC0020C43D0420E03D04209C
:102B300095BD0420B43D042097BD042091EE010012
:102B400000002E40CC4804204DEF010000000000A2
:102B5000B7BD04202DE9F84F4FF400324FF0E023C9
:102B6000C3F88C212B4B1C78002950D082468B4611
:102B7000E4B20027DFF8B490274B5046274AABEB6E
:102B800007081B78A34204F1010437D0092C244B19
:102B9000244928BF00241E5D39F8163031F816503C
:102BA00003EB4621ED1A1144A8452A4617D21E4CC4
:102BB00042465046FDF790FB236839F816105846F8
:102BC000A3EB0B0388443B4429F8168023604FF0A5
:102BD000E0234FF40032C3F80C21BDE8F88FFDF775
:102BE0007BFB114A2F4430461368AA445B1B1360D9
:102BF000084A1470FFF76EFDBB45BDD84FF0E023C7
:102C00004FF400323846C3F80C21BDE8F88F08466F
:102C1000DDE700BF97BD042095BD04204033272089
:102C2000F83D0420C43D0420B43D0420E03D0420D0
:102C30000B4B0C4A12781978D3B28A420DD001336B
:102C400009480A4A092B0A4928BF0023C35C31F806
:102C5000131002EB4323585C70474FF0FF3070476E
:102C600095BD042097BD0420F83D04204033272063
:102C7000E03D0420054B186800B1704700B583B0F3
:102C8000019000F0DDF8019803B000BDB43D0420D0
:102C90002DE9F84F144E154D33782A78934220D001
:102CA000DCB2DFF85090DFF850B0DFF85080104F02
:102CB0000134082CA24601D90024A24619F80400C8
:102CC000DBF8003038F8102037F81010521A9B1A31
:102CD000CBF80030FFF7FEFC86F800A02B78A3426B
:102CE000E6D1BDE8F88F00BF97BD042095BD042054
:102CF000E03D0420F83D0420B43D0420C43D042000
:102D000000B583B001210DF10700FFF723FF18B1D3
:102D10009DF8070003B000BD4FF0FF30FAE700BF99
:102D2000084B00B583B01B788DF8070033B1012143
:102D30000DF10700FFF7B2FD03B000BD03F0FF0087
:102D400003B000BDAFBD0420034B1B780BB1FFF7F0
:102D5000A5BD03F0FF007047AFBD04202DE9F04191
:102D600000240D4E01230D4DA0460D4F33703B78CE
:102D70002846A34205D0FEF717FC030658BF08F506
:102D8000006801342035042CF1D1BFF34F8F0023AC
:102D900040463370BDE8F081A9BD042020DE00204C
:102DA000A7BD0420204B1B7813B1204B1A8802B911
:102DB00070471F4BC2F500621E481F4930B51B7893
:102DC00083B01E4C00EB431001EBC32101230546E9
:102DD00023700023CDE90012FEF7A8FBDDE9001205
:102DE0000A44BFF34F8F4FF0E023C3F8701F203128
:102DF0008A42FAD8BFF34F8FBFF36F8F0320294663
:102E0000FEF7ACFB0A49002208480B780280013328
:102E1000DBB2042B28BF13460B70BFF34F8F074B59
:102E20001A7003B030BD00BFAFBD042066BD0420E2
:102E3000A7BD042020DE002040432720A9BD042098
:102E40002E4B2DE9F0411E7886B1DFF8C88098F846
:102E500000305BB90123F10788F8003040D4B20795
:102E600027D4002388F80030730701D4BDE8F0812F
:102E7000234B1A68002AF9D0EFF30582002AF5D116
:102E8000EFF3108572B61868002830D01D4C2178F9
:102E900000292CD10122227042691A60002A2AD00E
:102EA000916105B962B6002583684577984725701A
:102EB000DCE7154B1B78002BD3D0144F002557F8B7
:102EC000044F236820461B69984710B163699B68CB
:102ED00098470D4B01351A78EBB29A42EFD8C0E70C
:102EE000FFF7C8FE0028BAD0AFF30080B7E7002D87
:102EF000BCD162B6BAE7064B1A60D2E7B7BD042070
:102F000098E2002073BD042074BD04201CDB002067
:102F1000A4E200207CBD042070B5EFF3108272B6ED
:102F20000C4C206880B10C4E00254369236073B1BE
:102F30009D6102B962B6836845779847EFF31082C6
:102F400072B620680028F0D102B962B670BD336055
:102F5000EFE700BFA0E200209CE20020FFF7DCBF0B
:102F60000449054A4968054B196013680133136029
:102F7000704700BF001000E0504604204C4604207B
:102F800070B5960838D001F1100400F108033546F9
:102F90009FED227A33F908EC013D03F1080304F1B7
:102FA000100407EE90EAF8EEE77A67EE877A44EDD0
:102FB000087A33F90EEC07EE90EAF8EEE77A67EE5E
:102FC000877A44ED077A33F90CEC07EE90EAF8EED5
:102FD000E77A67EE877A44ED067A33F90AEC07EE72
:102FE00090EAF8EEE77A67EE877A44ED057AD1D178
:102FF00001EB061100EBC60012F003020DD09FEDAD
:10300000077A30F9023B013A07EE903AF8EEE77A98
:1030100067EE877AE1EC017AF3D170BD00000038E9
:1030200003460846194606F0ADBE00BF004870478B
:103030006492002010B5034B0360044600F03AF997
:10304000204610BDD098002010B5054B0360044603
:1030500000F030F92046FDF7DDF9204610BD00BF35
:10306000D098002008B5042000F084F8024B034AF1
:103070000349036000F0A8F9D098002089F7010007
:10308000D094002022494A6830B5A0F108044AB320
:1030900050F8083C04EB030E72451D4622D85368D5
:1030A00027D001F1040C33B92DE0596802F1040C6A
:1030B0001A4651B10B469E45F7D822D1536819687C
:1030C0005B685360DCF800300D441A6899188C4234
:1030D0000CD05B6840F8043CDCF8003040F8085C39
:1030E0005C6030BD40F8042C4C6030BD2A441A604E
:1030F00030BD126840F8043C2A4440F8082C4C606B
:1031000030BD1346E1E7134601F1040CDDE700BFD3
:1031100058DF0020164910F1090F98BF00F10F0287
:10312000486894BF22F007020822043118B970479A
:10313000011D4068B0B103689342F9D30868036881
:10314000A3EB020CBCF1070F00B5D0F804E00AD9DC
:103150008318C3F804E040F802C0086802600B60FE
:10316000083000BD7047036073460B60083000BD37
:1031700058DF002010B500F18004803005F0ECFB32
:10318000034630B180220021184606F0F5FB80305E
:1031900010BD2046FFF7BEFF03460028F2D100F025
:1031A000A3F800BF064BD3E90223803813449842AA
:1031B00003D2824201D2FFF765BF05F0D5BB00BF45
:1031C00058DF002070B5364D36488AB00024C5E976
:1031D0000144EC6005F05AFB334B344A0821CDE939
:1031E0000534049104230921CDE907120993A0B104
:1031F000044623782E483A2B08BF01340F2221467B
:1032000006F0E6FA10B9E37B2E2B16D020463A21C1
:1032100006F02CFC04460028EBD1099A069C402AB3
:10322000A8BF4022002C08BF06243E3402FB04F451
:10323000A400EC60ACB90AB070BD103404AB1E68D9
:10324000214632462EB15868019306F0C1FA019B1F
:1032500010B9A25D3D2A0ED00C330AAA9342EED1DA
:10326000D4E7204605F078FBA860B0B10023C0E9A0
:1032700000436860DFE7701C2044002203A901932B
:1032800006F04AF9039C019B22783A2A01D0002AD1
:10329000BCD10028A8BF9860B8E7E860CBE700BFC2
:1032A00058DF0020789200208C9200209892002015
:1032B000A4920020704700BF704700BF00487047CD
:1032C000B492002000B583B004210190FDF7A6F868
:1032D000019803B000BD00BF08B58047FDF742FB71
:1032E00000F0ECF9FDF73EFB08B5034B1868BFF39F
:1032F0005B8FFFF7F1FF00BF00B0002008B58047EB
:10330000FFF7F2FF08B5034B1868BFF35B8FFFF7B9
:10331000F5FF00BF04B00020024B1868BFF35B8FBD
:10332000704700BF00B00020024B1868BFF35B8FEE
:10333000704700BF04B0002000B5012883B01CD83E
:10334000BFF35B8FA1F1280353E8002F013A43E854
:1033500000200028F8D1BFF35B8F62B951F81C3C04
:1033600001F1580013B101909847019803B05DF83E
:1033700004EBFFF717BF03B000BD51F8140CFFF7C3
:10338000ABFF00BF002310B540E91E1240F8803C9F
:103390000446FFF7C9FF44F8700CFFF7BDFF07496B
:1033A000074A084B44F8581C44F8542C44F86C0C59
:1033B00044F8503CA4F1800010BD00BF474E554377
:1033C000432B2B008DFA010070B504460D461646BE
:1033D00000F002FA43680133324643602946204632
:1033E000FFF7D0FF0446012344F8283B204604F0B1
:1033F000D5FF204600F062F9FFF776FF10B500F028
:10340000EBF9D0E90042013242606CB194F820201F
:10341000472A0BD00022026004F1200004F0DEFFF6
:1034200004F1200000F04AF9FFF75EFF94F8212034
:103430004E2AEFD194F82220552AEBD194F823207C
:10344000432AE7D194F82420432AE3D194F8252095
:103450002B2ADFD194F826202B2ADBD194F82720C1
:10346000012AD7D8626952426261D5E710B5034B91
:103470000360044600F0C2F8204610BD909800207A
:1034800010B5054B0360044600F0B8F820460C2147
:10349000FCF7C4FF204610BD9098002070B582B0A4
:1034A0000546069C94420E460BD0A868D0F800C092
:1034B0000694DCF820403146A44602B0BDE87040D6
:1034C000604719460192009300F062F8DDE900328E
:1034D0000028EAD0062002B070BD00BF2DE9F043FD
:1034E00083B00F46194601920093DDE90A48DDE9F1
:1034F0000C65814600F04CF8DDE9003278B9B44241
:1035000020D0D9F8080039460768CDE90C65CDE927
:103510000A48FC69A44603B0BDE8F0436047002FA9
:103520002C602A7109DB3C44A64214BF0124062406
:10353000AC71002003B0BDE8F0830237F9D101235C
:10354000AB71F6E741464846CDE9002300F020F88C
:10355000DDE900230028D4D06A71EAE72DE9F041C3
:1035600007460E4615461C4600F082F850B9B8686A
:103570000168D1F818E023462A463146F446BDE8F2
:10358000F0416047BDE8F081704700BF0020704700
:10359000814211D008B5406803782A2B0AD04968C7
:1035A0000B782A2B08BF013106F030FCB0FA80F00E
:1035B000400908BD002008BD0120704770B50368B0
:1035C00084B000249E690394102315460293CDE92C
:1035D00000446B461268B0479DF8043003F00603C0
:1035E000062B03BF009B2B600120204604B070BD5A
:1035F000009890420CBF06200120704710B5034B85
:1036000003600446FFF7C0FF204610BD6498002009
:1036100010B5054B03600446FFF7B6FF20460821AE
:10362000FCF7FCFE204610BD6498002030B583B046
:1036300015460899069A8A4204460DD01946204636
:10364000FFF7A6FF28B1099A0699116001231571A9
:103650009371002003B030BD07990193FFF798FFE5
:10366000019B0028EAD0099B00205D7103B030BDAA
:1036700010B582B014460193FFF78AFF019B20B179
:10368000082106221C60D9601A7102B010BD00BF6B
:103690002DE9F041074616461D460C46FFF778FF18
:1036A00048B9032D07D823683246394620465B695E
:1036B000BDE8F0411847BDE8F08100BF10B50446F1
:1036C00082B000F089F82246036812F820194729D1
:1036D00005D0002B34D10260184602B010BD6178CD
:1036E0004E29F6D1A1785529F3D1E1784329F0D1BB
:1036F00021794329EDD161792B29EAD1A1792B29AF
:10370000E7D1E1790129E4D854F80C1C002914DB35
:10371000013144F80C1C416801394160934218BFE3
:1037200044F8103C636A18BF02602046019304F01D
:1037300049FA019B184602B010BDC1F10101E8E74A
:10374000FFF7D2FD08B500F043F803687BB393F8A8
:103750002020472A07D00022026003F12000BDE8A4
:10376000084004F031BA93F821204E2AF3D193F89F
:103770002220552AEFD193F82320432AEBD193F846
:103780002420432AE7D193F825202B2AE3D193F86C
:1037900026202B2ADFD193F82720012ADBD85A696B
:1037A000002A05DB013A08D0511C0ED05A6108BD31
:1037B0000132FBD119690160F8E71A69026003F16F
:1037C0002000BDE8084004F0FFB9FFF78DFD00BF01
:1037D0000048704744E200200048704744E200205F
:1037E000502870B51D461ED000F00F0384460E46CB
:1037F0000C2B55D8DFE803F0074426071E54545419
:10380000542A22071E00104650F8043B4BB10CF01E
:103810007001102918BF324613441CF0800F18BFE6
:103820001B682B6070BDD01C20F0030050F8043BD7
:103830002B6070BD104650F8083BE7E7104630F9A2
:10384000023BE3E7104630F8023BDFE70023104677
:10385000194610F8014B04F07F0E0EFA01FE14F029
:10386000800F43EA0E0301F10701F2D11F29CDD8E1
:103870006406CBD54FF0FF3404FA01F10B43C6E7E1
:1038800000231046194610F8014B04F07F0E0EFA83
:1038900001FE240643EA0E0301F10701F3D4B5E764
:1038A000FDF760F8FF281FD008B500F07003302B3B
:1038B00015D006D8202B0BD1BDE80840084604F0EF
:1038C00096BF402B07D1BDE80840084604F07CBFF6
:1038D00003D8002008BD502BFBD0FDF743F8BDE80E
:1038E0000840084604F080BF0020704730B503460A
:1038F00083B00D46144618B1019004F065FF019B9A
:1039000020602A4612F8015BFF2D2ED16060104620
:1039100010F8013BFF2B39D010234FF0000C23751A
:10392000624610F8011B01F07F03934009064CEA40
:10393000030C02F10702F4D400EB0C03E36010F86F
:10394000013B63754FF0000C624610F8011B01F05B
:103950007F0393404CEA030C0B0602F10702F4D4F8
:1039600000EB0C03236103B030BD194628460192D9
:10397000FFF798FF019A0146231D2846FFF730FF05
:103980000246104610F8013BFF2BC5D123750023DA
:10399000D4E700BF2DE9F04F00F0030397B00024F7
:1039A000012B02940C948946904600F0A680022BCD
:1039B0000AD14146484604F0EFFE002840F09280CC
:1039C000082017B0BDE8F08F002B40F01F8210F0E8
:1039D0000804EED110AB01250393039B0093002351
:1039E0000C2219464046CDF8409004F019F94046A3
:1039F00004F0F0FE05900028DBD044EA05030493B0
:103A0000029B039A05998DF8543040460023CDE976
:103A10001333FFF76BFF9DF8543002930446414681
:103A20001846139BDDF850A00693FFF73BFF0FAF3E
:103A300000230790194600970F22404604F0CAF869
:103A400054450F9B37D223F001039DF85550DDF804
:103A500040B05E1E00212846FFF724FF22460146A3
:103A60000DAB2846FFF7BCFE002104462846FFF7B1
:103A700019FF224601460EAB2846FFF7B1FE002192
:103A800004462846FFF70EFF224601463B462846DD
:103A9000FFF7A6FE04460020024614F8011B01F0C1
:103AA0007F03934018430B0602F10702F5D40D9BE8
:103AB0005B44B3421AD9049BDC0725D500252E466A
:103AC00000231946009740460D220C9C04F082F812
:103AD000059BC9E90B360F9BC9F82030C9E9094598
:103AE00006206EE7092017B0BDE8F08F0E9A134448
:103AF000B3425BD85445ADD3DDE710F008040AD0DB
:103B000010AB0393022568E7049B180700F17C8142
:103B1000484600F066FA10AB0D6A03930093029BCF
:103B20000D221946404604F055F8109B9D42E9D1FC
:103B3000039B0093029BCDF840900C22194640460F
:103B400004F06EF8D9F83060002EE1D0D9E90A53BC
:103B50000FAF0593002DC0F21281032400231A46F3
:103B6000194600974046CDF83C9004F059F80023E0
:103B700019460122009740460F9504F051F80023A2
:103B800019460F220097404604F024F80F9A009738
:103B900002F00102002332430F9240460F221946E1
:103BA00004F03EF8022C6ED007200AE70F9E002E8C
:103BB0003FF4FFAE119A1644002800F01581002E44
:103BC0003FF4F7AE049B013813F008030AEB00043E
:103BD0000A9300F00D818E4BC9F800308D4BC9F867
:103BE0000430029B089603F007030B934B464FF0FB
:103BF000000AB9464FF0010BCDF824801F4600257E
:103C00002A4614F8011B01F07F039340080645EA99
:103C1000030502F10702F4D41F2A08D80BFA02F3B5
:103C20005B4211F0400F43EA050318BF1D46002612
:103C30002046324610F8011B01F07F0393401E43DB
:103C40000B0602F10702F5D41F2A40D84B063ED5D9
:103C50000BFA02F35B421E43002D75D0049B022B2E
:103C60000FD0002D39DC069A6FF040435B1B02EB4E
:103C7000830817B10A9A002A6AD0D8F80030BBB17D
:103C80002EB13444BBE7484600F024F98CE73B46AC
:103C9000089EDDF824804F469946BAF1000F3FF4A4
:103CA00088AE049BDD073FF584AE0025022455E76E
:103CB0003B464F469946049B089EDDF82480DA0770
:103CC0003FF5FEAE002D3FF448AFFFF71BFB85B17B
:103CD000049B022BD4D0002DC5DD029BFF2B76D098
:103CE0000B9A042A00F29280DFE802F008902A087A
:103CF00026004FF0010A002EC3D1C8E7069BA3EBB4
:103D00008502079902984B46FFF76AFD0F9941B16A
:103D1000002FB5D00CAB0022384600F083F8002805
:103D2000AED03B464F469946049B089EDDF8248062
:103D3000D9073FF5C5AE10E7069BA3EBC502E0E748
:103D4000069BA3EB4502DCE74FF0010A344456E73B
:103D5000069A52F8231000293BD00C9B0F9303E0E6
:103D600058F8041F002934D041444B4600223846FD
:103D700000F058F80028F3D0002E82D187E7069B88
:103D8000039A059913934046029B8DF85430FFF730
:103D9000ADFD9DF85400DDF84CA04146FFF782FDD3
:103DA0006FF040435B1B0AEB83045AF8233033B1B6
:103DB0002246002352F8041F01330029FAD1C9E931
:103DC0000A300423C9F83440C9F83030C5E6069AF1
:103DD00097E73B464F469946049B089EDDF82480B2
:103DE000DB073FF56DAEB5E6002E7FF45AAFE0E598
:103DF00099F80730012B0CBF59F8203C09F1580302
:103E00000C93EEE6FFF75AFCFFF76EFAFCF7AAFDFB
:103E1000474E5543464F52001EB400F08DF81EBC6D
:103E200004F0CCFAF0B50278472A83B00C461F465E
:103E300019D0264E0020336801909B683046984781
:103E400078B1019B1B680193022523683146204607
:103E50001E6901AA0123B04738BB0546284603B0B6
:103E6000F0BD0125F1E743784E2BE2D18378552B45
:103E7000DFD1C378432BDCD10379462B1AD0432BF7
:103E8000D7D143792B2BD4D183792B2BD1D1C379A3
:103E9000012BCED850F8206C4FF0000301930ABFDD
:103EA0003046583056F8786CC5E7019B3B60284691
:103EB00003B0F0BD43794F2BBBD18379522BB8D1DE
:103EC000C0790028B5D1024EB5E700BFB0940020FC
:103ED0009C94002010B50446FFF77EFC234613F89F
:103EE0002029472A04D0826822BB8360012010BDAC
:103EF00062784E2AF7D1A278552AF4D1E278432A83
:103F0000F1D12279432AEED162792B2AEBD1A27921
:103F10002B2AE8D1E279012AE5D854F8042C0132A1
:103F2000012A44F8042CE1D1826844F8082C83600B
:103F3000012010BDFFF7D8F908B5FFF74DFC8368E5
:103F40007BB393F82020472A04D00022826003F13B
:103F5000200008BD93F821204E2AF6D193F82220A4
:103F6000552AF2D193F82320432AEED193F8242046
:103F7000432AEAD193F825202B2AE6D193F826206C
:103F80002B2AE2D193F82720012ADED8DA69013AF8
:103F9000DA61002ADBD1996981609A6103F120001E
:103FA00008BDFFF7A1F900BF0378472B17D143786D
:103FB0004E2B14D18378552B11D1C378432B0ED1BE
:103FC0000379432B0BD143792B2B08D183792B2BEE
:103FD00005D1C07901288CBF002001207047002046
:103FE000704708B550B10446FFF768FB2046FFF75D
:103FF000DBFF18B154F8140CFFF76EF9FFF774F9F2
:104000002DE9F04F83B00246FFF7CEFF38B152E9F9
:104010000674D2E90C69D2F828A0002505E0044610
:10402000074601258146064682461046FFF746FBB5
:104030000DB1FFF767F93846FFF760F9FFF73EFB70
:104040000DB1FFF751F9FFF7C3FBD0F8008098F8E6
:104050002730012B0CBFD8F8003008F1780300930B
:104060004FEA960B0027BA451DDD07FB0BF309EB62
:10407000830259F8236006B116446B46002231468C
:1040800008F12000FFF7CEFE08B1FFF7B7F933685B
:1040900001900E49304601AA1E690123B04728430A
:1040A000C5B20137DFE745B10420FFF763F8084BDD
:1040B000084A06490360FFF787F92046FFF70CF925
:1040C000FFF740FBFFF73EFBFFF7A6FEC49400207E
:1040D000BC9800200DFA010090F8A32090F8A200EF
:1040E000101A704790F8A23090F8A3209A4205D990
:1040F0005A1C034480F8A220987E70474FF0FF308E
:10410000704700BF90F8A23090F8A3209A4202D9DD
:104110001844807E70474FF0FF307047704700BFF3
:1041200090F83021034612B990F831212AB193F862
:104130002F21882A03D901225A600020704702F1FA
:10414000010C1A44012083F82FC182F8A510704792
:1041500090F83031944623B990F831210AB91046CD
:10416000704700B590F82FE183B0CEF189029445F5
:1041700011D862460346A530009270440193FCF7C3
:10418000ABF8019B009A93F82F111046114483F865
:104190002F1103B000BD01234360EBE72DE9F04F81
:1041A00043698046007E152598F8192083B003EBFB
:1041B00000103B4903EB0212007A92F8282001EB31
:1041C00000140001D4F80CA00F5801EB0210D4F831
:1041D00004901201C46851F802E0C9F80050C7F811
:1041E00084A07A68D0F804B042EA0A022D487A60C6
:1041F000CBF80050CEF88440DEF804202A4D22434C
:10420000CEF80420294A46682968A2FB0121890CBE
:1042100001EB810149004268921B9142FBD84FF0AB
:10422000090C204A214E0193BB6813EA0A0F03D000
:10423000DEF8083023422FD1CEF8884050682B6832
:10424000A6FB0331890C01EB810153681B1A9942CB
:10425000FBD8CEF8844050682B68A6FB0331890C4C
:1042600001EB810153681B1A9942FBD8BCF1010C88
:10427000DAD1019B604698F8182003EB0212D2684D
:10428000C9F8002098F8192003EB0213DB6ACBF879
:10429000003003B0BDE8F08F019B0120EBE700BFC9
:1042A000709B0020001000E02CAC002083DE1B433C
:1042B00010490269D1F800C006E0DB0108D40B68A0
:1042C000A3EB0C03102B08D8536913F0007FF4D133
:1042D0004FF4FE4301205361704700B583B0019253
:1042E000FFF75CFF019A18B14FF4FE4301205361C0
:1042F00003B000BD504604202DE9F04790F82F91FF
:10430000B9F1000F5BD082460F46D0F81080FFF75E
:10431000CFFF002853D03A4D00242E6819E0D8F87A
:10432000143019054ED4DA0453D4580559D49904DD
:104330003BD42A68921B322A37D84C4507D9D8F883
:104340005C20520703D19B0557D4002F55D0FEF7B0
:1043500077FD4C45E3D8D8F85C305807DFD403F03C
:1043600007034CB99AF8A5200133012442F4806276
:10437000042BC8F86020D2D0A14504F101020DD968
:104380000AEB040101331446042B91F8A520C8F868
:104390006020C4D0A14504F10102F1D81FB14FF44F
:1043A0000073C8F860301446B9E7D8F810304FF4FD
:1043B000007243F44073C8F81030C8F8602004203D
:1043C000BDE8F087D8F8103043F44073C8F81030D7
:1043D000F5E7D8F81030052043F44073C8F81030E2
:1043E000EEE7D8F810304FF40072022043F4407327
:1043F000C8F81030C8F86020E2E70020E0E700BF0E
:10440000504604202DE9F04F83B004460D46164671
:104410009946D0F810B0FFF74BFF002800F0A780B6
:10442000012E4FF000024FEA4505544F38BF0126D8
:104430009246EDB2D7F80080731EBAF1020FA4F8CD
:10444000A22043F48073019357D994F8A330872BAB
:1044500021D9DBF8141008053AD411F4105F70D19B
:104460003B68A3EB0803322B6BD894F8A330B3421C
:104470003ED3BAF1020F3BD9DBF85C305A0704D1C6
:104480008B052BD4B9F1000F28D0FEF7D9FC94F896
:10449000A330872BDDD8DBF85C1011F4E02FC1F3DB
:1044A000024CD6D09C4404F119015FFA8CFC1944EB
:1044B0000133DBF87000DBB2634584F8A33001F808
:1044C000010FC6D0882BF3D1DBF814100805C4D532
:1044D000DBF8103043F44073CBF81030DBF85C307D
:1044E00013F4E02F3CD194F8A30003B0BDE8F08FA3
:1044F000FEF7A6FCBAF1020FA7D8DBF85C00430771
:10450000A3D45146BAF1000F0BD140F201432B4323
:10451000CBF8603000F00703013153445B1A032BE2
:1045200029D8012909D0B9F1000F03D04FF4007345
:10453000CBF860304FF0030A87E7019BCBF860307F
:10454000E8E7DBF810304FF4007243F44073CBF827
:104550001030CBF86020DBF85C3013F4E02FC2D0D1
:10456000DBF8103043F40073CBF81030BBE70420C5
:1045700003B0BDE8F08F8A4667E700BF50460420CD
:1045800001690346D1F8142110B512F4706E84B09D
:1045900002F0020002F0010C26D178B3D1F870E1EC
:1045A0001EF4004F40D00020012483F8A2001844DC
:1045B00083F8A34080F81AE0BCF1000F21D112F477
:1045C000407F0FD093F8A30028B1D3F83C2112B15B
:1045D00000939047009B0022A3F8A220A3F82E216D
:1045E00083F8302104B010BDC1F814E10028E3D0F5
:1045F000D1F870E11EF4004FD5D115E0BCF1000FE9
:10460000F0D093F83001A8B193F82E0193F82FC1A0
:10461000844527D900F1010C184483F82EC190F885
:10462000A500C1F86001CAE793F8A3008728C3D8A2
:10463000441CBCE7D3F8384144B1CDE90203CDE9CD
:104640000012A047DDE90203DDE900124FF0000C83
:1046500083F82EC14FF0010C83F830C193F82FC1BD
:104660008445D7D80020C1F86001A8E70148FFF7CA
:1046700087BF00BF40AC00200148FFF781BF00BFEB
:1046800080AD00200148FFF77BBF00BFC0AE002017
:10469000DFF870C00022036961451A6116D8DFF89F
:1046A00068C0012012494FF43032C3F848C0586244
:1046B0009962DA62D3F848C000204FF0011101225C
:1046C000C3F850C0186299651A6170470948814261
:1046D00009D9DFF838C008480849C3F848C05A6209
:1046E0009862D962E6E7DFF828C00548F4E700BF22
:1046F000B80B05053F420F0060090101007F05006E
:10470000100E02027F1A06003B3728190A09070417
:104710001C1A120C30B504468E460068114640F251
:104720000122026123B31D46BEF1000F21D0724663
:1047300012F801CB9646013DC0F864C0026F9207A3
:1047400007D48C46013B426F19B10CF8012B61462E
:1047500020684269D207F1D5002DE5D143B1026F3F
:104760009207FCD4426F09B101F8012B013B03D140
:1047700030BD94F83CC0DEE72068026F9207EED4AB
:10478000F0E700BF43682DE9F04FD3E90041814DC8
:104790004FF0B80922684FF00F0B22EA01027E4960
:1047A0002260AA6911407D4A0A43AA6190F810E08C
:1047B0007B4A03EB0E0603EB8E0E317C02EB0111FC
:1047C0008968C1F8009090F811C003EB0C0503EB69
:1047D0008C0C95F8201002EB01118968C1F800904B
:1047E000817C03EB010803EB810198F830A002EB18
:1047F0000A1ADAF808A0CAF80090D4F800905F68A6
:1048000049EA0709C4F80090347CDEF814E002EBB2
:1048100004146468C4F800E095F82040DCF824C073
:1048200002EB04146468C4F800C098F83040496B87
:1048300002EB041252681160DA6B98F838101160BC
:10484000DA69317EDB6A116095F828201A6002224D
:1048500003681A61C3F858B0C27C002A32D072B61D
:10486000C37CDD0708D54FF0E0214469D1F88021F1
:1048700022408262C1F880219C0708D54FF0E021D8
:104880008469D1F884212240C262C1F88421590789
:1048900008D54FF0E021C469D1F888212240026395
:1048A000C1F888211A0708D54FF0E021046AD1F831
:1048B0008C2122404263C1F88C21DF065CD462B6B1
:1048C000C27C0368374D8168A9425FD03149856059
:1048D0008969354CC1F30117C1F38261334E54F835
:1048E00027400131B4FBF1F4B44230D80021C1605B
:1048F00000241C6103245C620724196401211C66E6
:10490000196112B3D60704D5816A4FF0E023C3F8CA
:104910000011950704D5C16A4FF0E023C3F80411D4
:10492000540704D5016B4FF0E023C3F808111107B9
:1049300004D5416B4FF0E023C3F80C11D30604D526
:10494000826B4FF0E023C3F81021BDE8F08F1849C7
:10495000A1FB0461090DB4FBF1F4AC4288BF013145
:10496000B1F5817F14D20229C0D902394C0804EB79
:10497000042441EA0421BAE74FF0E022416AD2F868
:1049800090310B408363C2F8903198E7C168AFE77C
:104990000849ACE700C00F40CFFFFFE3100000085C
:1049A000709B002000093D00D0990020FF083D00C9
:1049B00083DE1B43FF7F7F000BB1FFF7ABBE704769
:1049C0000023114A1149438680F834300370A3F55F
:1049D0007E03C0F81A20A3F57F430D4ADFF834C0E8
:1049E000C0F8161041F6FF71C0F82220FF22C0F86F
:1049F00026304CF21103C0F81EC00182C0F82A20F4
:104A0000C0F82E30704700BF1020010128140101AA
:104A1000FF0F0F0010200110C80B7047114101F06B
:104A20000100704770B50E461D461146C3687200FE
:104A3000044683F8A52040F20112A3F82F21C06894
:104A400003681B6898470021E068FFF755FC0123C5
:104A50003146E0681A46FFF7D5FC00230E4A2B705A
:104A6000E06803685B6993420ED190F8A23090F839
:104A7000A3209A420DD95A1C034480F8A22028781A
:104A80009B7E1843287070BD98472B781843287078
:104A900070BDFF20F6E700BF3908020090F800C0A3
:104AA000BCF1000F23D0034610B5002484B003E00E
:104AB0000134E2B2944517D913F8012F8A42F7D195
:104AC00000220DF10F0301908DF80F205D22FFF7FA
:104AD000A9FF01989DF80F302044807CC01AB0FADD
:104AE00080F0400904B010BD002004B010BD604645
:104AF000704700BF00B590F800E083B0BEF1000F32
:104B000018D00346864401E09E4513D013F801CF28
:104B10008C45F9D100230C2A8DF807300AD81E32B3
:104B20000DF10703D2B2FFF77DFF9DF8070080006B
:104B300003B000BD002003B000BD00BF38B504467F
:104B40001D46C3684800114640F2011283F8A500D3
:104B5000A3F82F21E068026812689047E0682946B0
:104B600003681B689847E0680121BDE83840FFF7FB
:104B7000C3BB00BF10B50446007884B0E0B1224644
:104B8000002301E0704517D912F801CF01338C459D
:104B90005FFA83FEF6D103AB5E2220460191FFF758
:104BA00041FF9DF80C305E22019923F03F0320461F
:104BB0008DF80C30FFF7C2FF04B010BD70B504785B
:104BC00082B064B315468446002301E0944226D99E
:104BD0001CF801EF01338E45DAB2F7D10C462E46B0
:104BE000054601AB5E22FFF71DFF00235E22214632
:104BF0002846FFF7A3FF5E229DF804302146284691
:104C0000FFF79CFF9DF804C05E22214666F3871CD7
:104C100028465FFA8CF38DF804C0FFF78FFF02B0CF
:104C200070BD00BF2DE9F041067896B3984617464F
:104C30000346002401E0AE422BD913F8012F0134C2
:104C40008A42E5B2F7D1B84525D90D46064600F1AE
:104C500035035E224124FFF7E5FE29463046FFF783
:104C600089FF2246434629463046FFF767FF621C0C
:104C700002343B462946D2B2E4B23046FFF75EFF2B
:104C80005B2CEED196F835305E2229463046FFF790
:104C900055FFBDE8F0814346B8461F46D5E700BF43
:104CA000F8B503788BB117460E460446054615F84D
:104CB000011F20463B463246FFF7B4FFA5EB040C2C
:104CC00020785FFA8CFC6045F1D8F8BD70B50478A7
:104CD0007CB316461D4686464FF0000C01E0944218
:104CE00027D91EF8013F0CF1010C8B425FFA8CF2C0
:104CF000F5D10C46290106F00702054601F07001C6
:104D000000F1350341EA02065E222146FFF78AFEE2
:104D100021462846FFF72EFF33465B2221462846D0
:104D2000FFF70CFF5E2295F8353021462846FFF745
:104D300005FF70BD70B5047882B0C4B315468446D3
:104D4000002301E0944232D91CF801EF01338E4573
:104D5000DAB2F7D12E4601AB5C2205460C46FFF7CE
:104D600061FE3F2E32469DF8041005F1350328BF41
:104D70003F222846012A38BF012262F305015E2244
:104D80008DF804102146FFF74DFE21462846FFF717
:104D9000F1FE5C229DF8043021462846FFF7CEFE46
:104DA0005E2295F8353021462846FFF7C7FE02B04F
:104DB00070BD00BFF0B5057885B0ADB303460024E3
:104DC00004E001345FFA84FC65452DD913F801CF66
:104DD0008C45F6D1174603AB5D2206460D46FFF71C
:104DE00021FE9DF80C2006F135032946304667F375
:104DF000471234448DF80C205E22FFF713FE29463B
:104E00003046FFF7B7FE9DF80C305D22294630464C
:104E10000193FFF793FE019B5E222946A37430465F
:104E200096F83530FFF78AFE05B0F0BD70B504780E
:104E300082B08CB315468446002301E094422BD9FE
:104E40001CF801EF01338E45DAB2F7D101AB5C22D9
:104E50000C462E460546FFF7E5FD9DF80420214649
:104E600005F13503284666F387128DF804205E228B
:104E7000FFF7D8FD21462846FFF77CFE5C229DF80F
:104E8000043021462846FFF759FE5E2295F835305A
:104E900021462846FFF752FE02B070BDF0B50578F6
:104EA00085B0ADB30346002404E001345FFA84FC0E
:104EB00065452DD913F801CF8C45F6D1174603ABC4
:104EC0005D2206460D46FFF7ADFD9DF80C2006F16C
:104ED00035032946304667F3C40234448DF80C206C
:104EE0005E22FFF79FFD29463046FFF743FE9DF8FF
:104EF0000C305D22294630460193FFF71FFE019BCF
:104F00005E222946A374304696F83530FFF716FE28
:104F100005B0F0BDF0B5057885B0ADB3034600240B
:104F200004E001345FFA84FC65452DD913F801CF04
:104F30008C45F6D1174603AB5D2206460D46FFF7BA
:104F400071FD9DF80C2006F135032946304667F3C4
:104F5000020234448DF80C205E22FFF763FD2946DF
:104F60003046FFF707FE9DF80C305D22294630469B
:104F70000193FFF7E3FD019B5E222946A3743046AF
:104F800096F83530FFF7DAFD05B0F0BD70B5144680
:104F900005460E46FFF7EEFDA378284631462B2244
:104FA000FFF7CCFDE378314628462C22FFF7C6FDFB
:104FB0002379314628462D22FFF7C0FD637931461B
:104FC00028462E22FFF7BAFDA379314628462F2224
:104FD000FFF7B4FDE379314628463022FFF7AEFDF6
:104FE000237A314628463122FFF7A8FD637A3146FD
:104FF00028463222FFF7A2FDA37A31462846332203
:10500000FFF79CFDE37A314628463422FFF796FDF0
:10501000237B314628463522FFF790FD637B3146DE
:1050200028463622FFF78AFDA37B314628463722E1
:10503000FFF784FDE37B314628463822FFF77EFDEB
:10504000237C314628463922FFF778FD637C3146C0
:1050500028463A22FFF772FDA37C314628463B22C0
:10506000FFF76CFDE37C314628463C22FFF766FDE6
:10507000237D314628463D22FFF760FD637D3146A2
:1050800028463E22FFF75AFDA37D314628463F229F
:10509000FFF754FDE37D314628464022FFF74EFDE1
:1050A000237E314628465B22FFF748FD637E31466A
:1050B00028465E22FFF742FDA37E314628467B222A
:1050C000FFF73CFDE37E314628467C22FFF736FDA4
:1050D000237F314628467D22FFF730FD637F31462E
:1050E00028467E22FFF72AFDA37F314628467F22ED
:1050F000FFF724FD6378227831462846BDE87040EA
:10510000FFF790BD70B50578E5B10346002403E0D4
:105110000134E2B2954215D913F8012F8A42F7D132
:105120000546802263230E462C44FFF707FD242307
:105130000120A374FAF7CCFE31462846FFF7AEFCF7
:10514000044610B90024204670BD284605F1160219
:105150003146FFF71BFF204670BD00BF30B5044647
:1051600083B008461546E16001930AF063FE019B97
:105170008BB92378032B07D8E21801330021237061
:1051800024235570517193742946204603B0BDE81D
:105190003040FFF7B7BF0249E068FFF779FAE8E768
:1051A000801A060070B50E461D461146C36872008F
:1051B000044683F8A52040F20112A3F82F21C0680D
:1051C00003681B6898470021E068FFF795F83146AF
:1051D00001230222E068FFF715F90023E0681E466C
:1051E0002B80036810495B698B4217D190F8A2307D
:1051F00090F8A3C09C4503F1010C034411D980F839
:10520000A2C0987E2B88B0401843288006B170BD9C
:10521000E068082603685B698B42E7D0984702493B
:10522000F0E74FF0FF30EDE73908020000B583B03A
:1052300000220DF10603FFF7B5FFBDF8060003B02D
:1052400000BD00BF00B590F800E083B0BEF1000FD4
:1052500019D00346864401E09E4514D013F801CFCF
:105260008C45F9D100230C2AADF806300BD8023258
:105270000DF10603520002F0FE02FFF793FFBDF8A6
:10528000060003B000BD002003B000BD70B50546A8
:105290001E46C0684B000024114680F8A53040F23D
:1052A0000113A0F82F31E86803681B689847E86885
:1052B00046FA04F108340368C9B21B689847102CF9
:1052C000F5D1E8680121BDE87040FFF715B800BFCF
:1052D00070B51446027882B06AB38446002304E0B5
:1052E00001335FFA83FE724525D91CF801EF8E4524
:1052F000F6D100EB030C0E4605464FF400438CF844
:1053000005400022FFF7C2FF5E2201AB314628466E
:10531000FFF788FB5E2223019DF8044031462846B2
:1053200003F0300324F03F0443F00C0323438DF8D3
:105330000430FFF703FC02B070BD00BFF8B503787E
:1053400073B10F4605460646002401343A4616F866
:10535000011F2846FFF7BCFF2B78E4B2A342F4D824
:10536000F8BD00BF10EE101A10EE902AA1F5000C47
:105370005000BCF1FE4F00F1FF336FF0807C7ED215
:10538000634538BF002080F0B980BFEE001B01F1FB
:10539000404303F54D03C3F3C3426FF31603C91A29
:1053A00007EE901ADB15B7EEE75A07EE903AAF4BCF
:1053B00003EB021292ED024B92ED002B00B5A2EE30
:1053C000051B93ED403B93ED426B93ED442BA1EE17
:1053D000036B93ED465BB8EEE77B37EE047B93ED12
:1053E000484BA1EE025B2DED028BA1EE047B21EE7A
:1053F000018BB7EEE00A28EE083BA8EE057BA6EE8F
:10540000037B20EE077B17EE903A48F2BF01C3F30F
:10541000CF338B4283B04CD2B7EE000B944B93ED5D
:10542000402B37EE023B13EE102A33EE423B02F0E4
:105430001F01801803EBC10293ED424B37EE437B13
:1054400053F831C0D2F804E093ED446B93ED465B22
:10545000A7EE046B27EE074B002111EB0C020EEBBD
:10546000C033A7EE050B43EC172BA6EE040B20EE82
:10547000070BB7EEC00B03B0BDEC028B00BD63455C
:1054800080F0B1804B00581E604580F09380002969
:105490004BDB0020B1F5000FBFF477AFDFED757A7D
:1054A00020EE270A10EE103A23F00043A3F13861F2
:1054B0006BE79FED666BB4EEC67BF1EE10FA16DC7F
:1054C0009FED646BB4EEC67BF1EE10FA43DD4FF056
:1054D0004C53002860D00193DDED016ABFEE006AF5
:1054E00076EE666AF4EE466AF1EE10FA94D003B0F6
:1054F000BDEC028B5DF804EB00F0E6B9002869D042
:10550000B1F17E5F3FD0B0F17F4F69D14B00B3F175
:10551000FE4F6FEA020234BF00230123D20F9342F1
:1055200000F08F809FED540A7047C2F3C7537E2B63
:1055300027D9962B64D80120C3F1960300FA03F310
:10554000581E10421DD1134214BF01200020000438
:1055500021F000419EE79FED416BB4EEC67BF1EE7A
:1055600010FA30D99FED3F6BB4EEC67BF1EE10FA26
:105570007FF552AF03B0BDEC028B5DF804EB00F099
:105580009DB900F0B9B982F480035B0013F5000FF8
:1055900026D8B7EE000A70470093DDED006AB7EE3B
:1055A000006A76EE866AF4EE466AF1EE10FA3FF48F
:1055B00033AF9CE7002920EE000A23DB0020BBBBB1
:1055C0009A423CDB704703B0BDEC028B5DF804EB04
:1055D00000F06EB981F480035B0013F5000FD8D999
:1055E00030EE200A70470028F4D04B00B3F17F4F13
:1055F000F6D8B0F17F4FF3D1B3F1FE4F87D1C8E7B2
:105600000020A5E7C2F3C751A1F17F001728D5D824
:10561000C1F19600012101FA00F000F1FF3C1CEA03
:10562000020FCBD11040CAD0B1EE400A0846C6E7FF
:10563000002AC7DAF7EE007A87EE800A704700F09A
:1056400049B920EEA00A7047AFF3008071D5D1FFB1
:10565000FFFF5F40E2AAA3FFFFFF5F4000000000E2
:1056600000C062C00000000000A062C0B01F0020A7
:10567000C00400200000004B0000000010B510EE38
:10568000102AC2F30A53B3F57D7FB7EEC06A84B027
:105690001BD226EE067BB3F5667F6CD326EE072B76
:1056A00027EE021B714B93ED1A3B93ED185B93EDC4
:1056B000164BA7EE035BA2EE046BB0EE460BA5EE15
:1056C000010BB7EEC00B04B010BD40F22E418B426F
:1056D00059D8664A92ED087B26EE077BFDEEC77B24
:1056E00092ED0A5B17EE903A03F500031B1699073B
:1056F00007EE903A54BF114602F17001DC07B8EE94
:10570000E77BA7EE456B26EE067B1DD403F0030373
:1057100002EBC30291ED185B92ED000B91ED1A3B89
:1057200026EE000BB0EE456B91ED164BA7EE036B2A
:1057300020EE075B27EE057BA5EE040BA6EE070B1C
:10574000B7EEC00B04B010BD91ED144B27EE075B14
:1057500091ED126B91ED0E2BA7EE046B27EE054B2E
:1057600091ED0C0B91ED103BA7EE020BA5EE030B98
:10577000A6EE040BE4E712F0FF4FE3D1B7EEC77BD0
:105780008DED037ADEE7B3F5FF6F4CD2C2F3836190
:10579000374B8DED010A03EB810C53F82110C2F356
:1057A0001603C2F3C25043F400038340DCF8200028
:1057B000DCF810C003FB01F1A3FB00E0E3FB0C01EC
:1057C00001F100539C0F03F04043C91A01F048FE59
:1057D000019A9FED246B04EBD27241EC170B9007FA
:1057E00054BF224B234B27EE067BE10727EE076BC6
:1057F0001ED41E4901EBC20293ED185B93ED1A3BD8
:1058000092ED000B93ED164B27EE000BB0EE457BAF
:1058100020EE065BA6EE037BA5EE040B26EE056BE1
:10582000A7EE060B8CE704B0BDE8104000F064B8AA
:1058300093ED144B26EE065B93ED127B93ED0E2B4E
:10584000A6EE047B26EE054B93ED0C0B93ED103B7F
:10585000A6EE020BA5EE030BA7EE040B70E700BF4C
:10586000AFF30080182D4454FB21193CD8200020B0
:10587000E09900204821002010B582B08DED010A8A
:10588000044604F0ADFA9DED010A046002B010BDBB
:1058900030B1F1EE407A27EE800A2220FFF7ECBF0C
:1058A000F0EE407A27EE800A2220FFF7E5BF00BF26
:1058B0009FED010AFFF7ECBF000000109FED010A09
:1058C000FFF7E6BF0000201A9FED010AFFF7E0BFD7
:1058D000000000709FED070AF7EE007ABFEE007A35
:1058E00000284FF0220047FE877A87EE800AFFF7F4
:1058F000C3BF00BF0000000070EE407AB4EE400A63
:1059000087EEA77AF1EE10FAB0EE470A02D6212010
:10591000FFF7B2BF704700BF000000002DE9F04361
:105920002DED0A8B8BB08DED000B0199DDF800E0B9
:105930004FEA115C11EE903A0CF1FF3440F2FD7227
:10594000944211EE100A4FEA135500F2CC80C5F3D1
:105950000A02A2F2BE347F2C98BF002000F23381ED
:10596000BFEE008BD54AD64B8A18C2F3463C03EBF8
:105970004C1493ED006B93ED027B94ED122B94EDA0
:10598000183B94ED160B141505EE104A6FF3130235
:10599000B8EEC55B93ED049BA5EE060BA5EE073BA9
:1059A00093ED08AB93ED105B93ED067B93ED0CBB91
:1059B00093ED0A6B93ED0E4BBEF100048D1A45EC8E
:1059C0001C4BACEE028BA8EE054B28EE092B38EEF3
:1059D000005BA8EE0A7BA8EE0B6B30EE450B30EEB9
:1059E000080B33EE000B28EE023BA3EE046BB0EE87
:1059F000434BA3EE067B98EE024B28EE038B30EE72
:105A0000046B35EE034B35EE445B35EE035B36EE4F
:105A1000056BA8EE076B34EE062B21EE025B15EE4C
:105A2000902A6FF47273C2F30A5C63443E2B00F257
:105A3000FD8034EE424B34EE064BA24BB0EE457B7C
:105A400093ED028B91EE027BA1EE047B93ED003B84
:105A5000B0EE480B93ED046BA5EE030B10EE101A9D
:105A600030EE480B93ED062BA0EE065BB0EE451B27
:105A700093ED0E4BA0EE021B37EE017B93ED0C6B0A
:105A800027EE072B01F07F02921802F10F0403EBBF
:105A9000C202A7EE046B92ED1C4B03EBC40293ED24
:105AA0000A3B93ED085B53F834E05568A7EE035BBF
:105AB0004018002422EE023B37EE047B14EB0E026A
:105AC000A2EE057B05EB4033A3EE067BBCF1000F95
:105AD00000F0BB8043EC102BA7EE000B0BB0BDEC2D
:105AE0000A8BBDE8F083021843EB03046FF0010753
:105AF000561EA04644F1FF34B7426FF4001676EB11
:105B00000404C0F059811EEB0E0241EB01046FF05A
:105B10000107561EA04664F10004B7426FF4001658
:105B200076EB0404C0F01F810029C5F30A0280F25D
:105B3000758140F2FE34A24240F3F48040F23344D7
:105B4000A24200F37281A61A4FF0FF38A6F1200797
:105B5000C6F120040294039708FA06F408FA07F73E
:105B60002743029C28FA04F4274308FA06F420EAA3
:105B7000040423EA07073C4340F0D480029C039FBF
:105B800003FA04F4F0402043FB40184300F0010006
:105B90008004A2F2BE337F2B21F0004123D8CCF346
:105BA0000A0CBCF1000F7FF4DBAE9FED407B9DED56
:105BB000006B26EE077B53EC172B23F00041964633
:105BC000A1F15071CCE6041843EB03066FF0010815
:105BD000671EB1466FF4001C46F1FF36B8457CEBFA
:105BE000060CC0F02481384B994208BFBEF1000F6B
:105BF00000F0B68040F2BD339A42334B4AD9BEF131
:105C0000010F71EB030334BF01220022B5F5006FD1
:105C10002CBF002301239A424FF000000ED10BB09D
:105C2000BDEC0A8BBDE8F04300F098BB002BC0F23E
:105C30008280BCF5816F2AD9002AF0DB0BB0BDEC65
:105C40000A8BBDE8F04300F091BBA14280F2A08036
:105C5000B7EE004B03F17F5101F50011104641EC06
:105C6000150B27EE057B35EE076BB0EEC63BB4EEA9
:105C7000C43BF1EE10FA29D49FED0E0B26EE000B7B
:105C80000BB0BDEC0A8BBDE8F04300F09FBB4FF0BA
:105C9000000CCEE6002272458B41B7EE000B34BFFC
:105CA00031EE000B30EE410B18E700BF00000000A2
:105CB000000030430000000000001000AB6A19C073
:105CC000680F0020080600200000F03FB5EEC06B12
:105CD000F1EE10FA01D5BFEE004B36EE042B35EE97
:105CE000465B34EE423B35EE075B33EE067B37EE28
:105CF000057B37EE027B37EE446BB5EE406BF1EE81
:105D000010FA04D1002201F0004343EC162B9FED62
:105D1000715B8DED065B9DED067B27EE057B8DEDC2
:105D2000087BA9E79DED000B0BB0BDEC0A8BBDE82D
:105D3000F04300F03BBBB7EE000B35EE000B002844
:105D40003FF4CCAEB1EE400BC8E61EEB0E0E674B37
:105D500081F400214FF00002494172458B4158D334
:105D6000B7EE000BBAE69DED007B002927EE070B8E
:105D70006FDB002052EA080240F09980002BBFF64A
:105D8000ADAE0BB0BDEC0A8BBDE8F04300F0F6BA47
:105D900003F140419FED516B01F57001104641EC5C
:105DA000100BA7EE000B20EE060B0BB0BDEC0A8B20
:105DB000BDE8F04300F016BB52EA0800C5D01EEB68
:105DC0000E0E4B4D4FF0000441EB0100744575EB96
:105DD000000C01461DD3A84508BFA24219D1454A6F
:105DE000904208BFA645BBD0424ADB4391424FEAEE
:105DF000D37334BF00210121994268D09FED390B44
:105E00006CE60018394983F400235B41A2429941B2
:105E1000A6D29DED007B37EE010B5FE6A2F2BE330A
:105E20007F2B3FF6E7AE0020BBE60020B1E654EA48
:105E300009028AD0304D0022A94208BF9645E0D021
:105E400019F5001F08BF9442E3D11EEB0E0E494125
:105E5000CAE7C5F30A01A1F2FF34342C89D8C1F591
:105E600086614FF0FF34A1F11D0C033104FA0CF6EA
:105E700004FA01F5C1F1200E354324FA0EF635433C
:105E80008C4020EA040423EA05052C437FF471AF1B
:105E900020FA01F103FA0EFE41EA0E0123FA0CFC8E
:105EA00041EA0C0111F001010DD1084662E7002B17
:105EB000BFF614AEB7EE006B86EE007B8DED047B73
:105EC0009DED040B0AE60120B1EE400B52E721EEF6
:105ED000010B03E6000000000000100000000000BD
:105EE0000000007F00000000000000000000F0FF44
:105EF0000000E0FF0000E07F0000F03F10EE103AED
:105F000023F00042B2F1FF4FF0EE407A0DD3002BA8
:105F1000334BD3ED006A93ED007A86EEA70AACBF4F
:105F200030EE070A30EE470A70472E498A4227D8DA
:105F3000B2F1105F31D300B5B2F17E5F83B034D3DC
:105F40008DED000A00F0E8FF274AD2ED007A20EE3E
:105F5000270A00F0ABFE244A2149009BD1ED007ACC
:105F600092ED006A92ED007A37EE007AC6EE076A8B
:105F700037EEE60A002BB8BFB1EE400A03B000BD11
:105F800017491A4A91ED000AD2ED007A30EE670AFD
:105F9000002BB8BFB1EE400A7047114B93ED000AD9
:105FA00030EE270A20EE270A70470F4A8DED010ACE
:105FB000D2ED007ACDED007A00F0AEFFDDED007A93
:105FC00027EEC00A00F072FE074A019BD2ED007A6C
:105FD00077EE807AB1EE407A87EE270ACAE700BFF3
:105FE000809E0020FFFFAF4194A1002090A10020DF
:105FF00000000000B0EE407B17EE903A1B4A23F001
:10600000004393421AD91A4A934202D930EE400B08
:10601000704700B585B0684600F02CF800F003002A
:1060200001289DED000B9DED021B12D002280AD025
:1060300090B9012000F0E2FD05B000BD9FED091B05
:10604000002000F0DBBD012000F0D8FDB1EE400BD8
:10605000F2E700F03BFDEFE700F038FDB1EE400B5A
:10606000EAE700BF0000000000000000FB21E93F5C
:10607000FFFFEF7F2DE93048B0EE407B17EE904AEE
:10608000A04B24F0004199428AB06ED99E4B9942B0
:106090001CD8002C9FED8B6B40F3F28030EE467BDA
:1060A000A3F51B23A3F5F06399426FD09FED875BA7
:1060B00037EE456B37EE467B37EE457B80ED006B68
:1060C00080ED027B01200AB0BDE830888F4B9942F9
:1060D000054668D98E4B994251D84FEA215C10EEA3
:1060E00010BAACF2164CA1EB0C535A4643EC172BEA
:1060F0009FED784BBDEEC75B0AA8B8EEC55B37EEE7
:10610000457B27EE047BBDEEC76B8DED045BB8EEDF
:10611000C66B37EE467B8DED066B27EE047B8DED6F
:10612000087B032130ED027BB5EE407BF1EE10FAE7
:106130000B4601F1FF31F5D0764A0192022200921E
:106140002946624604A800F061F9002CBBDA95EDFF
:10615000006B95ED027BB1EE466BB1EE477B85EDB2
:10616000006B85ED027B4042ADE70022002380ED0D
:10617000000BC0E9022300200AB0BDE8308830EEF1
:10618000407B80ED027B80ED007BF4E79FED535B6D
:106190009FED546B37EE467B37EE456B37EE467B13
:1061A00037EE457B8AE7039100F0BEFEB6EE007B3A
:1061B0009FED4E5BA0EE057BFDEEC77B9FED436B35
:1061C00017EE900A9FED3F4B1F28B8EEE75B03994F
:1061D000A5EE440B25EE067B30EE476B1ADC4E4BEA
:1061E000421E53F822308B4214D085ED006B30EE06
:1061F000460B30EE470B002C85ED020BBFF663AF6C
:10620000B1EE466BB1EE400B85ED006B85ED020BF8
:10621000404258E716EE903AC3F30A53C3EB1153CA
:10622000102BE2DDB0EE404B9FED2E6B9FED2B3B34
:10623000A5EE464B30EE447BA5EE467B95EE037B08
:1062400034EE476B16EE903AC3F30A53C3EB215377
:10625000312B04DCB0EE440B85ED006BC7E79FEDFE
:10626000256BB0EE440B9FED253BA5EE460B34EEBF
:10627000407BA5EE467B95EE037B30EE476BB4E7A3
:10628000264B30EE067B99420ED09FED105B37EE29
:10629000056B37EE467B37EE057B80ED006B80EDBE
:1062A000027B4FF0FF300EE79FED0C5B9FED0D6B17
:1062B00037EE067B37EE056B37EE467B37EE057B18
:1062C000EBE700BF00004054FB21F93F3163621A45
:1062D00061B4D03D00000000000070417370032ED7
:1062E0008A19A33B0000601A61B4D03D83C8C96D10
:1062F000305FE43F0000002E8A19A33BC1492025EE
:106300009A837B39FB21E93F7BD90240FB2139414C
:10631000FFFFEF7F98A10020009E0020FB21F93FA6
:1063200010B582B08DED000B044603F059FD9DEDD4
:10633000000B046002B010BD82B058B1B1EE407BDA
:106340008DED007B9DED007B222020EE070B02B03F
:10635000FFF7E6BFB0EE407BF2E700BF9FED010B19
:10636000FFF7EABF00000000000000109FED010BE6
:10637000FFF7E2BF000000000000007082B00028BC
:10638000BFEE006BB7EE007B07FE067B8DED007B5A
:106390009DED000B9FED037B222080EE070B02B0EA
:1063A000FFF7BEBF0000000000000000B4EE400B8D
:1063B000F1EE10FA30EE407B87EE076BB0EE460B45
:1063C00002D62120FFF7ACBF704700BFB5EE400BEF
:1063D000F1EE10FA00D070472220FFF7A1BF00BFF6
:1063E000000000009FED076BB0EEC07BB4EE467B73
:1063F000F1EE10FA00DC70472220FFF791BF00BFDA
:10640000AFF30080FFFFFFFFFFFFEF7F2DE9F04FAD
:106410002DED088BADF5157D1C4603938B46C34BC4
:10642000A69912F1140F53F82150814604F1FF3858
:10643000C0F26C82BE49D31E81FB0301DB17C3EBA4
:10644000A10304930133A3EB8303DB00D31815EB03
:10645000080106931DD4049BA7980131A3EB080300
:106460009FEDAC6B19441CAA0AE050F8234007EEDC
:10647000904A0133B8EEE77B8B42A2EC027B08D056
:10648000002BF2DAB0EE467B01338B42A2EC027BAA
:10649000F6D1002DC0F2BF82039BB8F1000F6CAFA4
:1064A000404605EB030CC0F2A782039B1CAE06EB33
:1064B000C306DC0009EBC3019FED967B32464B46D9
:1064C000B3EC025B32ED026B8B42A5EE067BF7D19B
:1064D00001306045A7EC027B06F10806ECD107AB62
:1064E0009FED8E9B9FED8F8B0DF1200A03EB8503B3
:1064F000069805934C440AEB85076CAE0095CDF8E1
:106500001CB00DEBC503002D93ED6C0B4FEAC502DB
:1065100015DDB318514620EE097B33ED025BB0EE7A
:10652000406BBDEEC77BB342B8EEC77BA7EE486BAE
:10653000BDEEC66B37EE050BA1EC016AEBD1CDE9E0
:10654000010200F0FBFCB0EE40ABB4EE000B2AEE13
:10655000000B00F06FFDB2EE007B0198A0EE47ABA0
:10656000BDEECABB0028B8EECB7B029A3AEE47AB31
:1065700071DD691EC0F118035AF821E04EFA03FCE0
:106580000CFA03F3AEEB030EC0F1170B1BEE103A3F
:106590004EFA0BFB6344BBF1000F0BEE103A4AF8C6
:1065A00021E000F3C780B5EE40ABF1EE10FA63D105
:1065B000009B9D420FDD4FEA850C0AEB850300210D
:1065C000964653F8042DBB4241EA0201F9D17246C6
:1065D000002940F01281009B013B05F1010C5AF8A3
:1065E0002330002B40F00781059B0121964653F88C
:1065F000042D0131002AFAD072462944049B03EB92
:10660000050E039B1D44A79B0DF5DC7B03EB8E0E53
:106610001CAB03EBC50593449EED017AB8EEC77B36
:10662000B8F1000FA5EC027B0EF1040E9FED397B53
:1066300009DB2A464B46B3EC025B32ED026BA34208
:10664000A5EE067BF7D10CF1010C8C45ABEC027B7F
:10665000E2DD0D4655E700F0B480B6EE007BB4EE07
:10666000C7ABF1EE10FA80F23E81B5EE40ABF1EE31
:1066700010FA4FF0000B9BD0069CB0EE4A0B604224
:106680000195D946009DDDF81CB000F057FC9FED48
:10669000256BB4EEC60BF1EE10FA019BC0F2BE8181
:1066A0009FED1E7B20EE077BBDEEC77B1834B8EE56
:1066B000C75BA5EE460BBDEEC00B069410EE102A8C
:1066C000B7EE000B4AF823205C1C17EE103A069830
:1066D0004AF8243000F032FC002C80F2AA80A69BFD
:1066E000022B00F3CF81002B00F3D48107D19FED63
:1066F000097BB9F1000F40F0A2818BED007B1BEE0E
:10670000103A03F007000DF5157DBDEC088BBDE8D0
:10671000F08F00BF0000000000000000000000003B
:106720000000703E0000000000007041F09D00205D
:10673000ABAAAA2A0133002D0BEE103A40F38F8149
:1067400051464FF0000E51F8043B3BBB0EF1010ED9
:106750007545F8DC9E4600280BDD012800F0BB8063
:10676000022806D1691E5AF82130C3F3150C4AF8E5
:1067700021C0BBF1020F7FF416AFB7EE000B30EE75
:106780004AABBEF1000F3FF40EAFCDE9010200F0BD
:10679000D5FBDDE901023AEE40AB04E7C3F18073BB
:1067A00041F8043C6FF07F4C04E00B68ACEB030352
:1067B00041F8043B0EF1010E7545F6DC4FF0010E79
:1067C000C9E76B1E5AF823304FEAE35BBBF1000FB9
:1067D0007FF7E9AE1BEE103A002D03F101030BEE3B
:1067E000103AADDCBBF1020F7FF4DDAEB7EE007BFB
:1067F00037EE4AABD7E6614600E7D946DDE9063B0E
:106800006C1EA3F118025AF82430009D069243B979
:1068100007AB634453F8041D013C183A0029F9D032
:1068200006920698B7EE000B00F088FB002CFFF6EE
:1068300056AF9FEDA05B0AF104036EA903EB84033E
:1068400001EBC4016CAEE20033ED017A5345B8EEC2
:10685000C77B27EE007B20EE050B21ED027BF3D1F9
:1068600044A916448C46274600209046002D9FEDF3
:10687000937B0FDB934AB646002307E0B2EC025B42
:10688000BEEC026B9D42A5EE067B03DB984203F152
:106890000103F3DA013F7B1CACEC027B00F1010049
:1068A000A6F10806E2D1A69B022B424659DC002B3A
:1068B00031DC7FF424AF9FED817B01F10803434479
:1068C00033ED026B994237EE067BF9D1B9F1000F37
:1068D0003FF413AFB3E0691E5AF82130C3F3160C2E
:1068E0004AF821C045E71BEE103A002D03F10103E1
:1068F0000BEE103AC8BF4FF0020B3FF721AFB7EED7
:10690000007B37EE4AAB4FF0020B4CE600216FF0F4
:10691000170304919AE50B46B3EC027B9FED676B7E
:106920001A4412ED025B1346083A914236EE056BAB
:10693000F7D1B9F1000F79D18BED006B37EE467BC3
:1069400064B10122B3EC026B0132944237EE067B54
:10695000F8DAB9F1000F01D0B1EE477B8BED027B85
:10696000CDE6A69B032B7FF4CAAE002C00F08F80EF
:106970008D1895ED006B2B46284630ED027BB0EE6E
:10698000465B884236EE076B37EE467B80ED006B48
:1069900037EE057B80ED027BEFD1012C77D095EDB2
:1069A000006B01F1080033ED027BB0EE465B9842CC
:1069B00036EE076B37EE467B83ED006B37EE057BDB
:1069C00083ED027BEFD19FED3D7B831801F1100237
:1069D00033ED026B9A4237EE067BF9D191ED005B05
:1069E00091ED026BB9F1000F2CD18BED005B8BEDBB
:1069F000026B8BED047B82E69FED307B431C63458D
:106A000087ED007B00F1020005D0604587ED027B39
:106A100007F11007F2D1039BDC0060E5BDEEC00B6F
:106A20001C4610EE102A4AF82320FAE6B1EE465B27
:106A300037EE467B8BED005B002C82D18CE7B1EE0C
:106A4000477B5AE6B1EE455BB1EE466BB1EE477B54
:106A50008BED005B8BED026B8BED047B4FE6012829
:106A600007D002287FF4BEAECEF315034AF82130DA
:106A7000B8E6CEF31603BBF1020F4AF821307FF4DB
:106A800092ADB3E6A69B032B7FF439AE44A99FEDEC
:106A90000B7BA3E79DED447BB9F1000F05D00022ED
:106AA0004FF00043CBE9002356E700220023CBE957
:106AB000002353E7000000000000703E00000000CB
:106AC00000000000800400200000000010EE903A5A
:106AD00023F00043B3F1795F2DED028B2ED2FDEE52
:106AE000C07B17EE903A002B65D020EE007B9FED27
:106AF000352B9FED363B9FED374B9FED385B9FED80
:106B0000396B9FED3A8BA7EE082BA7EE023BA7EE61
:106B1000034BA7EE045BA7EE056B26EE076B21EE99
:106B2000401BB6EE005BA7EE061BB7EE000B97EE20
:106B3000051BBDEC028B30EE410B70479FED212B06
:106B400020EE007B9FED213B9FED224B9FED235BD1
:106B50009FED246B9FED258B264AA7EE082B9342D1
:106B6000A2EE073BA3EE074BA4EE075BA5EE076B77
:106B700026EE076BD3D9204A934217D8B7EE005BB5
:106B80000020A3F5001141EC140B35EE445B21EE1F
:106B9000401BB6EE003BA7EE061B97EE034BBDEC89
:106BA000028B34EE414B35EE440B7047B6EE075B7B
:106BB000B5EE024BEBE7B7EE000BBDEC028B704776
:106BC000AFF30080C4B1B4BD9EEE213EAD529C80B7
:106BD0004F7E92BE9015CB19A001FA3E7751C11697
:106BE0006CC156BF4C5555555555A53FD43888BE38
:106BF000E9FAA8BD3233D33F0000E93F10EE903AE6
:106C000023F00043B3F1795F04D2FDEEC07B17EEB1
:106C1000903A5BB320EE007B9FED162B9FED173B68
:106C20009FED184BA7EE023B9FED185BA3EE074BC1
:106C30009FED186BA4EE075BA5EE076B20EE075BDC
:106C400030B99FED164BA7EE064BA4EE050B70472F
:106C50009FED144B26EE456BB6EE003BA1EE036BA9
:106C600096EE071BA5EE041B30EE410B704700BFEC
:106C7000AFF300807CD5CF5A3AD9E53DEB9C2B8A07
:106C8000E6E55ABE7DFEB157E31DC73ED561C11989
:106C9000A0012ABFA6F810111111813F4955555581
:106CA0005555C5BF495555555555C53F10EE100AA8
:106CB0008A4A20F00043934200F000402BD9B3F100
:106CC000FF4F00F28F8000F0E380002840F08D80BD
:106CD000834A934200F2FF809FED827A20EE077A8A
:106CE000F6EE007A77EE877A9FED7F6ADFED7F6AB6
:106CF000FDEEE77AB8EEE77A17EE903AF0EE407ADA
:106D0000E7EE467A27EE267A37EEC70A77EEC07AA4
:106D100077EEC77A07E0764A934255D8B3F14C5FD5
:106D2000C0F090800023B6EE003A20EE034ADFED7B
:106D3000716A9FED716ADFED714A9FED715A20EE25
:106D4000047AF7EE003AA7EE266ADFED6E6AE6EE09
:106D5000074AB0EE086AE4EE876AF1EE085AA6EE3A
:106D6000875AF0EE636AE5EE076AA4EE666AE0EE23
:106D7000465A36EEC66AC6EE256A66EE876A002B6C
:106D80005BD076EEE76A5A1CD6EE807A77EEC77A49
:106D900077D0012B5FD05A1C392A4FEAC35140D813
:106DA000162B7BDC4FF0807242FA03F3C3F17E5363
:106DB00007EE103A77EEC07A77EE677A17EE903AE0
:106DC000CB1800EE103A70474F4A93421DD8DFEDC2
:106DD000467A00284FD09FED4D7A70EE277A4FF01B
:106DE000FF3391E730EE000A7047DFED497A70EE2D
:106DF000277AF5EEC07AF1EE10FA69D49FED397A70
:106E0000FEEE007A20EE077A6CE79FED367AFEEE12
:106E1000007AF6EE006A002820EE077A46FEA77A8E
:106E200060E777EEC07A73EEE77A17EE903A19448E
:106E300007EE901A37EEE30A704790EE267A30EEAE
:106E4000470A7047DFED337A70EE277A77EEE77AFC
:106E500030EE670A7047BDEE007AB4EEC70AF1EE75
:106E600010FA2CD530EE033AB8EE000A77EEC37A6A
:106E700027EE800A70479FED1D7A70EE677A012336
:106E800042E770EE677ABEEE000AA7EE830A70470B
:106E9000FFEE007A002800FE270A7047C3F17F0347
:106EA000DB0507EE103A77EE877A30EE670A30EEB0
:106EB000230A10EE103A0B4400EE103A704770EEC1
:106EC000677AB0EE007AE7EE873AB0EE630A704771
:106ED000BFEE000A7047FEF7F7BC00BF43B895410C
:106EE0001772B1423BAAB83F8071313FD1F71737D3
:106EF0001872B13EBBED57B4547E8636CD70A6B83D
:106F0000898808BD010DD03A9115853FD1F717B793
:106F10006042A20DCAF2497110EE103A23F000430C
:106F200000EE103A704700BF10EE901A53EC102B91
:106F300021F0004343EC102B704700BF53EC102BA3
:106F4000C3F30A5C00B51946BCF1000F2BD123F046
:106F50000041114326D09FED297B344920EE077B69
:106F6000884253EC172B42DBC3F30A5C1946ACF1A1
:106F7000360C4CF2503E70451CDC604440F2FE7C06
:106F8000604517DC002825DC10F1350F29DB363091
:106F90006FF31E519FED1B7B41EA005343EC102B16
:106FA00020EE070B00BD40F2FF7EF445E1D130EE4C
:106FB000000B00BD002B9FED157B04DB9FED130B39
:106FC00027EE000B00BD9FED137B9FED100B27EE0E
:106FD000000BF7E76FF31E5141EA005343EC102B0F
:106FE00000BD002B9FED0D7B01DA9FED0E7B9FED29
:106FF0000B0B27EE000B00BDAFF30080000000007C
:1070000000005043000000000000903C9C75008888
:107010003CE4377E9C7500883CE437FE59F3F8C2A7
:107020001F6EA50159F3F8C21F6EA581B03CFFFF8A
:107030000000000000B583B08DED000B01990098B1
:10704000C1F30A52A2F2FF33132B25DC002B45DBE0
:107050003A4A1A4101EA020C5CEA000C21D09FED89
:10706000357B9DED006B36EE077BB5EEC07BF1EE18
:1070700010FA0BDD4FF4801040FA03F30B4413EACF
:10708000210338BF0B4623EA020100200B460246CB
:1070900043EC102B03B000BD332B06DDB3F5806F3E
:1070A0002AD09DED000B03B000BDA2F213424FF0B9
:1070B000FF3C2CFA02F21042F3D09FED1E7B9DEDB7
:1070C000006B36EE077BB5EEC07BF1EE10FADDDD2E
:1070D000002984461CDB2CEA0200D7E79FED157BD4
:1070E00030EE077BB5EEC07BF1EE10FACEDD002965
:1070F00007DB00200146C9E79DED007B37EE070B5B
:10710000D1E721F0004108430FD14FF00041BDE726
:10711000142B0DD04FF0010EC3F134030EFA03F31C
:107120009C44604588BF7144D5E705490020ADE720
:107130000131D0E79C7500883CE4377EFFFF0F00EB
:107140000000F0BF81F0004102E000BF83F0004387
:1071500030B54FEA41044FEA430594EA050F08BFF2
:1071600090EA020F1FBF54EA000C55EA020C7FEAB6
:10717000645C7FEA655C00F0E2804FEA5454D4EB33
:107180005555B8BF6D420CDD2C4480EA020281EAFD
:10719000030382EA000083EA010180EA020281EA35
:1071A0000303362D88BF30BD11F0004F4FEA013187
:1071B0004FF4801C4CEA113102D0404261EB410196
:1071C00013F0004F4FEA03334CEA133302D052421C
:1071D00063EB430394EA050F00F0A780A4F10104D8
:1071E000D5F1200E0DDB02FA0EFC22FA05F2801812
:1071F00041F1000103FA0EF2801843FA05F35941F8
:107200000EE0A5F120050EF1200E012A03FA0EFC76
:1072100028BF4CF0020C43FA05F3C01851EBE371A0
:1072200001F0004507D54FF0000EDCF1000C7EEBBD
:1072300000006EEB0101B1F5801F1BD3B1F5001FFB
:107240000CD349085FEA30004FEA3C0C04F101041A
:107250004FEA445212F5800F80F09A80BCF1004F43
:1072600008BF5FEA500C50F1000041EB045141EAC5
:10727000050130BD5FEA4C0C404141EB0101013C8E
:1072800028BFB1F5801FE9D291F0000F04BF01467D
:107290000020B1FA81F308BF2033A3F10B03B3F14F
:1072A00020020CDA0C3208DD02F1140CC2F10C02DF
:1072B00001FA0CF021FA02F10CE002F11402D8BF3D
:1072C000C2F1200C01FA02F120FA0CFCDCBF41EA09
:1072D0000C019040E41AA2BF01EB0451294330BDD8
:1072E0006FEA04041F3C1CDA0C340EDC04F11404B5
:1072F000C4F1200220FA04F001FA02F340EA03008C
:1073000021FA04F345EA030130BDC4F10C04C4F1D1
:10731000200220FA02F001FA04F340EA03002946B1
:1073200030BD21FA04F0294630BD94F0000F83F4FB
:10733000801306BF81F480110134013D4EE77FEADE
:10734000645C18BF7FEA655C29D094EA050F08BF2A
:1073500090EA020F05D054EA000C04BF194610460B
:1073600030BD91EA030F1EBF0021002030BD5FEA4F
:10737000545C05D14000494128BF41F0004130BD77
:1073800014F580043CBF01F5801130BD01F00045CB
:1073900045F0FE4141F470014FF0000030BD7FEA3E
:1073A000645C1ABF194610467FEA655C1CBF0B4639
:1073B000024650EA013406BF52EA033591EA030F50
:1073C00041F4002130BD00BF90F0000F04BF002148
:1073D000704730B54FF4806404F132044FF000057B
:1073E0004FF0000150E700BF90F0000F04BF0021F4
:1073F000704730B54FF4806404F1320410F000455A
:1074000048BF40424FF000013EE700BF42004FEA54
:10741000E2014FEA31014FEA02701FBF12F07F43D1
:1074200093F07F4F81F06051704732F07F4208BF88
:10743000704793F07F4F04BF41F40021704730B58F
:107440004FF4607401F0004521F000411CE700BFDB
:1074500050EA010208BF704730B54FF000050AE05E
:1074600050EA010208BF704730B511F0004502D55F
:10747000404261EB41014FF4806404F132045FEA61
:10748000915C3FF4D8AE4FF003025FEADC0C18BF0A
:1074900003325FEADC0C18BF033202EBDC02C2F1FC
:1074A000200300FA03FC20FA02F001FA03FE40EA8E
:1074B0000E0021FA02F11444BDE600BF53B94AB9E7
:1074C000002908BF00281CBF4FF0FF314FF0FF30EC
:1074D00001F090B9ADF1080C6DE904CE00F01AF896
:1074E000DDF804E0DDE9022304B07047430803F04F
:1074F0005533C01A830803F0333300F03330184497
:1075000000EB101000F00F3000EB002000EB00400B
:10751000000E70472DE9F04782B00646DDF828E0FE
:107520000846B4460D46002B4ED18A4214466DD90A
:10753000B2FA82F242B1C2F12003954026FA03F377
:1075400094401D4306FA02FC260CA7B2B5FBF6F1E7
:107550004FEA1C4306FB115543EA054301FB07F0C4
:10756000984209D9E31801F1FF3580F00381984270
:1075700040F20081023923441B1A1FFA8CFCB3FB32
:10758000F6F006FB10334CEA034C00FB07F36345AF
:107590000AD914EB0C0C00F1FF3580F0ED80634547
:1075A00040F2EA80A444023840EA0140ACEB030C0C
:1075B0000021BEF1000F04D02CFA02F30022CEE924
:1075C000003202B0BDE8F0878B4209D9BEF1000F4E
:1075D00001D0CEE900610021084602B0BDE8F08785
:1075E000B3FA83F1174600294DD1834202D3B24248
:1075F00000F20F81B6EB070C60EB030301201D4680
:10760000BEF1000FDDD0CEE900C5DAE7002A00F0B8
:1076100098801A46B4FA84F3002B40F0AF800B1B1D
:10762000270CA6B20121B3FBF7F54FEA1C4007FB7C
:10763000153340EA034306FB05F8984507D9E318DC
:1076400005F1FF3002D2984500F2E8800546A3EB31
:1076500008031FFA8CFCB3FBF7F007FB10334CEA6E
:10766000034C06FB00F3634508D914EB0C0C00F146
:10767000FF3602D2634500F2CE803046ACEB030CFD
:1076800040EA054095E7C1F120058B4022FA05FC50
:107690004CEA030C00FA01F426FA05F3E84002FA7A
:1076A00001F943EA04084FEA1C4206FA01FAB0FB6A
:1076B000F2F71FFA8CF602FB17004FEA184444EA6F
:1076C000004407FB06F0A0420AD91CEB040407F1B2
:1076D000FF3380F09C80A04240F29980023F6444D6
:1076E000241A1FFA88F3B4FBF2F002FB104443EAB9
:1076F000044300FB06F69E4209D91CEB030300F18C
:10770000FF3480F082809E427FD90238634440EA91
:107710000740A0FB09749B1BA3423E46A04664D3CE
:1077200061D0BEF1000F0AD0BAEB060263EB08038A
:1077300003FA05F5CA401543CB40CEE900530021BA
:107740003FE7730843EAC1734A08190C41EA024152
:107750004FEAC67C9BB2B2FBF4F02646A046274611
:107760001F2243EA0143B1FBF4F1A3EB080341EA12
:10777000004158E72946FFE6284615E71A46C3F1B7
:1077800020019C4026FA01F320FA01F190400343C6
:10779000270C06FA02FCB1FBF7F0A6B207FB1015A6
:1077A000190C41EA054100FB06F58D423BD96118F1
:1077B00001D28D4220D8491B0138B1FBF7F5019564
:1077C00005FB06F8019D9BB207FB151143EA014337
:1077D000434526D2E31805F1FF31C6D24345C4D252
:1077E000A91E2344C1E7BA459BD2B7EB090664EB57
:1077F0000C040138A04694E7651B29440238B1FB0C
:10780000F7F5019505FB06F8DCE720467FE71F4604
:1078100066E70846F4E6A44402382FE7023D234415
:1078200015E70199A1E7491BB1FBF7F5019505FBA8
:1078300006F8C7E703685A004CBF43F0004323F043
:1078400000431844704700BF2DE9F04751B301F1E0
:10785000FF381746054646464FF0000A0AEB060178
:1078600001EBD171491005EBC1094846FFF7E2FF72
:1078700088454FEAC10410D0B84204F108002844FA
:1078800007D8FFF7D7FF0138B84208D201F1010A43
:10789000E4E78A4506D04E1EE0E7B842F9D84846EC
:1078A000BDE8F0874FF000094846BDE8F08700BF0B
:1078B000012806D0022802D028B90448704704489D
:1078C0007047044870470020704700BFE54602003B
:1078D000F5460200ED46020010B5234B84B0044685
:1078E0008A1E4BB303A910460192AFF30080F0B19A
:1078F0000399019AFFF7A8FF0146C0B1FFF79AFF6D
:10790000A0644B68012B2BD0002B01F1040025DB78
:10791000FFF790FF002323650368E064002B12DB70
:10792000FFF788FF03460020236104B010BD002349
:107930000920236104B010BD0C4B0D49C91AC910B0
:1079400018460391D6E7C3F30360FFF7B1FF031EA8
:107950000CBF09200020236104B010BD0123DAE729
:1079600000230520E0E700BF00000000B4C50200CE
:10797000F4C702000368DA0710B5044606D49B0773
:1079800000F1500009D500F0A1FC2368590709D582
:107990001A070ED5DB0613D510BD00F08FFC236847
:1079A0005907F5D404F1D80000F098FC23681A07B1
:1079B000F0D404F5AC7000F099FC2368DB06EBD43E
:1079C00004F5EC70BDE8104000F0D4BC036803B1CE
:1079D00003441846704700BF704700BF70B50446A7
:1079E0000D46296C2046FFF777FF064688B92A6CBA
:1079F000626123692A462146012098470828F0D071
:107A0000072806D13046296CFFF7E6FF281D00F055
:107A100049FCF8F7A7FF00BF2DE9F04F0C1DD0F887
:107A20000C90D0F818A0074615460FCCADF5777D21
:107A30000DF10C0CACE80F000FCCACE80F000FCC34
:107A4000ACE80F0094E80F0002AE4FF0000E8CE897
:107A50000F00C6F800E020E0336C7B614FF4F47255
:107A600031467CA8F8F738FC3B697CAA3946584671
:107A700098478A9BB3642946CDE9006A04463B4691
:107A800001203A46C847054618BB4FF4F4727CA95A
:107A90003046F8F721FC082C19D1316C3846FFF735
:107AA0001BFF093504465FFA85FB0028D4D0B36B71
:107AB000B3643A46CDE9006A3B464BF01001012021
:107AC000C84730B920460DF5777DBDE8F08F072C0B
:107AD00005D0092420460DF5777DBDE8F08F2846B6
:107AE000316CFFF779FF03A800F0DCFBF0B5CB6B3E
:107AF000FBB001F1040E0B640E460446BEE80F0015
:107B00000DF1040CACE80F00BEE80F00ACE80F006C
:107B1000BEE80F00ACE80F009EE80F004FF0FF3703
:107B20008CE80F00009706E023696A4621469847D3
:107B30000828074608D110992046FFF7CDFE0028F7
:107B4000F2D009207BB0F0BD6846FFF713FF062F87
:107B5000F7D131462046FFF741FF00BFC160826187
:107B6000DA6B1A6419460022FFF756BF436970B5F5
:107B70000B64C668AEB903690A4604460D46014661
:107B800002209847072805D008280FD1294620460B
:107B9000FFF724FF3046296CFFF71EFF281D00F079
:107BA00081FB0122FFF738FFF8F7DCFEF8F7DAFE79
:107BB000C26822B1CA6B0A640022FFF72DBFFFF72B
:107BC00095BF00BF704700BF836813B10146012015
:107BD00018477047052915D8DFE801F00A03140398
:107BE000030501207047009A436C13600020704722
:107BF00043B90F2A06D800EB8200009A436813604D
:107C0000002070470220704700B585B00A46002367
:107C100003A900911946FFF7DDFF039805B000BDE9
:107C2000052915D8DFE801F00A0314030305012034
:107C30007047009B1B6843640020704743B90F2ABC
:107C400006D8009B00EB82001B6843600020704751
:107C50000220704700B585B00DF10C0C0023039293
:107C6000CDF800C00A461946FFF7DAFF05B000BD9F
:107C70002DE9F041D36BADF5107D02F1040C1364D6
:107C800006460F46BCE80F000DF15C0EAEE80F0093
:107C9000BCE80F00AEE80F00BCE80F00AEE80F0034
:107CA0009CE80F004FF0FF388EE80F00CDF85880A9
:107CB00010E0FFF7CFFF394616A8B047034616AAD3
:107CC0000820694683B9049B9847052880460DD053
:107CD000092809D026996846FFF7FEFD03460C21C6
:107CE0006A4616A8002BE4D04FF0090816A8FFF743
:107CF00041FE40460DF5107DBDE8F0812DE9F04FC5
:107D00001646CA6C89B00C4652F8041B069200F065
:107D1000030CE3B10D0C8DF81D500904EDB2059173
:107D200002EB850202218DF81C10216DBCF1020FBF
:107D300008BFA26B11F001010FD005A9304600F079
:107D4000A7FB00283AD1082009B0BDE8F08F09024E
:107D500005918DF81D300321E5E7D2F80080B8F1D8
:107D6000000FEAD000F00800CDE90101C2469946B3
:107D7000E046B9F1020F25D0B2F800A05788151DD2
:107D8000A36C27F0010B0F2130469B44FFF73CFF0B
:107D9000834515D82AF001035B44834294BF002039
:107DA00001207B0003F002030AF0010A43EA0A0300
:107DB000012B0BD0022B4BD0002B41D00920C3E765
:107DC0000020EEE7576802F10805D9E7B8F1000F87
:107DD0006CD1A8B16B689A1CF0D004F1580701333C
:107DE0002A68049700F0C780281DFFF7EFFDD20F27
:107DF000014604AB2046FCF715F8002840F09380BC
:107E000005F10802D2F800A0BAF1000FB1D105A91E
:107E1000304600F03DFB0028D0D1029B002B92D0D1
:107E20000F213046FFF7F0FE0E2102463046FFF7E5
:107E300011FF564A0F213046FFF70CFF072083E75A
:107E4000B8F1000F02D0002840F083802A1DD9E746
:107E50002F6827F0004BB8F1000F0ED128B1019B1D
:107E6000002B3BD0BBF1000F38D0002F00DA0435D7
:107E70000BF1010305EB8302C4E70D213046FFF748
:107E8000C3FED4F820A08245EFD1A26A9542ECD17E
:107E900000270422C4E90B72AA18C4F828B0626350
:107EA0002A68BA426DDB01230293E1E70D213046D7
:107EB000FFF7AAFE276A8742A2D1A36A9D429FD1FB
:107EC0002846FFF7B7FC0F2102463046FFF7C2FEF7
:107ED000224600213046FFF7BDFEAFE7CDF80C800B
:107EE00005F1040AA046002758340CE050460494DB
:107EF000FFF76CFD0022014604AB4046FBF792FF02
:107F00000AF1040A00BB5F4507F10107EED10D211C
:107F10003046FFF779FE049BC8F828500246C8E9AE
:107F20000823062010E701900D213046FFF76CFE74
:107F3000019A049F2062022A04BFE76204F12C0721
:107F4000C4E909750620FFE644462F68DDF80C8079
:107F50008BE72846FFF76EFC04350746A5632046ED
:107F6000FBF7B8FF00283FF429AF3A460F2130460F
:107F7000FFF770FE62E70D213046FFF745FE2062F5
:107F8000DEE70BF1010205EB82009AE755070200DC
:107F90000023FFF7B3BE00BF0123FFF7AFBE00BF52
:107FA0000223FFF7ABBE00BF2DE9F0410446C4B089
:107FB000052908D8DFE801F016310779A00B114434
:107FC000102940F2C080022044B0BDE8F081002AB0
:107FD000F9D1A36B53F8042B6264A363002044B06F
:107FE000BDE8F081002BEED1D4F838C095B24FF047
:107FF000010E0EFA03F12942604606D050F8041B28
:1080000004F1040C4CF8231084460133102BF0D1FA
:108010009104E3D4C4F838C0E0E7110C012B0E46FC
:1080200092B2CCD0052BCED111442029CBD80F2E23
:1080300040F2CA80002AD1D0216817464A0740F191
:108040002181204621F0040140F8D81B009300F064
:1080500049F902A8804600F045F9D4F838E0009BC1
:108060004FF002024FF0FF31102E17FB021C314679
:1080700038BF102108EBC10184396246704650F8C0
:10808000045B41F8045F013A551CF8D10EF1040E6F
:10809000012B0EEB8C0200F0EC800F2EA26340F25D
:1080A000F380404600F01AF998E7032B8BD193B286
:1080B0001E4603EB1243102B4FEA124783D8236866
:1080C0001A0700F1AC8022AD284600F031F9A16B0F
:1080D000730066B105EBC702013B881A013B52F8F9
:1080E00000C042F804CB5F1CF8D101EBC601A163CC
:1080F000284600F0FBF871E7002B7FF464AF102AEC
:108100003FF661AF2368DD067FD422A8009200F01D
:108110003BF9D4F838E0009A22A8002301219940C5
:108120001142F44603F1010303D05CF8041B016023
:10813000E646042B00F10400F0D1C4F838E022A890
:1081400000F018F94AE7102E3FF43DAF2168C80748
:108150000AD5204621F0030140F8501BCDE9002349
:1081600000F0B0F8DDE9002322AD2846CDE9002378
:1081700000F0A8F8009AD4F838E0002A7BD0019BE0
:1081800000274FF0FF3112B201EB420205EBC601AE
:10819000904604397046013A50F804CB41F804CFB8
:1081A000B2F1FF3FF7D10EF1040E0EEB880E002F57
:1081B0003DD1012B5FD00F2EC4F838E03FF60EAF53
:1081C000284600F083F809E72068102900F001052F
:1081D00030D865B120F00101204641F0020140F89D
:1081E000501BCDE9002300F075F8DDE9002322AD36
:1081F0002846CDE9002300F06DF8DDE90023002AD0
:10820000DED0D4F838E00027BBE723F0100323606A
:1082100004F5EC70009200F0B7F8009A75E723F0CF
:108220000803236004F5AC7000F082F84BE70DF111
:10823000080815E7A1F110075DB120F00102204602
:1082400042F0020240F8502B009300F043F82068FF
:10825000009B42071CD4009322AD284600F03AF858
:1082600002A800F03FF8A26B009B9646C6F11002F0
:1082700087E7964622AD0EF10403A363284600F07B
:108280001DF8ABE60093E4E622A800F01FF808E72B
:1082900020F004022046009340F8D82B00F022F88A
:1082A000DAE700BF00F1340191E838009C46A646A9
:1082B0004CF8045D90E8FF0FE54600BD90EC210B03
:1082C000704700BF80EC210B704700BF90EC200B83
:1082D000704700BF80EC200B704700BFD0EC200B34
:1082E000704700BFC0EC200B704700BFF0EC0201EC
:1082F000F0EC0211F0EC0221F0EC0231F0EC024162
:10830000F0EC0251F0EC0261F0EC0271F0EC028151
:10831000F0EC0291F0EC02A1F0EC02B1F0EC02C141
:10832000F0EC02D1F0EC02E1F0EC02F1704700BF9A
:10833000E0EC0201E0EC0211E0EC0221E0EC0231A1
:10834000E0EC0241E0EC0251E0EC0261E0EC027191
:10835000E0EC0281E0EC0291E0EC02A1E0EC02B181
:10836000E0EC02C1E0EC02D1E0EC02E1E0EC02F171
:10837000704700BFB0FC0181B0FC0191B0FC01A1CD
:10838000B0FC01B1704700BFA0FC0181A0FC0191CD
:10839000A0FC01A1A0FC01B1704700BFEC4600B5F4
:1083A0002DE900502DE9FF1F4FF000030CB401A987
:1083B000FFF79CFBDDF840E012B07047EC4600B5DB
:1083C0002DE900502DE9FF1F4FF000030CB401A967
:1083D000FFF7CCFBDDF840E012B07047EC4600B58B
:1083E0002DE900502DE9FF1F4FF000030CB401A947
:1083F000FFF7DEFBDDF840E012B07047EC4600B559
:108400002DE900502DE9FF1F4FF000030CB401AB24
:10841000FFF7A4FBDDF840E012B07047EC4600B572
:108420002DE900502DE9FF1F4FF000030CB401AA05
:10843000FFF71EFCDDF840E012B07047027A0346F9
:108440007AB9427AA2B14168013A427208680322BD
:1084500001F1040C1A720202C3F804C0000E1A6083
:1084600070470068013A1A7202021A60000E7047E3
:10847000B020704700B585B003AA002300921946CA
:108480000C22FFF7A7FB039805B000BDFFF7F2BF72
:108490002DE9F041064686B00D464FF0000828460B
:1084A000FFF7CCFFB028044600F0228107065CD518
:1084B00000F0F003A02B1AD031D8802B00F082807E
:1084C000902B28D100F00D030D2B24D004AF0023F6
:1084D00000F00F02194600973046FFF77BFB0023A0
:1084E00000970D2219463046FFF79AFBD7E7C343A2
:1084F00003F007034FF47F621A41010702F47F6221
:108500004FF0000348BF42F4804219463046FFF75F
:108510004BFD0028C3D0092006B0BDE8F081B02B88
:1085200066D0C02B3CD1C62800F0CF80C72800F011
:10853000E48000F0F803C02B00F0F180C82800F0C0
:10854000FC80C928E7D12846FFF778FF020300F036
:108550000F0002F47022013002430121052330464E
:10856000FFF722FD00289AD0D5E78300DBB2043361
:10857000039304AF0023194600970D223046FFF7FE
:1085800029FBDDE9033260064CBFD21A9A1800239A
:10859000049200970D2219463046FFF741FB7EE713
:1085A00000F0F803D02BB6D100F00702013205230A
:1085B00042F4002201213046FFF7F6FC00283FF488
:1085C0006EAFA8E72846FFF739FF40EA0420B0F570
:1085D000004FA0D004010023A2B219463046FFF795
:1085E000E3FC002897D1C4F3C03048EA000856E7FE
:1085F000A0F1B103042B00F2BC80DFE803F05429A2
:10860000160C030005AA0023009219460D223046DD
:10861000FFF7E0FA43E700231A4605213046FFF74B
:10862000C3FC00283FF43BAF75E72846FFF706FF81
:10863000020300F00F00013002F470220123024314
:1086400019463046FFF7B0FC00283FF428AF62E738
:10865000002304AF0D22194600973046FFF7BAFAFF
:108660002846FFF7EBFE0206049C4FF002030DD5EF
:1086700000F07F0098400444073328460393049495
:10868000FFF7DCFE10F0800F039BF1D1984004F55A
:10869000017420440023049000970D2219463046AF
:1086A000FFF7BEFAFBE62846FFF7C8FE431EDBB223
:1086B0000E2B3FF630AF0023024619463046FFF737
:1086C00073FC00283FF4EBAE25E72846FFF7B6FE23
:1086D000020300F00F00013002F470220323024372
:1086E00019463046FFF760FC00283FF4D8AE12E789
:1086F000B8F1000F2DD000200EE72846FFF79EFEB0
:10870000431EDBB20E2B3FF606AF024600230421C8
:108710003046FFF749FC00283FF4C1AEFBE600F00D
:108720000F020132032342F4202219463046FFF79C
:108730003BFC00283FF4B3AEEDE62846FFF77EFE93
:1087400000F0F00200F00F031032013343EA02326E
:1087500003E704AC4346414600940E223046FFF73F
:1087600039FA0F220094434641463046FFF758FA43
:10877000C1E700F0FC03B42B3FF4CDAE00F00702DC
:108780000132012342F4002219463046FFF70CFC67
:1087900000283FF484AEBEE600B5C26C536885B0D5
:1087A0004FEA032E4FF0030C08321B0E084601A9B6
:1087B000CDF804E002928DF80CC08DF80D30FFF773
:1087C00067FE05B000BD00BF08B5FFF75FFE806C17
:1087D00008BD00BF08B5FFF759FEC06CC37900EBB8
:1087E0008300083008BD00BF08B5F8F7BBF808B52E
:1087F000FFF7FAFF704700BF0A22002100F0E0BD3A
:10880000DFF80CC00A460146DCF8000000F002B8B0
:108810002CBB002010B5A1FB021482B074BB00F089
:10882000ABF8034670B350F8042C22F00302043A6C
:10883000242A10D8132A16D91B2AC0E900441AD9B1
:10884000242AC0E902440ABFC0E9044400F110012F
:1088500000F1180108E02146019001F08DF8019B1C
:10886000184602B010BD014600221846C1E9002298
:108870008A6002B010BD00F10801F5E701F0B0FA1E
:108880000C2303600023184602B010BD00B5044B52
:1088900083B0014601AA186800F004F803B000BDD7
:1088A0002CBB00202DE9F0431D4F83B080460E46BF
:1088B000914601F069FD3D684DB133781C4673B1B6
:1088C000344602E014F8013F43B13D2BFAD1404653
:1088D00001F060FD002003B0BDE8F083A41B286810
:1088E0000028F4D02246314601F064F920B92B6803
:1088F0001A5D3D2A234404D055F8040F0028F1D115
:10890000E5E73A680193AA1A92104046C9F8002098
:1089100001F040FD019B581C03B0BDE8F08300BF8F
:10892000C4D50020931E222B12D800B50A2A83B08A
:108930008C4606D00191614600F0FEFD019803B01F
:1089400000BD0028F6DA2D230CF8013B4042F1E788
:1089500000230B7018467047024B0146186800F060
:108960000BB800BF2CBB0020024B0146186801F079
:108970006DBD00BF2CBB00202DE9F04F01F10B02B3
:10898000162A85B0804624D8102900F2AB8000F06A
:10899000C9FA022518211022B74C2144A1F1080080
:1089A0004E68864200F062817268F168B46822F015
:1089B00003023244E1608C60516841F0010140469D
:1089C000516000F0B5FA06F10804204605B0BDE894
:1089D000F08F32F0070200F18580914200F2828030
:1089E000019200F09FFA019AB2F5FC7FC0F0BA81C3
:1089F000570A7FD0042F00F27281970907F13905D9
:108A00002BB207F1380CDB009B4C2344A3F1080682
:108A10005B689E4207D10DE00028DF6880F2138179
:108A2000BE4207D03B46596821F00301881A0F283F
:108A3000F2DD6546236991498B4200F0F1805E6862
:108A400026F00306B11A0F2900F391818B48002903
:108A5000C4E9040080F27981B6F5007F676880F090
:108A60001981F10801310FFA81FC76090121B14029
:108A700054F83C0098600F4304EBCC010839D960EE
:108A8000676044F83C30C360AB1001269E40BE4294
:108A900036D83E4206D125F0030576003E4205F168
:108AA0000405FAD004EBC50A04EBC507A946F9682A
:108AB0000EE0486820F0030EAEEB020CBCF10F0F85
:108AC0000B46C96800F31881BCF1000F80F22D81BC
:108AD0008F42EED109F1010919F0030F07F10807E0
:108AE000E5D17FE10C23C8F800300024204605B012
:108AF000BDE8F08F4FF4007340254FF03F0C83E743
:108B0000A768796821F0030393429A4603D3991A20
:108B10000F2900F387805A495A4E096810311144D1
:108B20000820CDE9011201F061F901994B1E0344BF
:108B30004542834630681D40B0F1FF3F18BF2946CB
:108B40004046019101F024F9411C0546DDE901127E
:108B500000F02B8107EB0A0C844500F224814A4B7C
:108B6000186800EB01090BF1FF3EC3F8009000F01C
:108B70008981306801301BBFA5EB0C0C09EB0C00A0
:108B80003560186015F00700814600F04881C0F19B
:108B900008000544CDE901236B1803EA0E0158448F
:108BA000401A00EA0E06314640469B4601F0F0F8B6
:108BB000421CDDE9012300F09581401B304440F068
:108BC00001011868A56000EB0609A7426960C3F8B7
:108BD000009017D0BAF10F0F40F25E81AAF10C019C
:108BE00021F0070C796801F0010141EA0C0179607C
:108BF000052607EB0C01BCF10F0FC1E9016600F27D
:108C000063816968214B1E684E4538BFC3F80090E8
:108C10001F4B1E684E4501D2C3F800902F46C6E098
:108C2000676831E7BD1841F0010142F001027A6046
:108C30004046A560696000F07BF907F10804204612
:108C400005B0BDE8F08F9A6801931944D760BA6007
:108C50004A6842F0010240464A6000F069F9019B0F
:108C600003F10804204605B0BDE8F08FCE68B1429C
:108C70007FF49AAE0235DDE630A3002038A3002051
:108C80008CE4012018BB00205CE4012084E4012076
:108C900088E40120B6F5206F4FEA56207CD31428D3
:108CA00000F2D38000F15C0109B25B30C90004EB33
:108CB000010C6158ACF1080C8C4503D1A8E089681F
:108CC0008C4504D0486820F00300B042F7D8D1F8B2
:108CD0000CC0C3E9021CCCF80830CB60D4E6142FDA
:108CE00072D9542F00F2BA80170B07F16F052BB21F
:108CF00007F16E0CDB0087E69D1842F001025A6016
:108D00009E68864AF1608E60C4E90455C5E9022276
:108D10004CF001026A60404643F80EC0019300F037
:108D200007F9019B03F10804E0E69E441C46DEF8C7
:108D3000043043F00103CEF8043054F8083F4046B5
:108D4000D9608B6000F0F4F8D0E61E4440467268AB
:108D5000019342F00102726000F0EAF8019B03F116
:108D60000804C3E6D508691C09B2C90014E69D18B9
:108D700042F001025A60694A0193C4E90455C5E909
:108D8000022241F001026A604046995100F0D0F899
:108D9000019B03F10804A9E6B00900F1390109B209
:108DA0003830C90083E7A74263D0A768796821F00B
:108DB00003009042A0EB020102D30F293FF732AF2C
:108DC000404600F0B5F890E607F15C052BB207F1DC
:108DD0005B0CDB0018E6514651F808398B428A4695
:108DE00040F09A8015F0030F05F1FF35F3D1636869
:108DF00023EA0603636076009E423FF681AE1EB909
:108E00007EE6760009F104091E42FAD04D4649E695
:108E10008010012606FA00F00743676059E7CDE9A4
:108E200002236B1803EA0E01ABEB010606EA0E06FD
:108E300031464046019300F0ABFF431C019B04BF49
:108E40004E461846DDE90223B7E6542827D8300BF2
:108E500000F16F0109B26E30C90028E7B7F5AA7FAB
:108E600027D8D70B07F178052BB207F1770CDB0079
:108E7000CAE52B4B186800EB01090BF1FF3EC3F864
:108E8000009076E615EA0E0F7FF473AEA5685144A4
:108E900041F001016960B5E601236B6090E7B0F530
:108EA000AA7F25D8F00B00F1780109B27730C9000C
:108EB000FDE640F254539F4224D8930C03F17D0504
:108EC00003F17C0CEB009FE507F108014046CDE97A
:108ED000012301F0BBFAA568029B6968D3F80090F2
:108EE000019A8FE6A9F108010BEB0100002664E668
:108EF00040F2545188420BD8B00C00F17D01C900FA
:108F00007C30D4E64FF47E737F254FF07E0C7BE5FA
:108F10004FF47E717E20CAE663686CE738A30020B8
:108F20005CE40120014801F069B900BF54E401206C
:108F3000014801F065B900BF54E40120DFF80CC01E
:108F40000A460146DCF8000000F002B82CBB002005
:108F5000002900F09F802DE9F04383B00C46009279
:108F60008046FFF7DFFF009901F10B03162B60D855
:108F70001023994260D854F804EC2EF003029A4270
:108F8000A4F1080565DAB348806805EB020C60457A
:108F9000DCF8046000F0908026F001006044406836
:108FA000C0076CD426F00306901983424CDD1EF0F6
:108FB000010F0FD154F8080C281A0746406820F01A
:108FC000030006441644B34240F3EF801618B34240
:108FD00040F3C9804046CDE90023FFF7CDFCDDE931
:108FE00000230646002800F0178154F8041C21F0E5
:108FF00001012944A0F1080C614500F0AE80043A5B
:10900000242A00F2CE80132A00F29C8003462246D6
:10901000116819605168596092689A60214640460B
:1090200001F014FA4046FFF783FF304603B0BDE875
:10903000F08333F007039CD50C23C8F800300026DA
:10904000304603B0BDE8F0830246DCE90201C160AE
:1090500088606968D01A0F2801F0010105EB02064B
:109060001BD811436960736843F001037360404685
:10907000FFF75EFF2646304603B0BDE8F0831EF0E2
:10908000010FA7D154F8080C281A0746406820F0B1
:1090900003009BE71146FFF76FBC19436960E918AD
:1090A00040F001004860736843F0010308317360C9
:1090B000404601F0CBF9DAE726F00306B01803F1D9
:1090C000100C604580F28B801EF0010F82D154F8A5
:1090D000080C281A0746406820F00300064416448E
:1090E000B445B1463FF772AF3E46F96856F8080FEF
:1090F000043A242AC160886000F2A580132A40F255
:10910000A0802168B9606168F9601B2A00F2A48020
:10911000083407F110022168116061685160A1688C
:109120009160F918A9EB03024A4D42F00102A960CF
:109130004A607A6802F00102134340467B60FFF701
:10914000F7FE98E723680360636843601B2A3BD8F7
:1091500004F1080200F108035AE750F8041C21F05A
:1091600003010A4475E7043A3D46F96855F8080FCB
:10917000242AC160886020D8132A1CD92168B960CC
:109180006168F9601B2A3DD8083407F11002216894
:10919000116061685160A16891602C4632463D467D
:1091A00057E7214600F056FB38E7DCE90201043AB4
:1091B000C1608860D8E72A46E9E72146284600933F
:1091C00000F048FB009BE8E7A3688360E368C360A6
:1091D000242A25D004F1100200F1100318E71D4ADB
:1091E0001D449560C21A42F001026A6054F8042CD2
:1091F00002F001021343404644F8043CFFF798FE96
:10920000264638E7A1683961E1687961242A10D0DF
:10921000103407F11802BAE74046FFF789FE0EE75F
:10922000236903616169416104F1180200F11803C7
:10923000EEE62269BA616269FA61183407F1200228
:10924000A5E7324667E721463046009300F002FB6F
:10925000009B66E730A30020A1683961E16879616D
:10926000242A03D0103407F1180254E72269BA61A6
:109270006269FA61183407F120024CE7242B2DE9CA
:10928000F84F42D8012B884619463ED091464B4AAA
:1092900082461E46C64670461EF8017BD35D13F01B
:1092A0000803F8D12D2F70D02B2F05BF9EF800702A
:1092B0009B469B4600F1020E6FF0004361BB302FCE
:1092C0004DD00A2631460022B3FBF6F4104606FBC9
:1092D000143505E03CD006FB00C001221EF8017BDE
:1092E000A7F1300CBCF1090F06D9A7F1410CBCF174
:1092F000190F17D8A7F1370C61451CDD571CEDD0AD
:109300008442E7D24FF0FF32E8E700F069FD162310
:1093100003600020BDE8F88F1029D4D1302F27D06A
:109320000E46D0E7A7F1610CBCF1190F03D8A7F1E5
:10933000570C6145E2DC511C30D0BBF1000F0CD161
:10934000B9F1000FE6D0AABBC9F80080BDE8F88FDC
:109350006545C0DA4FF0FF32C0E74042F0E79EF8C3
:10936000002002F0DF02582A08D008263146AAE77A
:109370009EF8002002F0DF02582AD1D110269EF874
:10938000017031460EF1020E9DE79EF800704FF01D
:10939000004300F1020E4FF0010B8FE72222CAF8C2
:1093A0000020B9F1000F07D00EF1FF381846C9F8B8
:1093B0000080CBE70346F7E71846ABE7419A002069
:1093C00000B5DFF818E084461346DEF800005DF8CB
:1093D00004EB0A466146FFF751BF00BF2CBB0020DB
:1093E0002DE9F0471D464A4B16460C4682460A4672
:1093F000114612F801EB13F80EC01CF0080CF7D15F
:10940000BEF12D0F5AD0BEF12B0F03BF92F800E032
:1094100063468A1C634645B9BEF1300F5CD00A250D
:109420003C4F4FF00509A8460AE0102D4BD04FF0F5
:10943000FF37B7FBF5F705FB07F96FEA0909A846FF
:109440000021084605E02CD008FB00C0012112F8DD
:1094500001EBAEF1300CBCF1090F06D9AEF1410CB5
:10946000BCF1190F0BD8AEF1370C654510DDB1F129
:10947000FF3FECD0B842E6D94FF0FF31E7E7AEF15D
:10948000610CBCF1190F03D8AEF1570C6545EEDC49
:109490004D1C0BD003B140420EB169B93460BDE838
:1094A000F087CC45D0DD4FF0FF31D0E72223CAF85A
:1094B00000300846002EF2D0541EEFE792F800E08C
:1094C00001238A1CA7E7BEF1300F11D04FF00F091E
:1094D0006FF07047A846B3E7117801F0DF01582913
:1094E0000BD008254FF007096FF06047A846A7E7A3
:1094F000117801F0DF015829E8D14FF0100892F8F7
:1095000001E04FF00F0902326FF07047454697E7D0
:10951000419A00209999991900B5DFF818E084461E
:109520001346DEF800005DF804EB0A466146FFF7DB
:1095300057BF00BF2CBB0020F0B5224E971E15462A
:109540000C4686460FCE8BB0EC46ACE80F000FCE33
:10955000ACE80F0096E803004CF8040B222F8CF8BF
:10956000001029D804F1FF3C66460020BEFBF5F24E
:1095700005FB12E36B4401467545187806F8010FA8
:10958000964601F10100F1D90023235489B1601CF2
:1095900008440CF102021CF8015F10F8016D8CF810
:1095A0000060A4EB0C03013B121B0B449A420570B4
:1095B000EFDB20460BB0F0BD0023184623700BB044
:1095C000F0BD00BFC8920020024A0349034803F0DF
:1095D00077BC00BF20BB0020CD96020038A700203A
:1095E0000C4B4168994210B5044601D003F0C4FC0D
:1095F000A168094B994202D0204603F0BDFCE16806
:10960000064B994204D02046BDE8104003F0B4BC9C
:1096100010BD00BF90E40120F8E4012060E50120C6
:109620002DE9F843314A324C3249DFF8DC90DFF85B
:10963000DC80314F1160002504232946082204F103
:109640005C00C4E903352D4EA560C4E90055C4E9AA
:109650000555656600F090F904F15800C4E9074922
:10966000C4E90987E66200F0C5FD2946244B63671B
:10967000082204F1C400C4E91A55C4E91E5525673F
:10968000C4F8CC50C4F8805000F076F904F16803B7
:1096900004F1C000C4F88430C4E92298C4E92476F7
:1096A00000F0A8FD174BC4F8DC30294604F596708D
:1096B0000822C4E93455C4E93855C4F8D850C4F870
:1096C0003451C4F8E85000F057F904F1D003C4E96C
:1096D0003D87C4F8F09004F59470C4F8FC60C4F8B9
:1096E000EC30BDE8F84300F085BD00BFC8E50120BF
:1096F00090E401201D5D020099990200BD990200CD
:109700000900010012000200359902005999020077
:1097100010B504460A4800F071FD636B23B9094B8C
:10972000094A1B68626323B1BDE81040044800F099
:1097300067BDFFF775FFBDE81040014800F060BD50
:1097400058E40120C8E50120355D0200014800F021
:1097500055BD00BF58E40120014800F051BD00BFD5
:1097600058E4012070B5ADF5067D0E460093134612
:109770004FF40072059206A905AA054600F040F9CB
:1097800098B10246059B03903146284600F012FB33
:10979000039A059006AB9A4204D02846114600F081
:1097A00055FE05980DF5067D70BD4FF0FF30F9E7C9
:1097B00000B5DFF818E084461346DEF800005DF8D7
:1097C00004EB0A466146FFF7CDBF00BF2CBB00206B
:1097D000032A11D8002A3BD0013A431E0139024422
:1097E00001E09A4234D013F8010F11F801CF60451F
:1097F000F7D0A0EB0C00704710B541EA0004A407B5
:1098000084460B460FD0013A431E0139024401E061
:109810009A421BD013F8010F11F801CF6045F7D021
:10982000A0EB0C0010BDDCF80040D3F800E074455C
:109830001946604603F104030CF1040CE3D1043A29
:10984000032AF0D860461946002ADCD1002010BD5A
:1098500000207047884270B531D98B1883422ED9C9
:10986000032A00EB02011DD941EA030C1CF0030F8F
:109870001D4618D14FEA920C0CF1FF36A1EB8C0477
:109880008C4653F804ED4CF804EDA445F9D1C6EB31
:10989000867301EB830105EB830CACF104030439FF
:1098A00002F0030252B102F1FF3C6FEA0C0C9C443F
:1098B00013F8012D01F8012D6345F9D170BD032A7C
:1098C00050D941EA00039B074ED10F2A51D922F00B
:1098D0000F0301F1100601F1100C103B203100F1D3
:1098E000100E19445CF8104C4EF8104C5CF80C4CFF
:1098F0004EF80C4C5CF8084C4EF8084C5CF8044CE4
:109900004EF8044C0CF1100C8C450EF1100EE9D100
:10991000F11812F00C0F034402F00F0503F11003CD
:1099200025D025F0030CACF1040426461A1F1C199F
:109930008C465CF804EB42F804EFA242F9D1043102
:1099400004333144334405F00302002AB6D0013A0F
:109950000132013B0A4411F801CB03F801CF9142D7
:10996000F9D170BD0346F0E7013A0346F0E72A4615
:10997000EBE703461546D4E730B584078646034631
:1099800006D0A2B303F8011B980702F1FF32F8D109
:10999000032A26D95FFA81FC0CEB0C2C0F2A0CEB66
:1099A0000C402AD922F00F0C9C44C3E90000C3E903
:1099B000020010336345F8D112F00C0F02F00F04CF
:1099C00017D04FEA940C0CF1FF351A4603EB8C0CC0
:1099D00042F8040B6245FBD1043304F0030203EBAD
:1099E000850322B11A4403F8011B9A42FBD1704649
:1099F00030BD2246002AF5D1F9E71446E1E700BF61
:109A000010B59AB021B1D2F800C0BCF1000F1CD142
:109A100000214FF4227CADF80CC019910091049103
:109A20004FF6FF7C02910591144669461A461C9B2D
:109A3000ADF80EC000F02EFE002814DB009B206065
:109A400000221A7004981AB010BD0091049161466A
:109A50004FF4C16CADF80CC04FF0000CCDF864C0F1
:109A6000DEDA8B23036000201AB010BD11F0FF0175
:109A7000034600F003023AD092BB026801EB0123D7
:109A800003EB034383EA020C10B51C46A2F1013339
:109A900023EA0203ACF1013222EA0C02134313F071
:109AA000803F0FD150F804CF8CEA040EACF10133A3
:109AB000AEF1013223EA0C0322EA0E02134313F043
:109AC000803FEFD0037823B936E010F8013F002B38
:109AD00032D09942F9D110BD8A4228D09A0729D0B4
:109AE0001A7818460133002AF6D110467047CAB9D1
:109AF0000268A2F1013323EA020313F0803F08D188
:109B000050F8042FA2F1013323EA020313F0803F3F
:109B1000F6D003785BB110F8013F002BFBD1704702
:109B2000990705D01A7818460133002AF8D17047F2
:109B30001846DDE71846A0E7184610BD90F800C0AB
:109B4000BCF1000F1FD010B50C788646A4B10A46B0
:109B5000234602E012F8013F23B16345FAD1AEEB90
:109B6000000010BD1EF801CFBCF1000FEFD1F6E7E9
:109B70001EF8023F002BF2D09EF80130002BF7D1E7
:109B80000EF1010EEBE76046704700BF84460B46BE
:109B90002AB908E013F8010B0CF8010B38B1013AAF
:109BA000F8D18CF8002013F8012B002AFBD1581AA9
:109BB000013870478AB340EA01039B0730B5044679
:109BC0008E4618D1032A07D815E0043A23D01CF09A
:109BD000803F20D1032A26D92368DEF80050A3F164
:109BE0000131AB4221EA030C2046714604F1040422
:109BF0000EF1040EE9D003780C78A3420FD1013A9C
:109C0000024406E06BB110F8013F11F8014FA34286
:109C100005D19042F6D1002030BD10467047181B88
:109C200030BD184630BD20467146E4E710B5044605
:109C30000843830701D1032A19D8A44601F1FF3E46
:109C400007E01EF8011F03F8011B501E31B19C46AE
:109C500002466346002AF4D1204610BD94440028F1
:109C6000FAD003F8011B6345FBD1204610BD0B461B
:109C7000A44618681946A0F1013323EA000313F043
:109C8000803F01F10403D9D1043A032A4CF8040BB4
:109C9000EFD81946D2E700BF38B511F0FF040CD059
:109CA0000346002501E0431C054621461846FFF700
:109CB000DDFE0028F7D1284638BD2146BDE83840F2
:109CC000FFF7D4BE90F800C0BCF1000F13D010B560
:109CD0000C78864664B10A46234602E012F8013F3A
:109CE00033B19C45FAD11EF801CFBCF1000FF2D17F
:109CF000AEEB000010BD6046704700BF024A12681C
:109D00000123503200F002B82CBB002030B51546BC
:109D100020B386464C1E7246A44612F8010B01E0A1
:109D2000884214D01CF8011F0029F9D1E0B1104677
:109D3000A44610F8011B00E063B11CF8013F9942F2
:109D4000FAD149B1002313702860704630BD73B159
:109D50009646E0E70246EAE70846F5E7D2F800E073
:109D6000BEF1000FD6D100E02860002030BD2A608F
:109D700070468EF80030E9E7014B93F81002704707
:109D8000C4B8002013460A460146022000F0BABAC1
:109D900038B5074C0023054608462360F6F7B6FDA4
:109DA000431C00D038BD2368002BFBD02B6038BD8E
:109DB000B422022038B58C46084C114605461A4696
:109DC000604600232360F5F71BFB431C00D038BD21
:109DD0002368002BFBD02B6038BD00BFB4220220CB
:109DE000014B1868704700BF2CBB0020082802D127
:109DF0004FF48050704708B5FFF7F2FF1623036059
:109E00004FF0FF3008BD00BF0000000002780B7863
:109E1000012A28BF9A4240F0D8806DE9044540EA03
:109E20000104CDE902676FF0000C4FEA44721AB3E7
:109E300080EA010414F0070F6BD100F0070420F052
:109E4000070004F0030521F007014FEAC505F0E81B
:109E5000042314F0040FF1E804670CFA05F462EA35
:109E6000040266EA04060BD063EA0403624667EA6A
:109E70000407664604E000BFF0E80423F1E8046745
:109E800082FA4CF582EA0604A4FA8CF46CBB83FADD
:109E90004CF583EA0705A5FA8CF595B950E902233C
:109EA00051E9026782FA4CF582EA0604A4FA8CF4BE
:109EB00083FA4CF583EA0705A5FA8CF52543DBD038
:109EC0009CB92DBAB5FA85F424F0070427FA04F1F9
:109ED000DDE9026723FA04F303F0FF0001F0FF015C
:109EE000FDE80445A0EB0100704724BAB4FA84F4FD
:109EF00024F0070426FA04F1DDE9026722FA04F2ED
:109F000002F0FF0001F0FF01FDE80445A0EB0100B5
:109F1000704714F0030F3CD110F0030428D150F81F
:109F2000082B51F8083B82FA4CF582EA0305A5FAA2
:109F30008CF55DB950F8042C51F8043C82FA4CF5CC
:109F400082EA0305A5FA8CF5002DE8D02DBAB5FA02
:109F500085F424F0070423FA04F122FA04F202F053
:109F6000FF0001F0FF01FDE80445A0EB0100704790
:109F70004FEAC40420F0030050F8082B21F003013D
:109F800051F8083B0CFA04F462EA040263EA0403A1
:109F9000C9E710F003041DD0A1EB040120F0030079
:109FA000E40750F8042B06D012D28B785FFAA2F4A3
:109FB000E41A06D12BB1CB785FFAB2F4E41A00D1DF
:109FC00033B920465DF8104B7047A2EB0300704791
:109FD00001F1040150F8042BCC0721F0030151F8E2
:109FE000043B48D824D222F07F4482FA4CF594EA0C
:109FF0001325A5FA8CF50AD165B951F8043B84EA1A
:10A000000204B4EB036F0ED150F8042BEBE74FEAD8
:10A01000132355E035F07F454DD10878FDE8044520
:10A02000C0F1000070474FEA126203F0FF0347E0FF
:10A0300002EA1C4482FA4CF594EA1345A5FA8CF521
:10A040000AD165B951F8043B84EA0204B4EB034F2A
:10A050000CD150F8042BEBE74FEA134330E015EA3C
:10A060001C4528D10B884FEA124229E04FEA1242E0
:10A0700003EA1C4324E002F0FF0482FA4CF594EA60
:10A080001365A5FA8CF50AD165B951F8043B84EA49
:10A090000204B4EB032F09D150F8042BEBE74FEA8D
:10A0A00013630DE015F0FF0F05D10B684FEA122284
:10A0B00023F07F4304E04FF00000FDE804457047C3
:10A0C00012BA1BBA82FA4CF482EA0304A4FA8CF5A1
:10A0D000B5FA85F402FA04F203FA04F34FEA1260C7
:10A0E000FDE80445A0EB1360704700BF80EA010261
:10A0F000844612F0030F4FD111F0030F32D14DF807
:10A10000044D11F0040F51F8043B0BD0A3F10132C0
:10A110009A4312F0803F04BF4CF8043B51F8043BD3
:10A1200016D100BF51F8044BA3F101329A4312F04B
:10A13000803FA4F101320BD14CF8043BA24312F052
:10A14000803F04BF51F8043B4CF8044BEAD023464F
:10A150000CF8013B13F0FF0F4FEA3323F8D15DF801
:10A16000044B704711F0010F06D011F8012B0CF8C9
:10A17000012B002A08BF704711F0020FBFD031F841
:10A18000022B12F0FF0F16BF2CF8022B8CF80020C8
:10A1900012F47F4FB3D1704711F8012B0CF8012B4B
:10A1A000002AF9D1704700BF70B50E4E0E4DAE4279
:10A1B00008D0761BB610002455F8043B01349847AC
:10A1C000A642F9D8094E0A4D05F02CFEAE4208D041
:10A1D000761BB610002455F8043B01349847A6427C
:10A1E000F9D870BDA82A0060A82A0060C02A0060C3
:10A1F000A82A0060704700BF704700BF704700BFCB
:10A20000704700BF000000000000000000000000D8
:10A21000000000000000000000000000000000003E
:10A2200000000000000000000000000030B490F8C2
:10A2300000F020F007016FF0000C10F0070491F817
:10A2400020F040F048804FF000046FF00700D1E9A3
:10A25000002391F840F000F1080082FA4CF2A4FAD1
:10A260008CF283FA4CF3A2FA8CF34BBBD1E90223B4
:10A2700082FA4CF200F10800A4FA8CF283FA4CF353
:10A28000A2FA8CF3E3B9D1E9042382FA4CF200F18B
:10A290000800A4FA8CF283FA4CF3A2FA8CF37BB98F
:10A2A000D1E9062301F1200182FA4CF200F1080005
:10A2B000A4FA8CF283FA4CF3A2FA8CF3002BC6D0EA
:10A2C000002A04BF04301A4612BAB2FA82F200EB36
:10A2D000D20030BC7047D1E9002304F00305C4F17B
:10A2E00000004FEAC50514F0040F91F840F00CFA95
:10A2F00005F562EA05021CBF63EA050362464FF0FA
:10A300000004AAE7F0B51D4C83B005462068019112
:10A3100016461F46FFF772FF194A0199136823B3C7
:10A320005A6820681F2A23DC4DB9541C02325C6035
:10A3300043F82210FFF764FF002003B0F0BD03EBE9
:10A34000820E0124CEF88860D3F88861944046EAF2
:10A35000040C022DC3F888C1CEF80871E5D1D3F8FA
:10A360008C512543C3F88C51DFE7064B1360D7E7C8
:10A37000FFF746FF4FF0FF30DFE700BFB8B800201F
:10A38000B8E20120BCE201200148FFF737BF00BF5F
:10A3900050E401200148FFF733BF00BF50E4012023
:10A3A000F8B5064608200C46FFF720FD0746304664
:10A3B000FEF7B8FD224A93685D6825F00305A5F114
:10A3C00011031C1B3C44B4FBF7F4013C07FB04F4F1
:10A3D000A74208DC00213046FFF7DAFC184A9368F0
:10A3E0002B44984204D03046FEF7A2FD0020F8BD71
:10A3F00061423046FFF7CCFC0130114A0DD01149C3
:10A4000093682D1B45F001055D600B6830461B1BF2
:10A410000B60FEF78DFD0120F8BD00213046FFF7EF
:10A42000B7FC074A9268831A0F2BDCDD43F0010367
:10A430005360054B03491B68C01A0860D3E700BF8F
:10A4400030A300205CE4012018BB0020002965D067
:10A450002DE9F0410C460746FEF764FD54F804EC84
:10A460007D49A4F1080C2EF001030CEB03028D686A
:10A470005068954220F003000EF0010600F08B803A
:10A48000151850606D6805F00105A846AEBB54F87C
:10A49000084CACEB040C2344DCF8084001F1080E36
:10A4A00074456BD0DCF80C50E560AC60B8F1000F7F
:10A4B00000F08C8043F00100CCF804001360B3F589
:10A4C000007F35D2DA0848685C090132012312B2F4
:10A4D000A34003434B6051F83200CCF8080001EB75
:10A4E000C203083BCCF80C3041F832C0C0F80CC0B5
:10A4F0003846BDE8F041FEF71BBD85B9034401F1C4
:10A50000080E9068704543F001047AD0D268C260AA
:10A510009060CCF804404CF80330D0E770474EF020
:10A520000102B3F5007F44F8042C4CF80330C9D382
:10A53000B3F5206F4FEA53204AD2980900F139024F
:10A5400012B200F13804D20088188A5808389042B4
:10A5500003D15FE09268904204D0516821F003017A
:10A560009942F7D8D068CCE90220C0F808C0384634
:10A57000C2F80CC0BDE8F041FEF7DABCA5BB184438
:10A58000D2E90223D3609A6040F00103CCF8043092
:10A590004CF80000ACE7184446B954F8083CACEB62
:10A5A000030C1844DCE90223D3609A6040F00103F5
:10A5B000CCF80430294BC1F808C01B68834297D8F7
:10A5C000274B38461968FFF7EBFE91E7034498E7FD
:10A5D00014280FD9542824D8180B00F16F0212B296
:10A5E00000F16E04D200AFE743F00101CCF8041093
:10A5F00013607DE700F15C0212B200F15B04D2004F
:10A60000A2E7C1E904CCCCE902EECCF804404CF856
:10A6100003306DE7A4100123A3404C6823434B6033
:10A62000A1E7B0F5AA7F07D8D80B00F1780212B2E3
:10A6300000F17704D20087E740F25452904206D8E6
:10A64000980C00F17D0200F17C04D2007CE74FF40D
:10A650007E727E2478E700BF30A300201CBB002060
:10A660008CE4012082B049B15AB16BB113780B6010
:10A670001278101E18BF012002B0704701A9002AED
:10A68000F3D1104602B070476FF00100F4E700BF4D
:10A69000000000002DE9F04F2DED028BD1B00C46EB
:10A6A000079190460993824602F0E2FD03681193F8
:10A6B0001846FFF7BBFD08221090002120A8FFF7E5
:10A6C0005BF9A389180603D52369002B01F06E807E
:10A6D00000239FED728BCDE92533CDE9143327AAF2
:10A6E0000D932492174612931393059345462C46D7
:10A6F0006C4BD3F8CC61FFF73FFB20AA03460092D6
:10A700001AA922465046B047002800F09880C0F2AF
:10A710008E801A9A252A034601D01C44E8E7B4EB40
:10A720000508064640F08F8000234FF0FF328DF879
:10A730005F309B4606930134237804920134994696
:10A74000A9F120035A2B00F2AF80DFE813F0FE02DC
:10A75000AD00AD00FA02AD00AD00AD00DD02AD0010
:10A76000AD00A802B702AD00B302C002AD00BC024A
:10A770005B005B005B005B005B005B005B005B0001
:10A780005B00AD00AD00AD00AD00AD00AD00AD00B3
:10A790002101AD009C01AC03210121012101AD008B
:10A7A000AD00AD00AD00A803AD00AD000803AD00E5
:10A7B000AD00AD007302AD006103AD00AD009807C0
:10A7C000AD00AD00AD00AD00AD00AD00AD00AD0021
:10A7D0002101AD009C018701210121012101ED032F
:10A7E00087016C00AD000804AD00F8033D041304BC
:10A7F0006C00AD0073026A008303AD00AD00FB077F
:10A80000AD006A00A9F13003002214F8019B02EBAD
:10A81000820203EB4202A9F13003092BF5D906921B
:10A820008EE723788AE723784BF0200B86E708220F
:10A83000002120A8FFF7A0F801231C4458E7B4EB3F
:10A840000508064610D02599269B01314344072967
:10A85000C7E900582693259117DC0837059B434428
:10A860000593002E7FF460AF269B002B41F00383FD
:10A87000079B9B8903F04003002B41F0CF8605988E
:10A8800051B0BDEC028BBDE8F08F079924AA504669
:10A8900002F038FB0028EBD127AFDFE70000000013
:10A8A00000000000C4B80020B9F1000FDCD0002384
:10A8B000CDE90B3301228DF8DC908DF85F300893E1
:10A8C0000A9204930E9337AD0292269A1BF08403EA
:10A8D000904600F005819DF85F1009B3DDF894C043
:10A8E00000260CF1010101200132786007290DF1E9
:10A8F0005F00CDE92512386000F33E8408377EB151
:10A90000DDF894C00CF1010118A802323860072963
:10A910004FF00200CDE92512786000F3208408375B
:10A92000802B00F06583049B0A995E1A002E00F3C9
:10A93000E8801BF4807F40F021810A9B7B601A44F1
:10A94000259B3D600133072B2692259300F3BC83A2
:10A9500008371BF0040F05D0069B02995D1A002DE5
:10A9600000F31884DDE9053102988142ACBF5B1821
:10A970001B180593002A40F0778300232593089B3A
:10A980001BB108995046FFF761FD27AF2546AEE69B
:10A99000099B073323F00703B3EC028B9FEDA17BE8
:10A9A000B0EEC86BB4EE476BF1EE10FA099300F30A
:10A9B0003986B4EE488BF1EE10FA81F14685B9F193
:10A9C000610F01F07A83B9F1410F01F07084049BAB
:10A9D000013301F07F82B9F1670F18EE903A4BF422
:10A9E000807801F0F584B9F1470F01F0F18400237C
:10A9F000089318EE903A002BC1F20885B0EE487B20
:10AA00000026A9F14103252B01F2DD81DFE813F0D7
:10AA1000A50CDB09DB09DB09700ADD0ADB09DB09B0
:10AA2000DB09DB09DB09DB09DB09DB09DB09DB0906
:10AA3000DB09DB09DB09DB09DB09DB09DB09DB09F6
:10AA4000DB09DB09DB09DB09DB09DB09DB09DB09E6
:10AA5000A50CDB09DB09DB09700ADD0A1BF0200FFE
:10AA600040F0DE85099A1BF0100F52F8046B41F09C
:10AA70001C861BF0400F099201F08E8046F3C0380F
:10AA8000434636B21FE2B9F1430F03D01BF0100F5B
:10AA900000F065860822002122A8FEF76DFF099AC2
:10AAA00037AD126822AB2946504602F077FC0A9077
:10AAB000013001F0AE850A9B23EAE3730293099B00
:10AAC000269A043309930023CDE90B338DF85F30C8
:10AAD000089304930E931BF0840390467FF4FBAE1F
:10AAE0000699029E8E1B002E00F321849DF85F10B4
:10AAF00000297FF4F3AE049B0A995E1A002E7FF7BB
:10AB000018AF4A49259B0F91102E27DD39464FF08B
:10AB1000100837462E462546079C04E0103F102FAC
:10AB200001F1080116DD013340481032072BC1E95D
:10AB30000008CDE92532F1DD24AA2146504602F075
:10AB4000E1F9002840F09882103F102FDDE925320E
:10AB500027A9E8DC2C4635463E460F4601330F99BF
:10AB600039603244072BCDE925327E6000F36484DE
:10AB70001BF4807F07F108073FF4DFAEB9F1650FE2
:10AB800040F3AC82B5EE408BF1EE10FA40F0528308
:10AB9000259B27493960013301320121072B269279
:10ABA0002593796000F37F870837199B0D998B42B5
:10ABB00080F2EB84109B11991A44C7E90013259B7E
:10ABC00026920133072B259300F3D38508370D9B7D
:10ABD0005D1E002D7FF7BDAE1449259B0F91102DF2
:10ABE00040F39787A146DDF81C8010260C4604E050
:10ABF0000837103D102D40F38B8701331032072B9F
:10AC0000C7E90046CDE92532F2DD24AA4146504687
:10AC100002F078F9002840F02F82DDE9253227AFD5
:10AC2000E7E700BFFFFFFFFFFFFFEF7F0CA3002060
:10AC30006C930020DDF8248058F8045B00238DF825
:10AC40005F30002D00F0A185B9F1530F00F0378778
:10AC50001BF010030B9340F03287049B002BC1F2D2
:10AC6000FC801A460B99284602F048FB9DF85F309D
:10AC70000890002801F04884089A521B0A9222EAA0
:10AC8000E27202920BB1013202920B9BCDF824804A
:10AC900004930E930C9308934FF0730915E6099BE8
:10ACA00053F8042B0692002A80F27584069A0993C1
:10ACB0005242069223784BF0040B3FE52B238DF88C
:10ACC0005F3023783AE523784BF0800B36E5214658
:10ACD00011F8019BB9F12A0F01F09084A9F130031A
:10ACE000092B98BF002201F2DD8211F8019B02EBD3
:10ACF000820203EB4202A9F13003092BF5D942EAA3
:10AD0000E27304930C461BE5504602F0B1FA436827
:10AD100013931846FFF78AFA15900646504602F03C
:10AD2000A7FA826823781492002E3FF407AD002A18
:10AD30003FF404AD1278002A3FF400AD4BF4806B71
:10AD4000FCE423784BF0010BF8E49DF85F202378B6
:10AD5000002A7FF4F3AC20228DF85F20EEE41BF094
:10AD6000200F4BF0100000F02884099B073323F0DC
:10AD700007031A46596852F8083B099200228DF8D9
:10AD80005F20049A002A18DB53EA010220F4906B3A
:10AD900015D1049A9AB910F001031A46029300F0F3
:10ADA000738630238DF83F31049B0A92CDE90B3333
:10ADB0000E9308930DF23F1587E520F4806B50AD9C
:10ADC00003F00702DB0843EA4173C908303253EA53
:10ADD0000106284605F8012DF2D11BF0010F00F005
:10ADE0001582302A00F012823023049905F8013CC4
:10ADF000023850AB1B1A99424FF00002B8BF1946F7
:10AE0000CDE90B2208920A93054602910E925CE569
:10AE10001BF0200F4BF0100121D1099B1A1D099B3B
:10AE200004981B684FF0000840458DF85F801E466F
:10AE300059DB21F0800B002B40F08C850992002813
:10AE400040F0E983CDE90B000A900E900290089043
:10AE500050AD3AE51BF0200F00F0BE835946099B28
:10AE6000073323F0070200238DF85F30049BD2F8EC
:10AE7000048052F8086B0992002B35DB56EA080370
:10AE800021F0800B31D1049B002B40F0C483CDE92D
:10AE90000B330A930E930293089350AD15E5237874
:10AEA0004BF0080B4AE41BF0200F4BF0100300F0AE
:10AEB0007A83099A073222F007029B46536852F8B8
:10AEC000086B09929846002BC0F2C282049A002AAD
:10AED0000BDB56EA08032BF0800B06D1002A00F0AA
:10AEE0004187302607E009928B460A2E78F100034D
:10AEF00080F0BF823036049A9DF85F308DF83F6154
:10AF0000012AB8BF0122029201220A920DF23F15D6
:10AF1000002B01F06D83029B013302930023CDE9E6
:10AF20000B3308930E93D0E42378682B03BF637828
:10AF30004BF4007B01344BF0400BFFF7FFBB099A49
:10AF40001BF0200F02F1040300F0888312680599BA
:10AF50001160C917516009932546FFF7C8BB2378D4
:10AF60006C2B03BF63784BF0200B01344BF0100BBC
:10AF7000FFF7E4BB099A049E52F8041B002047F631
:10AF800030038642ADF860308DF85F000B46C0F2AA
:10AF9000DB832BF0800545F0020B002940F0D683BF
:10AFA000002E00F0E686099230230122CDE90A2125
:10AFB0000E918DF83F3102960DF23F154FF0780952
:10AFC0008E4608910C91A5E31BF0200F40F02583DD
:10AFD000099A1BF0100F52F8043B41F05E831BF0FE
:10AFE000400F00F0E9859BB2099258460021C5E662
:10AFF000069B02995E1A002E7FF795AC8B49259B24
:10B000000F91102E24DD38464FF010082F461946B8
:10B010002546864C04E0103E102E00F1080013DD9A
:10B02000013110320729C0E90048CDE92512F2DDCF
:10B03000079924AA504601F065FFE8B9103E102E8A
:10B04000DDE9251227A8EBDC2C460B463D460746DA
:10B0500001330F9939603244072BCDE925327E60E8
:10B0600000F3638508375EE4079924AA504601F08F
:10B0700049FF00283FF481AC089B002B3FF4F8AB5C
:10B0800008995046FFF7E2F9079B9B8903F04003BC
:10B09000FFF7F2BB109B11991A44C7E90013259BD7
:10B0A00026920133072B259300F3068707F1080149
:10B0B0000028C1F21E810D980D6001330244072B58
:10B0C000CDE92532486046DD079924AA504601F0B3
:10B0D00019FF0028D0D1269A27AF3AE40D98259B76
:10B0E000012802F1010203F1010307F1080140F315
:10B0F00064810120072BCDE925323D60786000F3A3
:10B100002C821098119E01330244072BC1E9006084
:10B11000CDE9253200F32D8208310D98B5EE408B34
:10B12000F1EE10FA00F1FF3600F05F8101330135D6
:10B130003244072BCDE925320D604E6000F3498182
:10B1400008311298486001330244072B1CA8CDE94E
:10B1500025320860B8DC01F10807FFF7FABB079950
:10B160000F9324AA504601F0CDFE002884D1269AE0
:10B170000F9B27AFFFF7D4BB07990F9324AA504624
:10B1800001F0C0FE00287FF477AF269A0F9B27AF0F
:10B19000FFF7B5BB102D259B41F3D580A046DDF808
:10B1A0001C90234C102604E0103D102D07F10807D9
:10B1B00015DD01331032072BC7E90046CDE92532F2
:10B1C000F2DD24AA4946504601F09CFE00287FF497
:10B1D00053AF103D102DDDE9253227AFE9DC2146C4
:10B1E0004446884601332A44072BC7E90085CDE948
:10B1F00025327FF7B7AB079924AA504601F082FEAB
:10B2000000287FF439AF269AFFF7ACBB049950AA07
:10B21000521B91424FF00003B8BF1146CDE90B33EA
:10B2200008930A9202910E93FFF74FBB0CA30020E4
:10B23000449B00201998002840F300840B9B0D9933
:10B240008B42A8BF0B46002B98460ADD1A44C7E97B
:10B250000053259B26920133072B259300F3B487D7
:10B2600008370B9EB8F1000FA8BFA6EB0806002E0A
:10B2700000F3AB820B9B1BF4806F03EB050940F0DE
:10B28000CA82199B0D998B4203DB1BF0010F00F062
:10B290007D85109911980A44C7E9000125992692E5
:10B2A00001310729259100F39B8708370D996E1806
:10B2B000A6EB0906CD1AAE42A8BF2E46002E0BDD26
:10B2C000259BC7F8009001333244072B7E602692FD
:10B2D000259300F3D3870837002EA8BFAD1B002DA0
:10B2E0007FF737ABB949259B0F91102D40F311849F
:10B2F000A146DDF81C8010260C4604E00837103DFE
:10B30000102D40F3058401331032072BC7E90046A6
:10B31000CDE92532F2DD24AA4146504601F0F2FD86
:10B3200000287FF4A9AEDDE9253227AFE7E72599AC
:10B33000102E404640F361870F943A46A846079C7A
:10B34000A34D1F4604E0103E102E02F1080216DD48
:10B350000131103010230729CDE925101560536005
:10B36000F1DD24AA2146504601F0CCFD00287FF4EF
:10B3700083AE103E102EDDE9251027AAE8DC3B46FF
:10B380000F9C17462A464546904601F1010C32189B
:10B39000BCF1070FCDE925C2C7F800807E6000F33D
:10B3A00036839DF85F100837002940F0F880002BA5
:10B3B0003FF4B9AA0B46FFF7A5BA1BF0010F7FF4C3
:10B3C00098AE0120072BCDE925323D6078607FF7EC
:10B3D000B8AE079924AA504601F094FD00287FF4E6
:10B3E0004BAEDDE9253227A9ABE60D9801287FF7A2
:10B3F000A8AE112875480F9040F3B783A046079F69
:10B400001025044604E00831103E102E40F3AC83B2
:10B4100001331032072BC1E90045CDE92532F2DDB9
:10B4200024AA3946504601F06DFD00287FF424AE71
:10B43000DDE9253227A9E7E7079924AA504601F05C
:10B4400061FD00287FF418AE269A27AFFFF771BA86
:10B450002D238DF85F30049B764268EB4808002B63
:10B46000FFF643AD0A2E78F100032BF0800BFFF4BA
:10B4700041AD0294CDF8289050A9DDF8509008977E
:10B480004FF0000C0BF4806426E016EB08035148E3
:10B4900043F10003A0FB032020F0030202EB900223
:10B4A0009B1AF31A4B484FF0CC32B646474602FB84
:10B4B00003F268F1000800FB0822A3FB0063BEF161
:10B4C0000A0F13444FEA560677F10007294646EA69
:10B4D000C3764FEA53082DD33E4D16EB080343F1D4
:10B4E0000003A5FB032020F0030202EB90029B1A4D
:10B4F000F31AA3FB053268F1000005FB00225B088C
:10B5000043EAC27303EB8303A6EB430330330CF12E
:10B51000010C01F8013C4D1E002CB6D099F800300A
:10B520006345B2D1BCF1FF0FAFD00A2E78F1000312
:10B5300080F0B3830499029CCDF8509050AB5A1B15
:10B540009142B8BF1146DDF82890089F9DF85F3002
:10B55000CDF834C00A920291DAE4079924AA504641
:10B5600001F0D0FC00287FF487ADDDE9253227A962
:10B57000C7E5079924AA504601F0C4FC00287FF4CF
:10B580007BADDDE9253227A9C7E51BF0010F3FF4AC
:10B59000E0A9FFF70FBB09932378FFF7CFB81E464A
:10B5A0000023FFF79EB9099A0432099909920E689F
:10B5B0004FEAE6789B46434685E4099B1A1D099BA2
:10B5C00009921B680021FFF7D9BB00BF0CA3002024
:10B5D000449B0020CDCCCCCC099A1BF0100052F833
:10B5E000043B41F057801BF0400100F0A8818DF82A
:10B5F0005F009BB204994FF0000841451E46C0F21F
:10B60000A9812BF0800B002B40F0A481049B0992B0
:10B61000002B3FF43CAC00266CE45846FFF7A5BB7A
:10B620005B4646E4B5EEC08BF1EE10FA2BF0800BD2
:10B6300000F11E839DF85F30B9F1470FCCBFA44DD8
:10B64000A44D002B40F052870322CDE90B33089321
:10B650000A9204930E930292FFF737B91BF0100F72
:10B6600040F07C821BF0400F40F0A7831BF4007F6A
:10B6700000F07482099A0599126811706BE4964E75
:10B680001BF0200F00F07D81099B073323F0070397
:10B690001A46586852F8083B09921BF0010140F025
:10B6A0005C81049A8DF85F10002AC0F28B8153EA06
:10B6B00000022BF4906B00F0948103F00F02B25C57
:10B6C0008DF83F211B0943EA0073020953EA101069
:10B6D0000DF23F150BD003F00F001B09305C05F88D
:10B6E000010D43EA0273120953EA0200F3D1049AEE
:10B6F00050AB4FF0000E5B1B9A42CDE90BEEB8BF8A
:10B700001A460A930292CDF820E0CDF838E00029DD
:10B710003FF4DBA8029BDDE925C2023302931BF054
:10B7200084039046614604D1069E0298361A002E84
:10B7300006DCBEF1000F3FF4E5A80226FFF7D1B802
:10B740000223F5E5654E9BE74BF0020B0992634E31
:10B7500003F00F020221B25C4FF07809B0E7099BB9
:10B760001B688DF8DC30012302930A9337ADFFF795
:10B77000A6B9079924AA504601F0C4FB00287FF41B
:10B780007BAC269A27AFFFF722BA049B0895062BBD
:10B7900028BF062302930A932B460495CDE90B3369
:10B7A0004F4DCDF824800E93FFF78FB840215046BF
:10B7B000FDF7E2F8079B18601861002800F0608729
:10B7C000079A40235361FEF783BF102E259B40F359
:10B7D0002E874448DDF81C800F9039464FF0100941
:10B7E000074604E00831103E102E40F32B8201334F
:10B7F0001032072BC1E90079CDE92532F2DD24AA08
:10B800004146504601F07EFB00287FF435ACDDE96F
:10B81000253227A9E7E70D9BDDF83880CDF83CB04D
:10B82000EB1804930C9BDDF81CB00B94002B4E46D8
:10B830003946DDF85090159F0E9531DDB8F1000FB7
:10B8400040F32B8108F1FF382598139B01303A44CF
:10B850000728C1E900372692259000F39F80083120
:10B86000049B99F800009D1B8542A8BF0546002D4A
:10B870000CDD259801302A440728C1E9006526928D
:10B88000259000F35E8199F800000831002DACBFCF
:10B89000441B0446002C14DC06440C9B002BCDDC1E
:10B8A000B8F1000FCEDCDDE90D35EB189E42CDF886
:10B8B00050900B9CDDF83CB0B1460F4628BF99462E
:10B8C000DFE4102C2598074B2BDD10250A9310E0A0
:10B8D0005C92002034930020509300203C93002081
:10B8E000649300200CA30020103C102C01F10801EF
:10B8F00016DD0130AE4B10320728C1E90035CDE925
:10B900002502F1DD24AA5946504601F0FBFA002831
:10B910007FF4B2AB103C102CDDE9250227A9E8DC4E
:10B920000A9B0B60013022440728CDE925024C60B8
:10B9300000F3588399F8000008310644ADE71BF482
:10B94000007840F0328204998DF85F8000291E460D
:10B95000BFF657AE0992FFF7C8BA53EA000237D0D4
:10B9600030228DF8602000228DF85F20049A8DF837
:10B970006190002A23DB2BF4906242F0020B02213B
:10B980009BE6099A1BF0100F52F8043B099214D160
:10B990001BF0400F0DD09BB200207EE624AA594632
:10B9A000504601F0AFFA00287FF466AB269A27A92B
:10B9B00056E71BF4007F40F0F58100206DE64BF068
:10B9C000020B022103F00F022BF4806BB25C77E6CE
:10B9D000049B00218B428DF85F10C0F241812BF453
:10B9E000906B049A002A00F0CB80012A33788DF8FE
:10B9F0003F31B8BF0122002302920122CDE90B336F
:10BA000008930A920E930DF23F15FEF75EBF079959
:10BA10000F9324AA504601F075FA00287FF42CAB4E
:10BA20009DF85F10269A0F9B002900F0AC801E46FF
:10BA3000DDF894C0034627AFFEF753BF259B5D4951
:10BA40003960013301320121072B26922593796059
:10BA500000F37C81083700287FF41CAB0D990BF0B4
:10BA600001030B433EF475AF109B11991A44C7E9CB
:10BA70000013259B26920133072B259300F31C828C
:10BA800007F10801FFF717BB049B0A93CDE90B33BD
:10BA90000E93089350ADFEF718BF0C9B013B09F1C4
:10BAA000FF390C93D0E6079924AA504601F02AFAF0
:10BAB00000287FF4E1AA269A27AFFFF776B808227C
:10BAC000002122A81B95FDF757FF049B002B7DDB6F
:10BAD00000260294CDF82080344698460EE037A91F
:10BAE000504601F05BFC411C204400F0948440452A
:10BAF00009DC06F1040600F0008504461B9A925901
:10BB000022AB002AEBD10A94DDF82080029C6AE087
:10BB10004C4601330F9939602A44072B7D60CDE9EB
:10BB200025327EF715AFFFF7CFBA079924AA504602
:10BB300001F0E8F900287FF49FAA269A27AFFEF7C4
:10BB4000F2BE24AA5946504601F0DCF900287FF4E1
:10BB500093AA99F80000269A27A997E6099A0599C9
:10BB600012681160FFF7F7B9444601330F98086077
:10BB70003244072BCDE925324E607FF7E1AA28E455
:10BB8000049BFFF784B9002B00F00981DDF894C015
:10BB90000B4627AFFEF7B6BE1BF4007F16BF46F379
:10BBA000C0184FEAE67876B24346FFF78CB900BF7B
:10BBB0000CA300206C9300201BF4007100F0F980AE
:10BBC000DBB2099258460021FFF7D8B822AB0093A8
:10BBD00000231BAA1946504601F008FC0A900130C8
:10BBE00000F019841B950A9B002B00F09F80632BAB
:10BBF00000F34C810023089337AD0822002122A8CE
:10BC0000FDF7BAFE0A9E22AB00931BAA33462946D3
:10BC1000504601F0EBFB864240F042850A9A002331
:10BC2000AB5422EAE27202929DF85F20049312B1B3
:10BC3000029A01320292CDE90B33CDF824800E93A3
:10BC4000FEF743BE0F4601330F9939603244072B8C
:10BC5000CDE925327E6000F323810837FFF70ABB68
:10BC600033788DF83F312BF4806B0DF23F153EE5B4
:10BC70002D238DF85F30B9F1470F4FF00003089383
:10BC8000049340F3E6800322964D0A92CDE90B33EC
:10BC90000E9304230293FEF718BE159A1399AD1A5A
:10BCA0002846FDF7C3FF99F801300BB109F10109EE
:10BCB0008D4A16EB080343F10003A2FB030727F0AC
:10BCC000030000EB97001B1AF31A4FF0CC3168F118
:10BCD000000803FB01F102FB0811A3FB0230014441
:10BCE0005B0843EAC1764FEA510816EB080343F1BB
:10BCF0000003A2FB031020F0030101EB90015B1A8B
:10BD0000F31AA3FB023168F100005B0802FB00128A
:10BD100043EAC27303EB8303A6EB4303303305F816
:10BD2000013C4FF0010C013DFFF7F8BB9DF85F307F
:10BD3000CDF82480003B18BF012302930A9B049393
:10BD4000CDE90B330E930893FEF7BFBD079924AAE4
:10BD5000504601F0D7F800287FF48EA91998269A4A
:10BD600027AF78E69DF85F3002920A9250ADFFF758
:10BD7000CFB8049B0992CDE90A330E930C9302933A
:10BD800050AD4FF078099E460893C3E46E18A6EBB9
:10BD90000906CD1AAE42A8BF2E46FFF79DBA27AFBF
:10BDA000FEF7C1BDDBB2002077E48DF85F10DBB297
:10BDB00020E409925846FEF7E1BF099A05991268F6
:10BDC0001180FFF7C8B822AB01931BAB0093B0EE14
:10BDD000470B049A19AB022150468DED027B01F00E
:10BDE00009FC9DED027B05461BF0010F40F05582DA
:10BDF000229B5A1B199B0D92D81C0B93C0F20182F7
:10BE000004999942C0F20B819A4200F392820B9BF3
:10BE10000A931BF4806F03D00B9B002B00F32D8340
:10BE20000A9B23EAE373C34602934FF0670900239A
:10BE30000E930C930BF00201002E00F0CA804FF01D
:10BE40002D0E8DF85FE0029B0133029300230493D3
:10BE50005DE40322254D0A9218E72846FEF7E6F92D
:10BE60009DF85F300A9020EAE0720292002B3EF4C7
:10BE70000CAFFEF708BF079C24AA2146504601F0EC
:10BE800041F8A38903F04003FEF7F6BC591C504665
:10BE9000FCF772FD0546002800F0F6830890ACE63A
:10BEA000079924AA504601F02DF800287FF4E4A851
:10BEB000269A27AFFFF7DEB9079924AA504601F06A
:10BEC00021F800287FF4D8A8DDE92532199827A9A0
:10BED000FFF7EEB800230893062304934BF4807811
:10BEE000FEF787BD5C920020CDCCCCCC34930020F3
:10BEF000049B01330D93022122AB01931BAB0093F2
:10BF0000B0EE470B19AB0D9A50468DED027B01F058
:10BF100071FB0D9B29F0200CBCF1460F9DED027BBF
:10BF2000054600EB030100F09880B5EE407BF1EE92
:10BF300010FA00F0D882229B994288BF4FF0450C3E
:10BF400040F2CF8230205A1C22921870229B8B42E2
:10BF5000F9D35B1B0D93BCF1470F199B0B9356D084
:10BF6000BCF1460F00F08F800B9B8DF87090013B69
:10BF7000002B1993C0F24C812B22092B8DF87120D4
:10BF800000F34F8130228DF872200DF173023033AF
:10BF900002F8013B1CABD31A12930D9B129A012B92
:10BFA0001A440A9240F341820A9B109A13440A935E
:10BFB0000A9A2BF4806343F4807B22EAE272002326
:10BFC000CDE90B330E93029234E7049B0D930321CA
:10BFD00092E79DF85FE0BEF1000F7FF434AF049666
:10BFE000FFF795BB24AA5946504600F08BFF002866
:10BFF0007FF442A899F80000269A27A906444CE449
:10C00000199B0B934B1BBCF1470F0D933BD10B9B23
:10C010000333C0F2F680049B0B9A93420FDA0B9B1A
:10C02000013BA9F10209002B8DF870901993A3DA56
:10C030000B9B2D22C3F101038DF87120A2E70D9B0C
:10C040000B9A934200F375811BF0010F0B9B00F0DC
:10C05000B282109A13440A93DBE62B78302B00F05F
:10C060006182199B1944B5EE407BF1EE10FAC7D0FE
:10C07000229B8B42FFF466AF5B1B0D93BCF1470F15
:10C08000199B0B93C3D00B99049A0BF00103002961
:10C0900043EA020340F3CF82002B40F01A820B9B4D
:10C0A0000A934FF066091BF4806F40F0E8810A9B09
:10C0B00023EAE373C3460293B9E647F63003ADF8CB
:10C0C0006030049B632B4BF0020B00F35C8118EE95
:10C0D000903A002BC0F23B81B0EE480B19A801F05A
:10C0E00091F9B4EE007B20EE077BB5EE407BF1EEDC
:10C0F00010FA40F0408201230026199337AD0896CC
:10C10000AE480499B3EE004B2B4606E0B5EE407BFB
:10C11000F1EE10FA00F00F82114627EE047BFDEEDF
:10C12000C76B4A1E16EE90CA10F80CE0B8EEE65B3C
:10C130009C4637EE457B03F801EB0029E6D1B6EECD
:10C14000005BB4EEC57BF1EE10FA08DCB4EE457B83
:10C15000F1EE10FA1ED116EE902AD2071AD5CDF8BC
:10C1600088C013F8011C90F80FC08C451A460AD1FC
:10C170004FF0300E02F801EC229A511E229112F873
:10C18000011C6145F6D0392916BF0131817AC9B247
:10C1900002F8011C199A5B1B0D93B9F1610F02F1B2
:10C1A000FF33199300F01F8250214FF04109002BFB
:10C1B0008DF87010C0F20E822B22092B8DF87120A1
:10C1C0002FDC0DF17202E2E6079924AA504600F036
:10C1D00099FE00287EF450AF269A27AFFFF741B8AA
:10C1E000079924AA504600F08DFE00287EF444AF43
:10C1F000199B269A27AFFFF759B8DFF8CC81FFF7D4
:10C20000C4B80B9BA9F10209013B8DF870901993FA
:10C210000B9A2D238DF87130C2F101030832BFF65D
:10C22000B1AE0DF17F0CDFF8A4E162461046AEFB23
:10C230000312D20802EB8201A3EB41013031632BE0
:10C2400000F8011C134600F1FF32EFDC303302F836
:10C25000013C831E634580F0C8810DF1710213F823
:10C26000011B02F8011F6345F9D103F5A0736B446C
:10C27000CC3B1B1A1CAA9B1A12938EE6079924AA80
:10C28000504600F03FFE00287EF4F6AE199D0D9B4F
:10C29000269A5D1B27AFFFF71FB8049B4FF0470C92
:10C2A000E918E0E600230C460493FEF749BA45F688
:10C2B0003003ADF86030049B632B4BF0020B62DC63
:10C2C00018EE903A002B42DBB0EE480B19A801F0B3
:10C2D00099F8B4EE007B20EE077BB5EE407BF1EEE3
:10C2E00010FA01D10123199300263548089637AD7D
:10C2F00007E74642103033480F9052DA1027804645
:10C3000003E00831103E102E4BDD01331032072BB5
:10C31000C1E90087CDE92532F3DD079924AA50460B
:10C3200000F0F0FD00287EF4A7AEDDE9253227A954
:10C33000E8E70D9B109A9A180B9B0A92002B79DD67
:10C340004FF06709AFE6DFF88080FEF74BBF0023B0
:10C35000089337AD2D26B1EE487BB0EE470B19A8F8
:10C3600001F050F8B4EE007B20EE077BB5EE407B89
:10C37000F1EE10FA04BF01231993B9F1610F3FF4F4
:10C38000BFAE0F48BDE6049B5046591CFCF7F4FABB
:10C390000546002800F03D8108904BF48078FEF7B8
:10C3A00028BB01330F9808603244072BCDE92532B2
:10C3B0004E6000F302810831FEF77DBE3C93002001
:10C3C000509300200CA30020449B0020CDCCCCCC6B
:10C3D000049A002A00F0D480002BC0F22481B0EE31
:10C3E000487B002622AB01931BAB0093B0EE470BBA
:10C3F00019AB049A022150468DED027B01F0FAF848
:10C4000000239DED027B05460893EDE42D26B1EE59
:10C41000487BFEF7F6BA079B9B890022089243F0FF
:10C420004003079A9381FEF727BE1BF0010F3FF4EC
:10C43000BFADB9E5C3F101031A4422EAE273C34672
:10C440000A9202934FF06709F1E418EE903A13F064
:10C4500000432BF0800B0B9300F09A802D238DF876
:10C460005F30B9F1470F4FF000030893049340F396
:10C47000F8800322944D0A9208E44FF0670914995A
:10C480000B78FF2B00F0F88000200B9A0E9084466A
:10C4900003E001300131FF2B09D0934207DAD21AB1
:10C4A0004B78002BF5D10B780CF1010CF3E7CDE9BB
:10C4B0000B201491CDF838C00C9A0E9B159913449B
:10C4C0000A9A01FB03230A9323EAE373C346029308
:10C4D000B0E4109B02EB01094B440A934FF066094C
:10C4E000E1E55B1B0D93199B0B933DE500230322B4
:10C4F00008930A920493FFF7C9BB049B029CDDF8E2
:10C5000020800A93FFF76FBBCDF824801BB3049BF8
:10C510000A935A1C029204900E900C904FF07309EB
:10C52000FEF7D3B9B5EE407BF1EE10FA1ED1199BA0
:10C530000B93194466E5002A0491FFF62BAE04998B
:10C54000302001EB030C194601F8010B6145FBD1CA
:10C550001A44531C1EE6049B0A930293089B0E93F5
:10C560000C9304934FF07309FEF7AFB90D9BC3F121
:10C570000103199376E500265448089637ADC0E5C7
:10C58000934273DBB0EE487B0123049E049329E7BA
:10C590009DF85F30B9F1470FCCBF4B4D4C4D002B90
:10C5A00040F08680032204930A920E930C93089322
:10C5B0000292FEF78AB90A932BE4079924AA5046FF
:10C5C00000F0A0FC00287EF457ADDDE9253227A954
:10C5D000FEF771BD2D238DF87130C2F101030832D1
:10C5E000FFF61FAEEDE57021E1E502231293D4E4DE
:10C5F000CDE90B3308930E93FEF767B9099A637878
:10C600000C4652F8041B099241EAE1710491FEF7CD
:10C6100095B8079A938943F0400393814FF0FF3315
:10C620000593FEF72CB92D26B1EE487BDAE62949B1
:10C630000F91FFF708BBC34633B9012302934FF0B4
:10C6400066090A93FFF7F3BB109B03F10109049BF2
:10C650004B440A9323EAE37302934FF06609FFF712
:10C66000E6BB03221A4D0A92FFF710BB01232D26C9
:10C670000493B1EE487BB5E600230E930C931BE7C1
:10C680000C23CAF80030C9E7079B08909B8943F048
:10C690004003C6E65946FEF7C2BB5846FEF78FBFB9
:10C6A000079B9B8943F04003BBE65B46FEF77DBFDB
:10C6B000002304930E930C93089303230A930423FB
:10C6C0000293FEF702B900BF589200203C9300206D
:10C6D000389300200CA3002030B5436C83B005468E
:10C6E0000C4653B153F8240088B1026843F8242063
:10C6F0000023C0E9033303B030BD21220421FCF73D
:10C7000089F8034668640028ECD10020F3E7012192
:10C7100001FA04F35A1D920028460193FCF77AF8B7
:10C720000028F2D0019B44608360E1E731B1436CA3
:10C730004A6853F82200086043F82210704700BF8F
:10C740002DE9F0410E6917460D461C4601F1140211
:10C750004FF0000E11688BB207FB03434FEA134CF6
:10C76000090C07FB01CC0EF1010E9BB203EB0C434D
:10C77000764542F8043B4FEA1C44EBDC3CB1AB6825
:10C78000B34207DD05EB860301365C612E61284666
:10C79000BDE8F081696801318046FFF79DFF0746DB
:10C7A000B0B12A69023205F10C0192000C30F3F7A6
:10C7B00093FDD8F844306A6853F82210296043F892
:10C7C00022503D4605EB860301365C612E61DEE7B3
:10C7D000024B03483A46BA2100F058FE70930020FD
:10C7E00084930020B0F5803F034636BF0304002049
:10C7F0001020B3F1807F3CBF1B020830B3F1805F93
:10C8000006D3B3F1804F0FD29A0012D40330704791
:10C810001A01B2F1804F00F1040006D29B0108D446
:10C820005B00F3D4202070471A46002AFBDB01305E
:10C8300070470230704700BF0368590708D0DA0715
:10C840001FD499072AD55B08036001221046704760
:10C850009AB282B91B0CDAB2B2B11022190701D117
:10C8600004321B09990714D0D90701D401325B089F
:10C87000036010467047DAB24AB11A0717D1042292
:10C88000EFE700221046704718221B0AE6E708224D
:10C89000FBE7590707D502329B08E9E79B0802220C
:10C8A000036010467047DB0804D12022CEE7DB0886
:10C8B0000322DDE70332DBE738B5436C04460D465F
:10C8C0004BB15868B0B102685A6000220123C0E938
:10C8D0000323456138BD21220421FBF79BFF03465A
:10C8E00060640028EDD1094B0948002240F245114F
:10C8F00000F0CCFD1C2201212046FBF78BFF002815
:10C90000F1D001220223C0E90123DEE77093002069
:10C91000849300202DE9F04F0F691569AF4285B06F
:10C920000E46904605DB2A4643463D468846174656
:10C930001E46D8F80830D8F80410EC19A342B8BF46
:10C940000131FFF7C9FE8446002800F09C801430B6
:10C9500000EB840E704505D20346002143F8041B0A
:10C960009E45FBD8143606EB870296427CD208F12E
:10C97000140707EB8505A5EB080308F11508A84582
:10C98000A3F11503CDE902E44FEA930A8CBF00241A
:10C9900001249146E34605E0090C34D1B14500F18C
:10C9A00004005ED956F8041B8AB2002AF4D0CDE9FF
:10C9B0000090B8468646002358F8041BDEF80000B5
:10C9C0001FFA81F94FEA114C81B202FB0911000CE8
:10C9D000194402FB0C0000EB114089B241EA00410E
:10C9E00045454EF8041B4FEA1043E5D8DDE90090B9
:10C9F000002C4FEA8A0208BF00220244536056F816
:10CA0000041C090CCAD00368CDF800908846BC46C7
:10CA1000864600221946BCF8009008FB092909EB5C
:10CA200011499BB243EA09434EF8043B5CF8043BCE
:10CA3000DEF800101B0C8AB208FB032303EB19433A
:10CA400065454FEA1342E6D8002C4FEA8A02DDF82A
:10CA5000009008BF00220244B145536000F1040079
:10CA6000A0D8DDE902E4DC46002C02DC05E0013C54
:10CA700003D05EF8043D002BF9D06046CCF810409E
:10CA800005B0BDE8F08F034B034862464FF4B17127
:10CA900000F0FCFC7093002084930020F8B512F0A5
:10CAA0000303144607462FD10E46A4102AD03D6C2E
:10CAB000002D32D004F0010364103BB92868B8B1EE
:10CAC000054604F001036410002BF7D02A463146D6
:10CAD0003846FFF71FFF36B17B6C716853F8212091
:10CAE000326043F8216074B1064628680028E7D117
:10CAF0002A4629463846FFF70DFF002328600360C9
:10CB00000546DEE73046F8BD013B0F4A52F82320C8
:10CB10000023FFF715FE0646C7E701213846FFF759
:10CB2000DBFD054640B1012340F27122C0E9043229
:10CB3000002338640360BDE7044B05482A4640F2F1
:10CB4000451100F0A3FC00BF849E002070930020DC
:10CB5000849300202DE9F0470D4691462E69AB687D
:10CB6000496806EB6216741C9C4207464FEA62183D
:10CB700004DD5B009C4201F10101FADC3846FFF75D
:10CB8000ABFD844600284FD0B8F1000F00F114002F
:10CB90000BDD08F105010CEB81010346002243F88F
:10CBA000042B8B42FBD100EB8800296905F11403AB
:10CBB00019F01F0803EB810E2ED0C8F120090246A0
:10CBC0004FF0000A196801FA08F141EA0A0142F837
:10CBD000041B53F8041B9E4521FA09FAF2D8AEEB68
:10CBE0000503153B23F0030305F11502964538BFF5
:10CBF0000023043340F803A0BAF1000F00D13446FB
:10CC00007B6C6A68CCF8104053F8221029606046AB
:10CC100043F82250BDE8F087043853F8042B40F85D
:10CC2000042F9E45F9D8EAE7034B044862464FF4C7
:10CC3000EF7100F02BFC00BF709300208493002064
:10CC400003690A6900B5B3EB020E12D100F1140CAE
:10CC500014310CEB820301EB820101E09C4508D208
:10CC600053F8040D51F8042D9042F7D003D24FF041
:10CC7000FF3E704600BD4FF0010E704600BD00BF84
:10CC80002DE9F04F17460A693B69A2EB0308B8F19A
:10CC9000000F83B00C4615D1143107F1140505EBD4
:10CCA000830501EB830302E0994280F0858053F80D
:10CCB000046D55F8042D9642F6D080F08A804FF02E
:10CCC000010805E0FBDB3B464FF000080F461C4621
:10CCD0007968FFF701FD002800F086803A6926692F
:10CCE000C0F80C8007F1100107F11408834600F129
:10CCF000140704F1140008EB820E944600EB86063C
:10CD00000023B946C2460A46019450F8041B52F863
:10CD1000045F8CB21FFA85F8A8EB0408090C98444C
:10CD2000C1EB154101EB28411FFA88F848EA01449C
:10CD3000864249F8044B4FEA2143E6D8A146019CBC
:10CD4000301B1538153420F00300A64238BF0020F0
:10CD50000AEB00010431C4198E4562460846DC46E0
:10CD600098BF23461AD9A7EB0A070434C61950F80E
:10CD7000045B13FA85F82B442D0C05EB28459BB278
:10CD800043EA05498645C6F800904FEA2543EDD8A9
:10CD90000EF1FF335B1A23F003032344B9F1000FB4
:10CDA00004D153F8041D013A0029FAD06046CCF8AA
:10CDB000102003B0BDE8F08F0021FFF78DFC844602
:10CDC00058B101220023C0E90423604603B0BDE846
:10CDD000F08F3B4627461C467AE7074B07486246DA
:10CDE00040F2372100F052FB0246034B034840F269
:10CDF000452100F04BFB00BF70930020849300207E
:10CE00002DE9F043894683B0012157EC106B904621
:10CE1000FFF762FC0446002846D0C7F30A55C7F363
:10CE200013030DB143F480130193331E15D101A8F0
:10CE3000FFF702FD019B636101212030216115B3E1
:10CE4000A5F233450544C0F13500C9F80050C8F8D3
:10CE50000000204603B0BDE8F08368460093FFF76A
:10CE6000EBFCDDE9002328B1C0F1200103FA01F158
:10CE70000A43C340002B0CBF012102216261A36160
:10CE80002161002DDCD104EB8103A0F23240C9F80E
:10CE900000001869FFF7A6FCC0EB4110C8F80000BD
:10CEA000204603B0BDE8F083034B0448224640F21D
:10CEB0000F3100F0EBFA00BF709300208493002044
:10CEC0002DE9F8430746884616464FF00009756875
:10CED000013D11D4B468A389012B08D9B4F90E30EF
:10CEE00001332146384602D0C04749EA0009013DD6
:10CEF0006B1C04F16804EED13668002EE7D1484679
:10CF0000BDE8F8832DE9F0411546926802B32C681C
:10CF100007468846083401E00834C9B16B68581EDA
:10CF2000002B1146686013DD54F8046C002EF3D01A
:10CF3000334654F8082C4146384602F0FBFB431CAC
:10CF400007D0AA68921B1146AA6008340029E5D1CF
:10CF500000200023C5E90133BDE8F08149B1FF2A73
:10CF600002D80A70012070478A2303604FF0FF3017
:10CF700070470846704700BF70B5002941D006468B
:10CF80000C4610B1436B002B3ED0FCF7DFFB636E09
:10CF9000B4F90C20DD0730D4900538D52146304651
:10CFA00000F04CF8E36A054633B1E1693046984732
:10CFB0000028B8BF4FF0FF35A3891A0639D4216B7A
:10CFC00041B104F14003994202D03046FDF73EFAE8
:10CFD00000232363616C21B13046FDF737FA00234B
:10CFE0006364636E0022DB07A2811ED5A06DFDF78E
:10CFF00003F9FCF7B1FB284670BD002ACED1FCF73F
:10D00000ABFB0025284670BDFCF782FBBDE7A06D99
:10D01000FDF7F4F8B4F90C30002BBFD1636ED907DB
:10D02000EDD4A06DFDF7ECF8E9E7A06DFDF7E8F8A9
:10D03000DCE721693046FDF709FAC0E7B1F90C20B9
:10D040002DE9F041804610070C4650D4496842F45F
:10D0500000630029A38164DDA66A002E44D000216C
:10D0600012F48052D8F80050C8F8001065D1E16978
:10D0700001234046B047411C02466CD0B4F90C3045
:10D08000A66A5B0705D56368D21A236B0BB1E36B05
:10D09000D21A0023E1694046B047471CB4F90C306E
:10D0A0004DD1D8F800101D2940D8304ACA40D607C3
:10D0B0003CD52269226023F40062A281D9044FF09A
:10D0C0000002626003D5D8F80030002B41D0216BFC
:10D0D000C8F8005041B104F14003994202D04046E3
:10D0E000FDF7B4F9002323630020BDE8F0810E6949
:10D0F000002EF9D00D680E6092070CBF4B6900231B
:10D10000AD1B8B600AE02B463246E169676A4046F8
:10D11000B8470028A5EB0005064406DD002DF2DC2B
:10D12000E2E7E16B002997DCDEE7A38943F04003E7
:10D13000A3814FF0FF30BDE8F081226DA1E72269A5
:10D14000226023F40062A281DB044FF000026260DF
:10D15000BDD52065BBE7D8F80030002B8ED01D2B45
:10D1600001D0162BE1D1C8F80050BDE701004020E6
:10D1700000B5034683B008B1426B52B3B1F90C005D
:10D1800098B14A6ED20701D4820512D51846009193
:10D19000FFF754FF00994A6E0346D00702D48A89EC
:10D1A00092050ED5184603B000BD0346184603B0DD
:10D1B00000BD886D01930091FDF720F8DDE90013B3
:10D1C000E4E7886D0093FDF71BF8009B184603B059
:10D1D00000BDCDE90001FCF79BFADDE90031CDE7A8
:10D1E00010B50C46B1F90E1000F06EF8002803DB04
:10D1F000236D0344236510BDA38923F48053A381C9
:10D2000010BD00BF2DE9F0411F46B1F90C301646A4
:10D21000DA050C4605460BD423F48053A381B4F9F8
:10D220000E103B4632462846BDE8F041FCF7C2BD31
:10D230000223B1F90E10002200F030F8B4F90C30DE
:10D24000EAE700BF10B50C46B1F90E1000F026F861
:10D25000B4F90C30421C0EBF23F4805343F48053C6
:10D260002065A38110BD00BFB1F90E1000F004B815
:10D27000004870479CBA002038B5074C002305468B
:10D2800008462360F3F75CFB431C00D038BD2368DD
:10D29000002BFBD02B6038BDB422022038B58C4661
:10D2A000084C114605461A46604600232360F3F7F2
:10D2B00053FB431C00D038BD2368002BFBD02B60F0
:10D2C00038BD00BFB422022038B58C46084C114648
:10D2D00005461A46604600232360F3F72FFB431CE4
:10D2E00000D038BD2368002BFBD02B6038BD00BFB9
:10D2F000B4220220000000000000000001F0FF0145
:10D30000102A2BDB10F0070F08D010F8013B013A70
:10D310008B422DD010F0070F42B3F6D1F0B441EAA2
:10D32000012141EA014122F007047FF000070023B8
:10D33000F0E80256083C85EA010586EA010685FA0E
:10D3400047F5A3FA87F586FA47F6A5FA87F68EB968
:10D35000EED1F0BC01F0FF0102F0070232B110F88B
:10D36000013B013A83EA010313B1F8D10020704771
:10D3700001387047002D06BF35460338073815F0D1
:10D38000010F07D1013015F4807F02BF013015F481
:10D39000C03F0130F0BC0138704700BF30B50446D3
:10D3A00087B05BB110480193D0F8C85171B12046E5
:10D3B000A847421C019B10D007B030BD00F5827316
:10D3C00009480193D0F8C8510029F0D10A462046F7
:10D3D00003A9A847421C019BEED100218A221960B3
:10D3E000226007B030BD00BFC4B8002010B582B0C5
:10D3F000049CCDE900344FF0FF3302F0E7FA02B0AD
:10D4000010BD00BF4DF804BD83B08DED000B019A37
:10D41000DFF870C022F0004300216345016025D889
:10D42000DDF800C053EA0C0C20D0DFF85CC002EA43
:10D430000C0CBCF1000F0AD19FED107B20EE077B96
:10D440008DED007B019A6FF0350122F00043DDE99C
:10D4500000BC6FF31E5242F07F5C1B154CF4001CA5
:10D46000A3F2FE33CDE900BC0B4403609DED000B3D
:10D4700003B05DF804BB7047AFF30080000000000C
:10D4800000005043FFFFEF7F0000F07F00B50B4C22
:10D490002468864685B0E0689C460C4652B108492F
:10D4A0000094CDE9011273460649624600F0B8FFC8
:10D4B000F3F758FA04490A46F2E700BF2CBB0020F4
:10D4C000E8930020F8930020549200202DE9F04FBB
:10D4D00003690C69A34283B0C0F28880013C01F16A
:10D4E000140500F1140855F8243058F824200133AD
:10D4F00008EB84069A4200964FEA840B05EB8407FA
:10D50000B2FBF3F63AD300230191C64629469C4666
:10D5100051F8042BDEF800901FFA82FA06FB0A335A
:10D520004FEA134A120C06FB02A29BB21FFA89FAB9
:10D53000AAEB030363441FFA82FCCCEB234C0CEBF5
:10D54000194C9BB243EA0C438F424EF8043B4FEA1E
:10D550002C4C4FEA1243DBD258F80B3001996BB9CF
:10D56000009B043B984504D307E0984504F1FF3441
:10D5700003D21A68043B002AF7D004618146FFF702
:10D580005FFB00282EDB01364146002255F8040BD4
:10D59000D1F800C01FFA80FE1FFA8CF3A3EB0E0334
:10D5A0001344020CC2EB234202EB1C429BB243EA3F
:10D5B0000243AF4241F8043B4FEA2242E6D258F818
:10D5C000242008EB84036AB9043B984504D307E0A0
:10D5D000984504F1FF3403D21A68043B002AF7D0BF
:10D5E000C9F81040304603B0BDE8F08F002003B00A
:10D5F000BDE8F08F2DE9F04F93B08DED000B049155
:10D60000816B1C9D069257EC106B0446089341B148
:10D61000C26B4A60012393408B60FFF787F80023B9
:10D62000A363B7F10008B4BF012300232B60A34B11
:10D63000BCBF28F00048CDF8048033EA080300F0AE
:10D6400092809DED007BB5EE407BF1EE10FA0DD19E
:10D65000089A012313601D9B13B11D9A984B136008
:10D66000984B0293029813B0BDE8F08F10AAB0EE69
:10D67000470B11A920468DED027BFFF7C1FB5FEA46
:10D6800018539DED027B109A834640F08280119BD7
:10D69000134403F23241202940F3E281C1F14001F9
:10D6A00008FA01F803F2124126FA01F148EA0101F1
:10D6B00006EE101AB8EE466B013B16EE901A4FF0CC
:10D6C0000108A1F1F8719FED772BB7EE081B9FEDD4
:10D6D000775B9FED784B06EE901A03EE903A36EEAC
:10D6E000416BB8EEE33BA6EE025BB0EE456BA3EEFA
:10D6F000046BFDEEC65BB5EEC06BF1EE10FACDED3E
:10D70000055A00F1C0800599D21A162902F1FF3A94
:10D7100000F2A4806C4B03EBC10393ED006BB4EEFD
:10D72000C67BF1EE10FA00F1A281002A40F3C0841A
:10D730000027CDE90A178A4400230993049B092B8B
:10D740003DD8052BC4BF043B0493049BA3F1020303
:10D75000CCBF00250125032B33D8DFE813F0FA01F5
:10D76000F701ED019201089AC8F3130842F20F7312
:10D7700058EA060813601BD11D9B002B00F042865F
:10D78000524B029308331D9A0298136013B0BDE800
:10D79000F08F17EE901AB0EE476BC1F3130141F012
:10D7A0007F51A3F2FF3341F440114FF000088AE7A4
:10D7B0001D9B002B40F06181454B029352E70023F3
:10D7C00004930025E563294620468DED067BFEF790
:10D7D00083FF9DED067B0290002800F0B485119A2E
:10D7E000029BA363002A75DB05990E2972DC364B78
:10D7F00003EBC10393ED003B87EE036BBDEEC66BFD
:10D80000029916EE103A303301F8013B4FF0FF3920
:10D81000B8EEC65BA5EE437B0123B2EE044B11E0EC
:10D8200087EE036BBDEEC66B013316EE102A4B4537
:10D8300002F13002B8EEC65B01F8012BA5EE437B86
:10D8400000F0A38427EE047BB5EE407BF1EE10FAE6
:10D85000E6D1059B013304930D46ECE001230B93C5
:10D86000059BBAF1000FBABFC2F101074FF0000AE1
:10D870000027002B80F2F180059BFF1A5B42099381
:10D8800000230A935AE7B8EEE55BB4EE465BF1EE8F
:10D8900010FA3FF438AF05990139059133E700BF1D
:10D8A000AFF3008061436F63A787D23FB3C8608B3B
:10D8B000288AC63FFB799F501344D33F0000F07F76
:10D8C0006D9300206C930020A00E0020289400206F
:10D8D000349400204FF0FF390695CDF83090B8F120
:10D8E000000F00F0E984DDF8248002F233420121C8
:10D8F00020469244BD18FEF7DFFF0646002F40F099
:10D900009F82099B002B00F09383B8F1000F40F039
:10D9100077835946099A2046FFF7C0F801238346CA
:10D92000099301212046FEF7C7FF0A9B8046002B82
:10D9300040F04582049B012B40F3AA820120504411
:10D9400010F01F0000F008811B2800F3D582C0F101
:10D950001C00054407448244002D05DD59462A4633
:10D960002046FFF7F7F88346BAF1000F05DD414680
:10D9700052462046FFF7EEF880460B9B002B40F006
:10D980000082B9F1000F40F3D781099B002B40F0D2
:10D990002481059B01330493029F012507E059462A
:10D9A00000230A222046FEF7CBFE0135834641467E
:10D9B0005846FFF78BFD4D4500F1300A07F801ABE3
:10D9C000EDDB029BB9F1000F03F1010209F1FF3910
:10D9D0004FF00003D8BF4FF000099144009359461F
:10D9E00001222046FFF7B6F841468346FFF728F9A3
:10D9F000002840F32083029A02E0914500F026833C
:10DA00004D4609F1FF3915F8013C392BF5D00133AA
:10DA100089F8003041462046FEF788FE5EB1009B43
:10DA20002BB1B34203D019462046FEF77FFE3146A4
:10DA30002046FEF77BFE59462046FEF777FE002380
:10DA40002B70089B049A1A601D9B002B3FF40AAEB2
:10DA500002981D6013B0BDE8F08F9A440A936BE6FC
:10DA6000C1F1200106FA01F106EE101A22E6059B2B
:10DA7000013B059300230B93F2E6AC4B0293033377
:10DA800081E601230D93DDE90523134403F1010928
:10DA90004E46012E0C93B8BF0126172E40F39C84EE
:10DAA000012204235B0003F11400B042114602F18D
:10DAB0000102F7D9E16320468DED0E7BFEF70CFEE7
:10DAC0000290002800F03F84B9F10E0F9DED0E7B0F
:10DAD000A06346D8002D44D00599002940F3F18277
:10DAE000934B01F00F0203EBC203CD0593ED006BE6
:10DAF0004FEA211340F18A838E4A92ED085B03F0CE
:10DB00000F03032187EE054B002B00F0FB81894AB0
:10DB100001E05B100832D80703D45B100832DE073F
:10DB2000F7D592ED005B5B1001F1010126EE056B6C
:10DB300000F0E8810832F2E701230D93069B002BE9
:10DB400040F38B81069E0C96B146A6E700230D9309
:10DB500099E700230D93F1E71C2005440744824414
:10DB6000FAE6119A002AC0F24081059B0E2B00F3C1
:10DB70003C816F4B059A03EBC20393ED003B069B80
:10DB8000002B80F2ED82B9F1000F00F3E98240F042
:10DB90008682B1EE046B23EE066BB4EEC67BF1EE2B
:10DBA00010FA494640F27C82029D312305F8013B80
:10DBB0002046FEF7BBFD059B023304933BE731464D
:10DBC00000230A222046FEF7BBFD0C9B002B0646D5
:10DBD00040F3FA83DDF830900595002F05DD3146DE
:10DBE0003A462046FEF7B6FF06460A9B002B40F059
:10DBF000F6823746029D6B1E4B440A93009B03F04E
:10DC000001030C9341465846FFF760FC31460B90E8
:10DC100000F1300A5846FFF713F8414681463A466C
:10DC20002046FFF72DF8C3680146002B36D1099036
:10DC30005846FFF705F8099906902046FEF776FD4D
:10DC4000069A002A5AD1049B1BB90C9B002B00F0AA
:10DC5000A483B9F1000F43DB0A9BA9469D4209F852
:10DC600001AB00F0D782594600230A222046FEF776
:10DC700067FDBE42834631464FF000034FF00A0273
:10DC8000204635D0FEF75CFD3946064600230A22C1
:10DC90002046FEF755FD4D460746B3E72046FEF702
:10DCA00045FDB9F1000F08DB009B03F00102049B66
:10DCB00049EA030952EA09022ED1594601222046B7
:10DCC000FEF748FF41468346FEF7BAFF002840F3BF
:10DCD0004183BAF1390F00F024830B9B03F1310A21
:10DCE00005F801AB059B0096013304933E4691E68F
:10DCF000FEF726FD4D460646074683E7B9F1000FBD
:10DD0000C0F28483049B49EA03090C9B53EA090986
:10DD100000F07C83002A9FDDBAF1390F00F0018307
:10DD20000AF1010305F8013BDCE700BF3494002051
:10DD3000A00E0020780E0020049B022B7FF725AE5A
:10DD4000B9F1000F40F0008241464B4605222046C3
:10DD5000FEF7F6FC014680465846FEF771FF48453F
:10DD600040F3F281029D312305F8013B41462046F4
:10DD7000FEF7DCFC059B02330493002E7FF457AEC4
:10DD800059E641465846FEF75BFF0028BFF6F9AD5D
:10DD9000594600230A222046059DFEF7D1FC099B27
:10DDA000013D8346002B7FF40AAF0C9B002B40F310
:10DDB000FE82059BDDF8309004930595ECE51A464C
:10DDC00001462046FEF76AFE049B012B804640F385
:10DDD000F98100230A93D8F8103008EB83031869FF
:10DDE000FEF700FDC0F12000A9E50D9B73B9002FDF
:10DDF00067D1099B002B74D11D461E4691E5119AEF
:10DE0000002A03DB05990E297FF7B4AE049B012B92
:10DE10007FF765AD099B09F1FF384345C0F2778173
:10DE2000B9F1000FA3EB080880F2BE82A7EB09034B
:10DE3000012120460D93FEF73FFD3D460D9F06460E
:10DE4000BAF1000F7FF75DAD57453B46A8BF53467B
:10DE5000ED1AFF1AAAEB030A53E50021E1632046FD
:10DE60008DED067BFEF738FC9DED067B02900028C9
:10DE700000F06982029BA363002D40F09F81119AFC
:10DE8000AA42C0F27C8201230C93994606936CE669
:10DE9000009B002B7FF452AD019BC3F31303002BB7
:10DEA0007FF44CAD019B23F000431B0D1B05002BA1
:10DEB0003FF444AD012301350AF1010A0A931846E3
:10DEC0003DE5BAF1000F00F0FE8157453B46099E43
:10DED000A8BF5346FD1AAAEB030A2F46002E3FF4B3
:10DEE00020AD5946099A2046FEF7D8FD0023834607
:10DEF00009933D461E4614E51C283FF42DADC0F1A4
:10DF00003C002AE684EE065B0B9B3BB1B7EE006B50
:10DF1000B4EEC65BF1EE10FA00F1E081B1EE0C4B0D
:10DF200006EE901AB8EEE66BA6EE054B14EE901ACC
:10DF300053EC142BA1F15073B9F1000F00F09B804A
:10DF4000DDF814C0484643EC142BB64B029DFDEEA1
:10DF5000C53B03EBC00212ED022B13EE902A02F137
:10DF6000300E0D9A691CB8EEE36B0E4635EE466B2B
:10DF7000002A00F05B81B6EE003B83EE025B35EEDB
:10DF8000445BB4EEC65BF1EE10FA85F800E000F3F6
:10DF90002782B7EE001BB2EE043B002518E00135E6
:10DFA0008542BFF62CAF26EE036B25EE035BFDEE3C
:10DFB000C64B14EE902AB8EEE42B303236EE426BAC
:10DFC000B4EEC56BF1EE10FA01F8012B00F1DF8120
:10DFD00031EE464BB4EEC54BF1EE10FADFD5029AA6
:10DFE0000CF1010C02E0914200F097810D4611F80E
:10DFF000013D392BF7D001330B70CDF810C01AE575
:10E00000314642462046FEF749FD5A46014606463D
:10E010002046FEF77FFC59460D902046FEF786FB12
:10E02000099BDDF834B0B3EB080309937FF471ACBE
:10E030000123099375E403D11AF0010F7FF4DBACDF
:10E040004D4619F8013D302BFAD0E3E4059B029AC6
:10E050000233049331231370DCE406EE901AB1EE20
:10E060000C4BB8EEE66BA5EE064B14EE901A53EC93
:10E07000142BA1F1507343EC142BB1EE046B35EE6D
:10E08000466BB4EEC46BF1EE10FA00F35681B1EEBC
:10E09000444BB4EEC46BF1EE10FA7FF562AD002193
:10E0A0002046FEF743FB069B029D5B420493C2E4BD
:10E0B000059B0A939A460023C2F101070B93FFF7D1
:10E0C0003BBB00F00781059A564B524202F00F010C
:10E0D00003EBC10393ED005B131127EE055B00F02A
:10E0E0007981514A022101E05B100832DD0703D437
:10E0F0005B100832D807F7D592ED006B5B1001F189
:10E10000010125EE065B3FF4FFAE0832F2E7099B02
:10E110000A9AA8EB03031A44012120460A92FEF74B
:10E12000CBFBCA4407EB09050646CDF82480002F37
:10E130003FF4EFAB57453B46A8BF5346ED1AFF1AD5
:10E14000AAEB030AFFF7E5BB41462046FEF7EEFACD
:10E15000069B029D5B420493002E7FF468AC6AE448
:10E16000029B5E1C87EE036BBDEEC66B029A16EE39
:10E17000103AB9F1010F03F13003B8EEC65B314636
:10E180001370A3EE457B7FF447AB37EE077BB4EE0D
:10E19000C37B059BF1EE10FA03F1010304939C4647
:10E1A00008DCB4EE437BF1EE10FA05D116EE103A1E
:10E1B000DB0701D5029A19E70D463CE40C95A94608
:10E1C000069589E4009B002B7FF403AEDDE9001285
:10E1D000C2F31303002B00F0C4800A91FBE57168C1
:10E1E0002046FEF779FA0546002800F004813369DD
:10E1F00002339A0006F10C010C30F2F76DF8294653
:10E2000001222046FEF7A6FC0746F3E40221B0EE09
:10E21000474B79E4059B009601333E460493FFF794
:10E22000DEBB00BFA00E0020780E0020029A24EE74
:10E23000022B012882F800E014D0B2EE043B029ACF
:10E24000151826EE036BFDEEC65B15EE902A3032F4
:10E2500001F8012BA942B8EEE54B36EE446BF0D144
:10E26000711E0144B6EE005B32EE054BB4EEC64BB8
:10E27000F1EE10FA3FF5B3AE35EE425BB4EEC65B9D
:10E28000F1EE10FA0DDC119A002AFFF6B0AD059AF6
:10E290000E2A3FF7ACAD059A03EBC20393ED003BAA
:10E2A00060E70D46013915F8013C302BF9D00CF12F
:10E2B00001030493FFF7BFBB109ADDF82480C2F17D
:10E2C0003602FFF714BB099E002E7FF40AAE3D46CE
:10E2D000FFF727BB0221B0EE475B15E6B9F1000F4F
:10E2E0003FF4BBAE0C9800287FF73BACB2EE043B8A
:10E2F000B1EE0C4B013106EE901A25EE035B059B47
:10E30000B8EEE66BA5EE064B14EE901A03F1FF3C57
:10E3100053EC142BA1F1507315E60CF1010C3123D1
:10E320006AE6A946392309F8013B059B00960133AB
:10E33000029A04933E46FFF763BB029D312305F822
:10E34000013B002134E4334B3348002240F2AF114B
:10E35000FFF79CF87FF4C4AC1AF0010F7FF4B9AC5E
:10E36000BEE4019B23F000431B0D1B05002B3FF473
:10E3700031AD012301350AF1010A0A932BE50D9B0A
:10E38000002B33D101230C93994606932FE50CF112
:10E39000010304930D46FFF74EBBBAF1390FC0D00D
:10E3A00091453FF79AAC9BE44A46FFF7A0BA049A1E
:10E3B000022A05DC059A049299460595FFF7ECBA06
:10E3C0000595DDF83090BBE4049A0595022AF8DC47
:10E3D000994602E4022197E50021E163FFF76BBB58
:10E3E0000CF1010304930D46FFF725BB0D9B06932B
:10E3F00099460C930EE5074B07482A4640F2EF2159
:10E40000FFF744F8054B0293FFF72CB9002A3FF7BA
:10E4100054AC65E4709300203894002028940020C8
:10E420000EB400B582B003ABDFF81CC053F8042B68
:10E4300001930146DCF8000000F008F802B05DF836
:10E4400004EB03B0704700BF2CBB00202DE9F04F58
:10E45000C5B00DF1500A83460491164600210822EA
:10E4600050461C460B93FBF787FABBF1000F04D014
:10E47000DBF83430002B00F04987049B5A6EB3F967
:10E480000C30D00740F14181990400F1A98504992D
:10E4900043F4005322F400528B814A66930401F145
:10E4A000AE80049BB3F90C301D0740F1BD80049A87
:10E4B0001269002A00F0B88003F01A020A2A00F05C
:10E4C000C2800023CDE91933CDE90E331BAADFF852
:10E4D0006C980D93189217460793B0464546D9F8A5
:10E4E000CC41FBF749FCCDF800A003462A4612A90F
:10E4F0005846A047002800F0C580C0F2BB80129AA1
:10E50000252A034601D01D44E9E7B5EB0806044679
:10E5100040F0BC80002319468DF8433008934FF03B
:10E52000FF326B78059205F10108039108F10108AB
:10E530001946A1F120035A2B00F2F280DFE813F014
:10E54000E603F000F000DF03F000F000F000BF038E
:10E55000F000F00007025302F00012020004F00085
:10E56000F1035B005B005B005B005B005B005B003A
:10E570005B005B00F000F000F000F000F000F00045
:10E58000F000F000F000D8019F03F000F000F00070
:10E59000F000F000F000F000F000F000F0001902D0
:10E5A000F000F000F000AA01F000FB02F000F00023
:10E5B000BA05F000F000F000F000F000F000F0000C
:10E5C000F000F000F000D8016801F000F000F00069
:10E5D000950368016D00F0008B03F0007D036A0372
:10E5E00020036D00F000AA016A005902F000F0005B
:10E5F000FB05F0006A00A1F13003002218F8011BAE
:10E6000002EB820203EB4202A1F13003092BF5D9A0
:10E6100008928EE798F8003088E7039B43F02003C8
:10E62000039398F8003081E7049D5846294601F08D
:10E63000E3F8002840F0F687B5F90C3003F01A0231
:10E640000A2A7FF43EAF0499B1F90E20002AFFF6A2
:10E6500038AF4A6ED20702D49F0540F190870499E3
:10E6600023463246584601F015F80790079845B002
:10E67000BDE8F08F082200215046FBF77DF9012309
:10E680001D442CE7B5EB0806044610D01A9B334412
:10E690001A93199B0133072BC7E90086199310DCE5
:10E6A0000837079B33440793002C7FF433AF1A9B42
:10E6B000002B40F06E87049B0022B3F90C301992B6
:10E6C00018E0049918AA584601F024F878B91BAF4D
:10E6D000E7E7049918AA584601F01CF8002800F052
:10E6E0008380099B1BB109995846FBF7AFFE049B39
:10E6F000B3F90C30049A526ED0077FD55B0600F157
:10E700006687079845B0BDE8F08F9F0540F11481FA
:10E710009D047FF5BCAE90047FF5C6AE00F071BFDE
:10E720000029C4D0002301228DF8AC108DF84330AD
:10E7300009930A9205932BAD0692DDE919C0039C5B
:10E7400014F084060146624626D1089B069C1C1BD9
:10E75000002C00F3ED839DF8433003B300260C96A4
:10E760000132012301317B60072A0DF14303CDE91A
:10E7700019213B6000F3868308370C9B63B101329B
:10E7800011AB02313B60072A4FF00203CDE919219A
:10E790007B6000F36B830837802E00F0EE82059BD0
:10E7A0000A981C1A002C00F326830A9B3D60013254
:10E7B0001944072ACDE919217B6000F34C830837FF
:10E7C000039B5C0705D5089B069A9C1A002C00F356
:10E7D0006583DDE9073206988242ACBF9B181B189F
:10E7E000079300297FF475AF00231993099B1BB190
:10E7F00009995846FBF72AFE1BAF6FE69A053FF5CD
:10E800007DAF049CA06DFBF7FBFCB4F90C3075E701
:10E81000039B980640F13C840B9B073323F00702CF
:10E82000536852F8084B0B921E46002BC0F23882F8
:10E83000059A002A07DB039B23F08003039354EA25
:10E84000060300F08C840A2C76F1000380F0F78038
:10E850003034059A9DF843308DF80F41012AB8BF36
:10E8600001220692002B00F0AF83069B01330025A6
:10E8700006930123CDE909530DF20F15DDE91921A6
:10E88000039B13F08406084694463FF45EAF0023D2
:10E890000C9365E70B9E00238DF8433056F8043B3C
:10E8A0000993002B00F05585532900F07284039BD7
:10E8B00013F0100440F06D84059A002AC0F213850D
:10E8C00009982146FEF71AFD9DF84330099D00285E
:10E8D00000F08B86421B0A9222EAE2720692002B1B
:10E8E00000F00E850132059406920B960994C5E757
:10E8F000432903D0039BDD0640F127840822002131
:10E9000016A8FBF739F80B9A2BAD126816AB2946FF
:10E910005846FEF743FD0A90013000F04F860A9BEF
:10E9200023EAE37306930B9B04330B9300238DF8C8
:10E9300043300993059300E7049DA86DFBF75EFC47
:10E94000B5F90C306A6E99043FF5A8AD9FE50B9BB5
:10E9500053F8042B0892002A80F23D83089A0B9307
:10E9600052420892039B43F00403039398F800304B
:10E97000DCE5039B43F010009B0640F14E830B9BAC
:10E98000073323F007031A46596852F8083B0B92E5
:10E9900000228DF84320059A002AC0F2118320F44A
:10E9A0009062039253EA010200F01E8344AD03F02B
:10E9B0000702DB0843EA4173C908303253EA010415
:10E9C000284605F8012DF2D1039B13F0010340F016
:10E9D0009E82059A099344AB5B1B9A42B8BF1A46C4
:10E9E0000A930692A9E62B238DF8433098F800305D
:10E9F0009CE503998E0600F1A48003990B9A11F00F
:10EA0000100052F8043B40F02783039911F04001B5
:10EA100000F0CA848DF843009BB205990026B142EC
:10EA20001C4606DB039921F080010391002B00F0C6
:10EA30007B850A2C76F100030B92FFF409AF039B50
:10EA400009970020CDF830B044A9DDF834B0069025
:10EA500003F48067CDF8288025E00690A319B54817
:10EA600043F10003A0FB032C2CF0030202EB9C02F9
:10EA70009B1AE31A4FF0CC32A046B64602FB03F2D3
:10EA800066F1000600FB0622A3FB0043B8F10A0F63
:10EA900013444FEA54047EF1000E294644EAC3743D
:10EAA0004FEA53062ED3069BA24A01330693A319BD
:10EAB00043F100031046A2FB032525F0030202EBFD
:10EAC00095029B1AE31AA3FB003266F1000500FBD6
:10EAD00005225B0843EAC27303EB8303A4EB430301
:10EAE000303301F8013C4D1E002FB7D006989BF83B
:10EAF00000308342B1D1FF28AFD00A2C76F1000359
:10EB000080F0AF8405999DF84330CDF834B044AA25
:10EB1000521B9142B8BF1146DDE90978DDF830B0EB
:10EB20000A920691002B00F0EE83069B01330693B8
:10EB300000230993A2E6039B43F010019B0640F1DA
:10EB400089820B9B073323F0070200238DF84330A3
:10EB5000059B566852F8084B0B92002BC0F2EE82D0
:10EB600021F08003039354EA06037FF46CAE059B07
:10EB7000002B40F0DE840A930693099344ADDCE554
:10EB8000059C0B990398002247F630039442ADF898
:10EB900044308DF8432051F8043BC0F2D28220F07B
:10EBA000800040F002000390002B00F0E58303F0AA
:10EBB0000F0461481B09045D8DF80F410B9100F0B3
:10EBC0005685022106910DF20F1503F00F011B0966
:10EBD000415C05F8011D43EA0273120953EA020180
:10EBE000F3D144AB5A1B059B0A929342B8BF13461C
:10EBF000069A002A00F03985DDE91921039C0233C9
:10EC000014F0840606930846944600F0E982002337
:10EC10000993B4E5039886063FF5B1AE03990B9AC4
:10EC2000CD0652F8043B00F114850398440640F1E8
:10EC3000C8839BB20B920021AAE603990B9A8C061B
:10EC400002F1040340F1F081126807991160C917BD
:10EC500051600B9342E498F800306C2B00F08F82E7
:10EC6000039A42F01002039260E498F80030682B97
:10EC700000F07B82039A42F04002039256E4039A2A
:10EC8000940642F0100300F100820B9A04320B99B3
:10EC900003930C680B92E6173346002BBFF6C8AD02
:10ECA0002D238DF84330059B644266EB4606002B0E
:10ECB000FFF6C9AD039B23F080030393C3E55846D9
:10ECC000FEF7D6FA43680F931846FBF7AFFA0E909B
:10ECD00004465846FEF7CCFA826898F800300D9248
:10ECE000002C3FF423AC002A3FF420AC1278002A19
:10ECF0003FF41CAC039A42F48062039216E4039B37
:10ED000043F00103039398F800300FE49DF843208B
:10ED100098F80030002A7FF409AC20228DF84320B7
:10ED200004E4039B43F08003039398F80030FFF75B
:10ED3000FDBB00BFCDCCCCCC3C930020C4B80020A0
:10ED4000404610F8011B2A2900F07784A1F1300316
:10ED5000092B98BF002200F2178410F8011B02EB68
:10ED6000820203EB4202A1F13003092BF5D942EAFA
:10ED7000E27305938046FFF7DCBB089B06981C1ADC
:10ED8000002C7FF70CAD102C40F3268438460C95F0
:10ED9000AE4F049D102604E0103C102C00F108003A
:10EDA00015DD01321031072AC0E90076CDE91921BD
:10EDB000F2DD18AA2946584600F0ACFC00287FF482
:10EDC00090AC103C102CDDE919211BA8E9DC0C9D4E
:10EDD0003B46074601322144072ACDE919213B6011
:10EDE0007C6000F3A482059B0A981C1A002C07F192
:10EDF00008077FF7DAAC102C40F3ED823846102676
:10EE0000924F04E0103C102C00F1080016DD013296
:10EE10008E4B1031072AC0E90036CDE91921F1DD0A
:10EE2000049918AA584600F075FC00287FF459ACE4
:10EE3000103C102CDDE919211BA8E8DC3B460746F5
:10EE400001322144072ACDE919213B607C6000F39F
:10EE5000AA800837A9E4049918AA584600F05AFC79
:10EE600000287FF43EAC1A991BAFA9E4049918AAB4
:10EE7000584600F04FFC00287FF433ACDDE919213F
:10EE80001BAF89E4049918AA584600F043FC0028F7
:10EE90007FF427ACDDE919211BAF6EE4102C199B20
:10EEA00040F381833A46049E694F102504E0103CEC
:10EEB000102C02F1080215DD01331031072BC2E9D5
:10EEC0000075CDE91931F2DD18AA3146584600F037
:10EED00021FC00287FF405AC103C102CDDE9193131
:10EEE0001BAAE9DC3E46174601332144072BC7E93C
:10EEF0000064CDE919317FF76CAC049918AA584623
:10EF000000F008FC00287FF4ECAB1A9961E4302A89
:10EF100000F001823023059A05F8013C023844AB29
:10EF20001B1A9A42B8BF1A460A9306920546EFE0AA
:10EF300000230C93102C464E624623DD39461023E5
:10EF40002F46049D04E0103C102C01F1080117DD50
:10EF500001321030072AC1E90063CDE91920F2DD42
:10EF600018AA2946584600F0D5FB00287FF4B9AB13
:10EF7000103C102CDDE919201BA94FF01003E7DC31
:10EF80003D460F4601322118072ACDE919213E607E
:10EF90007C6000F37A819DF843600837002E36D0FC
:10EFA0000026FFF7DDBB049918AA584600F0B2FB13
:10EFB00000287FF496ABDDE919211BAFFFF7F5BB05
:10EFC00020F480620392F1E4099301230A930DF285
:10EFD0000F15FFF7B2BB0B9398F80030FFF7A6BAF6
:10EFE00092047FF561AAF2E2059A002A7FF4DEAC72
:10EFF00010F00102069200F0428130238DF80F31AB
:10F00000059B0A9209930DF20F15FFF796BB0C9B17
:10F01000002B7FF4B4ABFFF7C2BB0B9B1A1D0B9BFD
:10F020000B921B680021B3E4039AD00600F18C8197
:10F03000039A510600F19582039A920540F184816A
:10F040000B9A07991268117003E600BF1CA30020F9
:10F05000549B00200B9B1A1D0B9B05981B680026D8
:10F06000B0428DF843601C4667DB21F080010391BC
:10F07000002B7FF4DEAC0B92002840F05A820A90FD
:10F080000690099044ADFFF758BB0393FFF7C4BB4C
:10F09000039B0B9AD90652F8044B3FF5F8AD039B3E
:10F0A0005E0640F1768144F3C0360B9224B23346BB
:10F0B000FFF7BBBBAD48039B9D0640F1B5800B9BA2
:10F0C000073323F007031A465C6852F8083B0B929B
:10F0D000039A12F00102069240F08C808DF84320D2
:10F0E000059A002AC0F2B780039A22F49062039234
:10F0F00053EA040240F0F380059A002A00F0F681FA
:10F1000003788DF80F31012306920A930DF20F1543
:10F11000DDE91921039B13F084060846944600F0AC
:10F12000A1829DF84330002B00F0AB8200230993AD
:10F130000C93FFF715BB8E48BDE70B920391FFF7C9
:10F1400082BB40F00200039031E50B9B1B688DF8F9
:10F15000AC30012306930A932BADFFF7E4BB002AE2
:10F1600000F0D4813024FFF774BB039B43F4007399
:10F17000039308F1010898F80030FFF7D7B9039B13
:10F1800043F02003039308F1010898F80030FFF7DB
:10F19000CDB9099B13930822002116A8FAF7ECFBBE
:10F1A000059B002BC0F219810024069725461F46B7
:10F1B0000EE02BA95846FEF7F1F8411C284400F058
:10F1C000FD81B84209DC04F1040400F00882054620
:10F1D000139A125916AB002AEBD1069F05950AE146
:10F1E000089C069B0996E41A002C7FF7C8AA022304
:10F1F0000C939FE653EA04025ED100238DF843305E
:10F20000059B002BC0F22181039B23F490630393A1
:10F2100000F0878103788DF80F31069B0A93059BD8
:10F2200006930DF20F1573E70B9A52F8043B0B92FD
:10F23000039AD40608D4520602D59BB2002447E7AD
:10F24000039A960500F18181002441E742F0020211
:10F25000039202220692039A22F48062039203F040
:10F260000F02825C8DF80F211B0943EA0473220907
:10F2700053EA14147FF4A7AC0DF20F15B1E4059B0B
:10F2800044ADCDE90933FFF758BA049918AA584696
:10F2900000F040FA064600287FF423AA9DF8433088
:10F2A000DDE91921002B40F089800C9B1BAF002B5E
:10F2B0007FF465AAFFF773BA30228DF8442000224C
:10F2C0008DF84320059A8DF84510002A039ABDDB7E
:10F2D00022F4906242F0020203920222069203F0AC
:10F2E0000F02825CBEE7099D2846FAF79FFF9DF852
:10F2F00043300A9020EAE0720692002B7FF4F2AAD3
:10F30000099D05930B960993FFF717BA5846FAF72C
:10F31000FFF9FFF7B2B8059A44AB5B1B9A42B8BF3E
:10F320001A460A93002306920993FFF706BA049936
:10F3300018AA584600F0EEF900287FF4D2A9DDE9BA
:10F3400019211BAFFFF72BBA0B9A079912681160AE
:10F350007FE4059B074D0B96062B28BF06230693DB
:10F360000A93099B0593FFF7E8B900BF509300206B
:10F370003C930020649300200B91002C00F0DC8073
:10F38000302301228DF80F310DF20F1523460A921A
:10F3900032E4039B0B929D054ABF44F3C016E61767
:10F3A00064B23346FFF741BA039810F4007600F0D8
:10F3B000CF808DF84310DBB2FFF72FBB1BAFFFF7F9
:10F3C000CFB9039810F4007100F0BB80DBB20B9250
:10F3D0000021FFF7DDBAAC4B32E516AB00930023FA
:10F3E00013AA19465846FEF701F80590013000F0BF
:10F3F000E580099B1393059B002B7CD0632B00F3C6
:10F40000B680002309932BAD0822002116A8FAF735
:10F41000B3FA059C16AB009313AA23462946584617
:10F42000FDF7E4FF844240F01681059900236B54F8
:10F4300021EAE17206929DF84320002A40F0B5804F
:10F44000CDE90A160592FFF778B903788DF80F31E8
:10F45000039B23F480630393069B0A930DF20F151D
:10F4600056E60E9A0F99AD1A2846FAF7DFFB9BF87D
:10F4700001300BB10BF1010B844AA31943F10003D6
:10F48000A2FB030C2CF0030000EB9C001B1AE31AF8
:10F490004FF0CC3166F1000603FB01F102FB0611CF
:10F4A000A3FB023001445B0843EAC1744E08A31970
:10F4B00043F10003A2FB031020F0030101EB9001D4
:10F4C0005B1AE31AA3FB023166F1000002FB001293
:10F4D0005B0843EAC27303EB8303A4EB43033033BB
:10F4E00005F8013C0120013DFFF701BB059B0A9394
:10F4F00044A805460CE69DF84330099D0B96003B59
:10F5000018BF01230693059B0A9301E69DF843303B
:10F510003BB1059BCDE90933012344AD0693FFF7C9
:10F52000ADB9059BFFF727BB059B0B92002B3FF462
:10F5300022AB0024FFF78CB9059B0A9344ADFFF77B
:10F540005BBB03980B92FFF723BADBB20024BFE545
:10F5500005998DF8436000291C46BFF663AAFFF7A2
:10F5600068BA0B9A079912681180FFF772BB591C91
:10F570005846F9F701FA054600B3099044E7886D4B
:10F58000FAF73EFEFFF76BB8002380460593FEF7BF
:10F59000D0BF049918AA584600F0BCF800283FF4E0
:10F5A0008AA8FFF7A4B83A4E9EE4059A0A92069AF2
:10F5B0000B96013206920593FFF760B90498B0F9F3
:10F5C0000C30426E43F04001D207818109D54FF0E3
:10F5D000FF330793FFF795B82B4BFFF7FBBB069F55
:10F5E00009E79905F3D4FFF70CB99BB1059B0B967E
:10F5F0005A1C06920A9305900990FFF73FB9D70766
:10F60000E5D4049B9B899E05E1D4049B986DFAF791
:10F61000F7FDDCE7059A0993CDE905320B960A92CE
:10F62000FFF78BB8049A536ED807D0D49389990505
:10F63000CDD4906DFAF7E4FDC9E70B9A98F8013044
:10F6400052F8041B0B9241EAE17180460591FEF7E6
:10F650006DBF0846E3E4049A938943F04003938125
:10F66000FFF73FB80996FFF770B8069350E5059B82
:10F670000122012BB8BF01230DF20F150A92FFF7EB
:10F68000BBBA0993FFF788B81CA30020CDCCCCCC23
:10F69000549B0020F0B50D46ADF2744D1646898995
:10F6A0006A6E1B92EA89ADF8162021F00201EA6920
:10F6B000ADF8141009921CA96A6A029107460691D6
:10F6C0000B924FF48061002218A8019304910791D6
:10F6D0000892FAF78FFD3246019B02A93846FEF7E1
:10F6E000B5FE061E07DB02A93846FDF741FD0028DE
:10F6F00018BF4FF0FF36BDF814305B0603D5AB8959
:10F7000043F04003AB811898FAF776FD30460DF2CE
:10F71000744DF0BD936810B514461BB9184600230C
:10F72000636010BD00F066F90023A36000236360EE
:10F7300010BD00BF2DE9F0438E681D46AE420B6838
:10F7400083B00C4690463AD8B1F90CC01CF4906FC7
:10F750000FD13546184641462A46FAF77BF8A3688A
:10F760009E1B2368A6602B440020236003B0BDE8E5
:10F77000F0834A69096902EB42025E1A02EBD27217
:10F780006B1C52103344934294BF17461F4693425A
:10F7900088BF1A461CF4806F814612D01146F9F7D3
:10F7A000EBF8F0B1324621690190F0F795FDA2899E
:10F7B000019B22F4906242F08002A28105E02E4675
:10F7C000C8E7F9F7C5FB034638B123613344BE1BD4
:10F7D000A660676123602E46BCE721694846FAF7B8
:10F7E00035FEA3890C2243F04003C9F800204FF0F6
:10F7F000FF30A381BAE700BF10B5354B0446186847
:10F8000082B00B4610B1426B002A53D0B3F90C20E2
:10F81000110711D51869C8B1B3F90C2012F0010114
:10F8200026D059694FF0000C4942C3F808C09961CD
:10F8300020B3002002B010BDD00640D5510723D41C
:10F84000186942F008029A810028E5D19A8902F4E9
:10F850002072B2F5007FDFD019462046019300F0F8
:10F8600045FA019BB3F90C20186912F00101D8D1B7
:10F87000940758BF596999600028DAD11106D9D583
:10F8800042F040029A811FE0196B61B103F1400020
:10F89000814206D020460193FAF7D8FD019BB3F9C7
:10F8A0000C200021196318690021C3E9000122F02E
:10F8B0002402C6E70191F9F72BFF019BA6E7092176
:10F8C00042F0400221609A814FF0FF30B2E700BF62
:10F8D0002CBB00202DE9F04F8BB0DDE91589149F7A
:10F8E00002901C46B8F1000F57D016680196002907
:10F8F000C34608BF4FF0FF37002588460391924664
:10F9000006E0019B53F8040B0193002837D06546AD
:10F91000AF423ED9002C3CD0DBF800300493DBF83A
:10F9200004300593019B02981A68D9F8C8615B46B8
:10F9300006A9B047431C33D000EB050CBC453AD8B0
:10F94000039B013C002BDCD000280DDD08F1FF32C9
:10F95000019E06A900EB020E11F8013B02F8013FDF
:10F960007245F9D101968044019BDAF8002053F8E2
:10F97000040B01930432CAF800200028C7D1039970
:10F98000D84609B1CAF800000022C8F800200CF1DE
:10F99000FF3528460BB0BDE8F08F00F58678A4E768
:10F9A000029B05468A21002228461960CBF80020D8
:10F9B0000BB0BDE8F08FD846DDF810A0DDF814B02C
:10F9C0002846C8E900AB0BB0BDE8F08F00B585B0A4
:10F9D000DFF81CC006980090079801900348006863
:10F9E000CDF808C0FFF776FF05B000BD2CBB0020A6
:10F9F000C4B800209368002B00F0B7802DE9F04FC9
:10FA0000B1F90CC01CF0080F83B00C4680461746B5
:10FA10002DD00B695BB31CF002033E6833D04FF06E
:10FA2000000ADFF8C4B25546B9465D452B4652463A
:10FA300028BF5B464046B5B1E169676AB847002810
:10FA400040F38B80D9F808301B1A8244C9F808307B
:10FA5000002B79D02D1A5D452B46524628BF5B46B8
:10FA60004046002DE8D1D6E900A50836DDE721465D
:10FA70004046FFF7C1FE002874D1B4F90CC03E68BF
:10FA80001CF00203CBD11CF0010A70D1236800974F
:10FA90005546002D54D01CF4007FD4F80890184629
:10FAA00000F0AB80A945CB4600F2E4801CF4906FD7
:10FAB00034D021696269A3EB010902EB420202EB37
:10FAC000D27209F1010352102B44934294BF934622
:10FAD0009B46934288BF1A461CF4806F00F0E98071
:10FAE00011464046F8F748FF002800F0F7804A46E4
:10FAF00021690190F0F7F0FBA289019B22F490624A
:10FB000042F08002A28103EB09002361ABEB090301
:10FB1000C4F814B0A3602060A946AB4651465A46CB
:10FB2000F9F798FEA2682368A2EB0902A260009A86
:10FB300091685B44491B2360916029B1B4F90CC002
:10FB4000D6E900A50836A4E7002003B0BDE8F08F91
:10FB500021464046FDF70CFB68B3B4F90C3043F086
:10FB60004003A3814FF0FF30EFE7002070471D46B0
:10FB70009A461846B946009365B3002831D05246DC
:10FB8000D4E904132068AA4228BF2A46884204D92F
:10FB9000A16803EB010B5A457CDC93426DDCE16903
:10FBA000009A676A4046B847B0F1000BD5DDBAEB62
:10FBB0000B0ACDD00120D9F80830A3EB0B03C9F80C
:10FBC0000830002BC0D0009BA5EB0B055B440093D5
:10FBD000002DD2D1756833460836002DFAD01B6847
:10FBE0000093009F2A460A213846FDF787FB00282C
:10FBF00071D00130A0EB070AC1E722699A4221D3F4
:10FC00006269AA421ED86FF00043AB4228BF2B4660
:10FC1000E16993FBF2F3676A02FB03F34046524645
:10FC2000B847B0F1000998DD009A9368A3EB090387
:10FC3000A5EB09059360002B86D0B4F90CC02368AE
:10FC4000CA4426E7A94528BFA94618464A46514650
:10FC5000F9F700FEA2682368A2EB09024B44A260F8
:10FC60002360002AE0D121464046FDF781FA0028B2
:10FC7000DAD072E7A946AB4650E700990192F9F74E
:10FC8000E9FD019AA3689B1AA360236813442360CB
:10FC900093468CE700995A46F9F7DCFD23685B44EC
:10FCA000236021464046FDF763FA00283FF47FAF0A
:10FCB00053E74046F9F74CF9034600287FF423AF99
:10FCC00021694046FAF7C2FBA3890C22C8F800203C
:10FCD00023F0800343E76A1C924651E70C22B4F9F3
:10FCE0000C30C8F800203AE700FCFF7FB1F90C2087
:10FCF000930706D501F143030122C1E904320B60E9
:10FD0000704730B50B46B1F90E10002999B0044682
:10FD100032DB02AA009300F05BF80028009B29DB8D
:10FD20004FF4806120460093039DF8F725FE009B69
:10FD3000B3F90C20002839D005F4704142F080025C
:10FD400018601861B1F5005F4FF480609A815861C6
:10FD50003AD1B3F90E100093204600F04DF8009B05
:10FD6000B3F90C2080B322F0030242F001024FF4F9
:10FD7000006117E0B3F90C20019312F0800F0CBF63
:10FD80004FF48061402120460091F8F7F5FD019B7A
:10FD90000099B3F90C2048B1C3E9040142F0800294
:10FDA000186000210A439A8119B030BD9105FBD437
:10FDB00022F0030203F1430142F002020120C3E9F1
:10FDC00004109A811960EFE74FF40061EAE700BF81
:10FDD00038B5084C00230546084611462360F0F765
:10FDE000B3FD431C00D038BD2368002BFBD02B6033
:10FDF00038BD00BFB422022038B5074C00230546A9
:10FE000008462360F0F7A6FD431C00D038BD2368E8
:10FE1000002BFBD02B6038BDB42202205FF800F02D
:10FE2000851D00605FF800F0CD2900605FF800F0EC
:10FE3000151600605FF800F0552900605FF800F0CB
:10FE4000E52700605FF800F0CD1E00605FF800F06D
:0CFE5000ED2200605FF800F0D921006096
:04FE5C00F8B500BF36
:10FE600008B10181B0B0008400000000293BFF7F91
:10FE70008408B101B0B0B000FF100D010402060803
:10FE8000010100000000000008B10181B0B0008451
:10FE90000000000008B10181B0B000840000000043
:10FEA000F53AFF7FB0A80100FFFF010008B1018112
:10FEB000B0B0008400000000DD3AFF7FB0AF160054
:10FEC000FF1019011122D6050000B60604F0080142
:10FED000F40688020000010000000000B93AFF7F2C
:10FEE000B0AF0200FF1019010F320A3C0184013645
:10FEF000C00100C801040000010000000000000073
:10FF000008B10181B0B000840000000008B1018197
:10FF1000B0B00084000000000831FF7F0100000045
:10FF20004431FF7F3CFFFF7F5C31FF7F0100000019
:10FF3000A833FF7F38FFFF7FB033FF7F0100000051
:10FF4000BC33FF7F44FFFF7FBC33FF7F48FFFF7F51
:10FF5000C833FF7F01000000E033FF7F0084028090
:10FF60002434FF7F010000006034FF7FB0B0AA801E
:10FF70008C34FF7FB0B0A880F434FF7F0100000014
:10FF8000DC35FF7FB0B0AC800036FF7F01000000A1
:10FF90002C36FF7FB0AA03805836FF7F0100000097
:10FFA0001C37FF7FFCFEFF7F9C37FF7F01000000B6
:10FFB0003038FF7FB0B0AA80EC38FF7FF0FEFF7FC3
:10FFC0002C39FF7FB0A90280CC39FF7FECFEFF7F88
:10FFD000483EFF7F010000004C3EFF7FB0AB028037
:10FFE000F43EFF7F010000001840FF7FF0FEFF7F1E
:10FFF000E840FF7F01000000E078FF7FB0A80380A9
:02000004600397
:100000007479FF7FB0B0A880C479FF7F0100000041
:10001000CC79FF7FB0B0AA80007AFF7FAF76B28044
:10002000CC7AFF7FAB3F3A80347BFF7F010000003A
:100030003C7BFF7FB0B0AA80787BFF7F010000008F
:10004000307CFF7FAC0FB280B47CFF7FB0AF088004
:10005000407FFF7F01000000507FFF7FAC3F0380A7
:100060004482FF7F010000000C84FF7F0084048035
:100070001C84FF7F010000001884FF7FB0AC058066
:100080001887FF7F008404804087FF7F74FEFF7F16
:100090004487FF7F78FEFF7F5087FF7F01000000CD
:1000A0000000000000000000000000000000000050
:1000B0000000000000000000000000000000000040
:1000C0000000000000000000000000000000000030
:1000D0000000000000000000000000000000000020
:1000E0000000000000000000000000000000000010
:1000F0000000000000000000000000000000000000
:1001000000000000000000000000000000000000EF
:1001100000000000000000000000000000000000DF
:1001200000000000000000000000000000000000CF
:1001300000000000000000000000000000000000BF
:1001400000000000000000000000000000000000AF
:10015000000000000000000000000000000000009F
:10016000000000000000000000000000000000008F
:10017000000000000000000000000000000000007F
:10018000000000000000000000000000000000006F
:10019000000000000000000000000000000000005F
:1001A000000000000000000000000000000000004F
:1001B000000000000000000000000000000000003F
:1001C000000000000000000000000000000000002F
:1001D000000000000000000000000000000000001F
:1001E000000000000000000000000000000000000F
:1001F00000000000000000000000000000000000FF
:1002000000000000000000000000000000000000EE
:1002100000000000000000000000000000000000DE
:1002200000000000000000000000000000000000CE
:1002300000000000000000000000000000000000BE
:1002400000000000000000000000000000000000AE
:10025000000000000000000000000000000000009E
:10026000000000000000000000000000000000008E
:10027000000000000000000000000000000000007E
:10028000000000000000000000000000000000006E
:10029000000000000000000000000000000000005E
:1002A000000000000000000000000000000000004E
:1002B000000000000000000000000000000000003E
:1002C000000000000000000000000000000000002E
:1002D000000000000000000000000000000000001E
:1002E000000000000000000000000000000000000E
:1002F00000000000000000000000000000000000FE
:1003000000000000000000000000000000000000ED
:1003100000000000000000000000000000000000DD
:1003200000000000000000000000000000000000CD
:1003300000000000000000000000000000000000BD
:1003400000000000000000000000000000000000AD
:10035000000000000000000000000000000000009D
:10036000000000000000000000000000000000008D
:10037000000000000000000000000000000000007D
:10038000000000000000000000000000000000006D
:10039000000000000000000000000000000000005D
:1003A000000000000000000000000000000000004D
:1003B000000000000000000000000000000000003D
:1003C000000000000000000000000000000000002D
:1003D000000000000000000000000000000000001D
:1003E000000000000000000000000000000000000D
:1003F00000000000000000000000000000000000FD
:1004000000000000000000000000000000000000EC
:1004100000000000000000000000000000000000DC
:1004200000000000000000000000000000000000CC
:1004300000000000000000000000000000000000BC
:1004400000000000000000000000000000000000AC
:10045000000000000000000000000000000000009C
:10046000000000000000000000000000000000008C
:10047000000000000000000000000000000000007C
:10048000000000000000000000000000000000006C
:10049000000000000000000000000000000000005C
:1004A000000000000000000000000000000000004C
:1004B000000000000000000000000000000000003C
:1004C000000000000000000000000000000000002C
:1004D000000000000000000000000000000000001C
:1004E000000000000000000000000000000000000C
:1004F00000000000000000000000000000000000FC
:1005000000000000000000000000000000000000EB
:1005100000000000000000000000000000000000DB
:1005200000000040FB21F93F000000002D44743E14
:10053000000000809846F83C0000006051CC783BF9
:1005400000000080831BF0390000004020257A382D
:10055000000000802282E336000000001DF36935B0
:10056000000000000000F03F748515D3B0D9EF3FC4
:100570000F89F96C58B5EF3F515B12D00193EF3FF3
:100580007B517D3CB872EF3FAAB968318754EF3F89
:100590003862756E7A38EF3FE1DE1FF59D1EEF3F42
:1005A00015B7310AFE06EF3FCBA93A37A7F1EE3F68
:1005B0002234124CA6DEEE3F2D89616008CEEE3F5C
:1005C000272A36D5DABFEE3F824F9D562BB4EE3F39
:1005D000295448DD07ABEE3F85553AB07EA4EE3F87
:1005E000CD3B7F669EA0EE3F745FECE8759FEE3FCB
:1005F0008701EB7314A1EE3F13CE4C9989A5EE3F12
:10060000DBA02A42E5ACEE3FE5C5CDB037B7EE3F03
:1006100090F0A38291C4EE3F5D253EB203D5EE3F3C
:10062000ADD35A999FE8EE3F475EFBF276FFEE3F6F
:100630009C5285DD9B19EF3F6990EFDC2037EF3F3F
:1006400087A4FBDC1858EF3F5F9B7B33977CEF3F21
:10065000DA90A4A2AFA4EF3F40456E5B76D0EF3FA7
:10066000000000000000E8429423914BF86AAC3F80
:10067000F3C4FA50CEBFCE3FD6520CFF422EE63F17
:100680000000000000003843FE822B6547154740FC
:100690009423914BF86ABC3EF3C4FA50CEBF2E3F70
:1006A000D6520CFF422E963FFE822B6547156740BF
:1006B00000000000000038430000FAFE422E76BF22
:1006C0003A3B9EBC9AF70CBDBDFDFFFFFFFFDF3F2D
:1006D0003C5455555555C53F912B17CF5555A53F02
:1006E00017D0A4671111813F000000000000C8422C
:1006F000EF39FAFE422EE63F24C482FFBDBFCE3F53
:10070000B5F40CD7086BAC3FCC5046D2ABB2833FAC
:10071000843A4E9BE0D7553F0000000000000000E7
:10072000000000000000F03F6EBF881A4F3B9B3C6A
:100730003533FBA93DF6EF3F5DDCD89C136071BCFF
:100740006180773E9AECEF3FD16687107A5E90BC6D
:10075000857F6EE815E3EF3F13F6673552D28C3C88
:10076000748515D3B0D9EF3FFA8EF92380CE8BBCB8
:10077000DEF6DD296BD0EF3F61C8E6614EF7603CE5
:10078000C89B751845C7EF3F99D3335BE4A3903CF2
:1007900083F3C6CA3EBEEF3F6D7B835DA69A973C4E
:1007A0000F89F96C58B5EF3FFCEFFD921AB58E3CFE
:1007B000F747722B92ACEF3FD19C2F703DBE3E3C71
:1007C000A2D1D332ECA3EF3F0B6E908934036ABC05
:1007D0001BD3FEAF669BEF3F0EBD2F2A525695BC32
:1007E000515B12D00193EF3F55EA4E8CEF8050BC25
:1007F000CC316CC0BD8AEF3F16F4D5B923C991BC8A
:10080000E02DA9AE9A82EF3FAF555CE9E3D3803C7F
:10081000518EA5C8987AEF3F4893A5EA151B80BC76
:100820007B517D3CB872EF3F3D32DE55F01F8FBCEF
:10083000EA8D8C38F96AEF3FBF53133F8C898B3CAC
:1008400075CB6FEB5B63EF3F26EB11769CD996BCC3
:10085000D45C0484E05BEF3F602F3A3EF7EC9A3CB7
:10086000AAB968318754EF3F9D3886CB82E78FBCA9
:100870001DD9FC22504DEF3F8DC3A644416F8A3CE9
:10088000D68C62883B46EF3F7D04E4B0057A803C1D
:1008900096DC7D91493FEF3F94A8A8E3FD8E963CFE
:1008A0003862756E7A38EF3F7D4874F2185E873C87
:1008B0003FA6B24FCE31EF3FF2E71F982B47803C67
:1008C000DD7CE265452BEF3F5E08713F7BB896BC4F
:1008D0008163F5E1DF24EF3F31AB096DE1F7823C45
:1008E000E1DE1FF59D1EEF3FFABF6F1A9B213DBC55
:1008F00090D9DAD07F18EF3FB40A0C7282378B3C64
:100900000B03E4A68512EF3F8FCBCE8992146E3C89
:10091000562F3EA9AF0CEF3FB6ABB04D754D833CA3
:1009200015B7310AFE06EF3F4C74ACE20142863C3B
:1009300031D84CFC7001EF3F4AF8D35D39DD8F3C74
:10094000FF1664B208FCEE3F045B8E3B80A386BCBE
:10095000F19F925FC5F6EE3F68504BCCED4A92BCDA
:10096000CBA93A37A7F1EE3F8E2D511BF80799BC62
:1009700066D8056DAEECEE3FD236943EE8D171BC40
:10098000F79FE534DBE7EE3F151BCEB3191999BC91
:10099000E5A813C32DE3EE3F6D4C2AA7489F853C85
:1009A0002234124CA6DEEE3F8A69287A601293BC8C
:1009B0001C80AC0445DAEE3F5B8917488FA758BC12
:1009C0002A2EF7210AD6EE3F1B9A49679B2C7CBC46
:1009D00097A850D9F5D1EE3F11ACC260ED63433C0E
:1009E0002D89616008CEEE3FEF64063B0966963CB8
:1009F00057001DED41CAEE3F7903A1DAE1CC6E3C10
:100A0000D03CC1B5A2C6EE3F30120F3F8EFF933CE3
:100A1000DED3D7F02AC3EE3FB0AF7ABBCE90763CA0
:100A2000272A36D5DABFEE3F77E054EBBD1D933C65
:100A30000DDDFD99B2BCEE3F8EA3710034948FBCE6
:100A4000A72C9D76B2B9EE3F49A393DCCCDE87BCE0
:100A50004266CFA2DAB6EE3F5F380FBDC6DE78BC85
:100A6000824F9D562BB4EE3FF65C7BEC461286BC63
:100A70000F925DCAA4B1EE3F8ED7FD180535933CA9
:100A8000DA27B53647AFEE3F059B8A2FB7987B3CF8
:100A9000FDC797D412ADEE3F09541CE2E163903CD0
:100AA000295448DD07ABEE3FEAC6195085C7343CF0
:100AB000B746598A26A9EE3F35C0642BE632943CEE
:100AC0004821AD156FA7EE3F9F7699614AE48CBC33
:100AD00009DC76B9E1A5EE3FA84DEF3BC5338CBCF0
:100AE00085553AB07EA4EE3FAEE92B89785384BC9D
:100AF00020C3CC3446A3EE3F58585678DDCE93BC85
:100B00002522558238A2EE3F64197E80AA10573CF8
:100B100073A94CD455A1EE3F28225EBFEFB393BC1E
:100B2000CD3B7F669EA0EE3F82B93487AD126ABC92
:100B3000BFDA0B7512A0EE3FEEA96DB8EF6763BC8C
:100B40002F1A653CB29FEE3F5188E0543DDC80BCDB
:100B5000849451F97D9FEE3FCF3E5A7E641F78BC4E
:100B6000745FECE8759FEE3FB07D8BC04AEE86BCAB
:100B70007481A5489A9FEE3F8AE6551E321986BCBD
:100B8000C9674256EB9FEE3FD3D4095ECB9C903CA5
:100B90003F5DDE4F69A0EE3F1DA54DB9DC327BBC49
:100BA0008701EB7314A1EE3F6BC06754FDEC943CDE
:100BB00032C13001EDA1EE3F556CD6ABE1EB653CA7
:100BC000624ECF36F3A2EE3F42CFB32FC5A188BC11
:100BD000121A3E5427A4EE3F34373BF1B66993BC5A
:100BE00013CE4C9989A5EE3F1EFF193A845E80BC56
:100BF000ADC723461AA7EE3F6E5772D850D494BCA7
:100C0000ED92449BD9A8EE3F008A0E5B67AD903C05
:100C100099668AD9C7AAEE3FB4EAF0C12FB78D3CD6
:100C2000DBA02A42E5ACEE3FFFE7C59C60B665BCA1
:100C30008C44B51632AFEE3F445FF35983F67B3CEC
:100C400036771599AEB1EE3F833D1EA71F0993BCC1
:100C5000C6FF910B5BB4EE3F291E6C8BB8A95DBC3F
:100C6000E5C5CDB037B7EE3F59B9907CF9236CBCE0
:100C70000F52C8CB44BAEE3FAAF9F422434392BCC8
:100C8000504EDE9F82BDEE3F4B8E66D76CCA85BC50
:100C9000BA07CA70F1C0EE3F27CE912BFCAF713C72
:100CA00090F0A38291C4EE3FBB730AE135D26D3C54
:100CB0002323E31963C8EE3F6322622204C587BC85
:100CC00065E55D7B66CCEE3FD531E2E3861C8B3C6F
:100CD000332D4AEC9BD0EE3F15BBBCD3D1BB91BCAE
:100CE0005D253EB203D5EE3FD231EE9C31CC903C37
:100CF00058B330139ED9EE3FB35A736E8469843C67
:100D0000BFFD79556BDEEE3FB49D8E97CDDF82BC83
:100D10007AF3D3BF6BE3EE3F8733CB92771A8C3CE9
:100D2000ADD35A999FE8EE3FFAD9D14A8F7B90BC58
:100D300066B68D2907EEEE3FBAAEDC56D9C355BC78
:100D4000FB154FB8A2F3EE3F40F6A63D0EA490BCB3
:100D50003A59E58D72F9EE3F3493AD38F4D668BC5C
:100D6000475EFBF276FFEE3F358A586BE2EE91BCB0
:100D70004A06A130B005EF3FCDDD5F0AD7FF743CD6
:100D8000D2C14B901E0CEF3FAC9892FAFBBD91BCC8
:100D9000091ED75BC212EF3FB30CAF30AE6E733C8F
:100DA0009C5285DD9B19EF3F94FD9F5C32E38E3CA6
:100DB0007AD0FF5FAB20EF3FAC5909D18FE0843C84
:100DC0004BD1572EF127EF3F671A4E38AFCD633C1A
:100DD000B5E706946D2FEF3F6819926C2C6B673C5A
:100DE0006990EFDC2037EF3FD2B5CC83188A80BC06
:100DF000FAC35D550B3FEF3F6FFAFF3F5DAD8FBC10
:100E00007C89074A2D47EF3F49A97538AE0D90BC44
:100E1000F2890D08874FEF3FA7073DA685A3743CD5
:100E200087A4FBDC1858EF3F0F2240209E9182BC24
:100E30009883C916E360EF3FAC92C1D5505A8E3CFF
:100E40008532DB03E669EF3F4B6B01AC593A843CDA
:100E500060B401F32173EF3F1F3EB40721D582BC7C
:100E60005F9B7B33977CEF3FC90D473BB92A89BC19
:100E700029A1F5144686EF3FD3883A6004B6743C46
:100E8000F63F8BE72E90EF3F71729D51ECC5833C8E
:100E9000834CC7FB519AEF3FF091D38F12F78FBC71
:100EA000DA90A4A2AFA4EF3F7D7423E298AE8DBC8C
:100EB000F1678E2D48AFEF3F0820AA41BCC38E3C9E
:100EC000275A61EE1BBAEF3F32EBA9C3942B843C47
:100ED00097BA6B372BC5EF3FEE85D131A9648A3CB9
:100EE00040456E5B76D0EF3FEDE33BE4BA378EBC16
:100EF00014BE9CADFDDBEF3F9DCD914D3B89773C12
:100F0000D8909E81C1E7EF3F89CC6041C105533C39
:100F1000F1718F2BC2F3EF3F0080E03779C341437B
:100F2000176E05B5B5B89346F5F93FE9034F384D4F
:100F3000321D30F94877825A3CBF737FDD4F1575FB
:100F4000000000000000F03F00000000000024400E
:100F500000000000000059400000000000408F40E9
:100F6000000000000088C34000000000006AF84054
:100F70000000000080842E4100000000D012634178
:100F80000000000084D797410000000065CDCD41EE
:100F9000000000205FA00242000000E876483742CF
:100FA000000000A2941A6D42000040E59C30A2426D
:100FB0000000901EC4BCD64200003426F56B0C43E2
:100FC0000080E03779C3414300A0D8855734764389
:100FD00000C84E676DC1AB43003D9160E458E143EA
:100FE000408CB5781DAF154450EFE2D6E41A4B445F
:100FF00092D54D06CFF08044F64AE1C7022DB544A4
:10100000B49DD9794378EA440038FAFE422EE63F8F
:101010003067C79357F32E3D000000000000E0BF8B
:10102000605555555555E5BF060000000000E03FEE
:101030004E5559999999E93F7AA429555555E5BFD7
:10104000E945489B5B49F2BFC33F268B2B00F03F2D
:101050000000000000A0F63F0000000000000000BB
:1010600000C8B9F2822CD6BF8056372824B4FA3C87
:10107000000000000080F63F0000000000000000BB
:10108000000858BFBDD1D5BF20F7E0D808A51CBDCA
:10109000000000000060F63F0000000000000000BB
:1010A000005845177776D5BF6D50B6D5A46223BDDD
:1010B000000000000040F63F0000000000000000BB
:1010C00000F82D87AD1AD5BFD567B09EE484E6BC85
:1010D000000000000020F63F0000000000000000BB
:1010E000007877955FBED4BFE03E2993691B04BDAD
:1010F000000000000000F63F0000000000000000BB
:1011000000601CC28B61D4BFCC844C482FD8133DE7
:101110000000000000E0F53F0000000000000000BB
:1011200000A886863004D4BF3A0B82EDF342DC3C43
:101130000000000000C0F53F0000000000000000BB
:10114000004869554CA6D3BF60945186C6B1203D76
:101150000000000000A0F53F0000000000000000BB
:101160000080989ADD47D3BF9280C5D44D59253D64
:10117000000000000080F53F0000000000000000BB
:101180000020E1BAE2E8D2BFD82BB7991E7B263DFA
:10119000000000000060F53F0000000000000000BB
:1011A0000088DE135A89D2BF3FB0CFB614CA153DAE
:1011B000000000000060F53F00000000000000009B
:1011C0000088DE135A89D2BF3FB0CFB614CA153D8E
:1011D000000000000040F53F00000000000000009B
:1011E0000078CFFB4129D2BF76DA5328245A16BDA6
:1011F000000000000020F53F00000000000000009B
:10120000009869C198C8D1BF0454E768BCAF1FBD3E
:10121000000000000000F53F00000000000000009A
:1012200000A8ABAB5C67D1BFF0A88233C61F1F3DDF
:101230000000000000E0F43F00000000000000009B
:101240000048AEF98B05D1BF665A05FDC4A826BD7E
:101250000000000000C0F43F00000000000000009B
:10126000009073E224A3D0BF0E03F47EEE6B0CBD9E
:101270000000000000A0F43F00000000000000009B
:1012800000D0B4942540D0BF7F2DF49EB836F0BC7A
:101290000000000000A0F43F00000000000000007B
:1012A00000D0B4942540D0BF7F2DF49EB836F0BC5A
:1012B000000000000080F43F00000000000000007B
:1012C00000405E6D18B9CFBF873C99AB2A570D3DE2
:1012D000000000000060F43F00000000000000007B
:1012E0000060DCCBADF0CEBF24AF869CB7262B3D93
:1012F000000000000040F43F00000000000000007B
:1013000000F02A6E0727CEBF10FF3F544F2F17BDA6
:10131000000000000020F43F00000000000000007A
:1013200000C04F6B215CCDBF1B68CABB91BA213D89
:10133000000000000000F43F00000000000000007A
:1013400000A09AC7F78FCCBF34849F684F79273DA0
:10135000000000000000F43F00000000000000005A
:1013600000A09AC7F78FCCBF34849F684F79273D80
:101370000000000000E0F33F00000000000000005B
:1013800000902D7486C2CBBF8FB78B31B04E193D04
:101390000000000000C0F33F00000000000000005B
:1013A00000C0804EC9F3CABF6690CD3F634EBA3CC1
:1013B0000000000000A0F33F00000000000000005B
:1013C00000B0E21FBC23CABFEAC146DC648C25BD65
:1013D0000000000000A0F33F00000000000000003B
:1013E00000B0E21FBC23CABFEAC146DC648C25BD45
:1013F000000000000080F33F00000000000000003B
:101400000050F49C5A52C9BFE3D4C104D9D12ABDBB
:10141000000000000060F33F00000000000000003A
:1014200000D02065A07FC8BF09FADB7FBFBD2B3D80
:10143000000000000040F33F00000000000000003A
:1014400000E0100289ABC7BF584A537290DB2B3DB6
:10145000000000000040F33F00000000000000001A
:1014600000E0100289ABC7BF584A537290DB2B3D96
:10147000000000000020F33F00000000000000001A
:1014800000D019E70FD6C6BF66E2B2A36AE410BD6A
:10149000000000000000F33F00000000000000001A
:1014A0000090A77030FFC5BF3950109F439E1EBDEE
:1014B000000000000000F33F0000000000000000FA
:1014C0000090A77030FFC5BF3950109F439E1EBDCE
:1014D0000000000000E0F23F0000000000000000FB
:1014E00000B0A1E3E526C5BF8F5B07908BDE20BD72
:1014F0000000000000C0F23F0000000000000000FB
:101500000080CB6C2B4DC4BF3C783561C10C173DBE
:101510000000000000C0F23F0000000000000000DA
:101520000080CB6C2B4DC4BF3C783561C10C173D9E
:101530000000000000A0F23F0000000000000000DA
:1015400000901E20FC71C3BF3A54274D8678F13CB1
:10155000000000000080F23F0000000000000000DA
:1015600000F01FF85295C2BF08C47117308D24BD1A
:10157000000000000060F23F0000000000000000DA
:1015800000602FD52AB7C1BF96A31118A4802EBD25
:10159000000000000060F23F0000000000000000BA
:1015A00000602FD52AB7C1BF96A31118A4802EBD05
:1015B000000000000040F23F0000000000000000BA
:1015C0000090D07C7ED7C0BFF45BE88896690A3D66
:1015D000000000000040F23F00000000000000009A
:1015E0000090D07C7ED7C0BFF45BE88896690A3D46
:1015F000000000000020F23F00000000000000009A
:1016000000E0DB3191ECBFBFF233A35C547525BD24
:10161000000000000000F23F000000000000000099
:1016200000002B6E0727BEBF3C00F02A2C342A3D59
:10163000000000000000F23F000000000000000079
:1016400000002B6E0727BEBF3C00F02A2C342A3D39
:101650000000000000E0F13F00000000000000007A
:1016600000C05B8F545EBCBF06BE5F58570C1DBDEB
:101670000000000000C0F13F00000000000000007A
:1016800000E04A3A6D92BABFC8AA5BE83539253DF9
:101690000000000000C0F13F00000000000000005A
:1016A00000E04A3A6D92BABFC8AA5BE83539253DD9
:1016B0000000000000A0F13F00000000000000005A
:1016C00000A031D645C3B8BF68562F4D297C133DC5
:1016D0000000000000A0F13F00000000000000003A
:1016E00000A031D645C3B8BF68562F4D297C133DA5
:1016F000000000000080F13F00000000000000003A
:101700000060E58AD2F0B6BFDA7333C9379726BDD9
:10171000000000000060F13F000000000000000039
:101720000020063F071BB5BF575EC6615B021F3D29
:10173000000000000060F13F000000000000000019
:101740000020063F071BB5BF575EC6615B021F3D09
:10175000000000000040F13F000000000000000019
:1017600000E01B96D741B3BFDF13F9CCDA5E2C3D06
:10177000000000000040F13F0000000000000000F9
:1017800000E01B96D741B3BFDF13F9CCDA5E2C3DE6
:10179000000000000020F13F0000000000000000F9
:1017A0000080A3EE3665B1BF09A38F765E7C143D41
:1017B000000000000000F13F0000000000000000F9
:1017C000008011C0300AAFBF918E36839E592D3DE7
:1017D000000000000000F13F0000000000000000D9
:1017E000008011C0300AAFBF918E36839E592D3DC7
:1017F0000000000000E0F03F0000000000000000DA
:1018000000801971DD42ABBF4C70D6E57A821C3D79
:101810000000000000E0F03F0000000000000000B9
:1018200000801971DD42ABBF4C70D6E57A821C3D59
:101830000000000000C0F03F0000000000000000B9
:1018400000C032F65874A7BFEEA1F23446FC2CBD9E
:101850000000000000C0F03F000000000000000099
:1018600000C032F65874A7BFEEA1F23446FC2CBD7E
:101870000000000000A0F03F000000000000000099
:1018800000C0FEB9879EA3BFAAFE26F5B702F53CAD
:101890000000000000A0F03F000000000000000079
:1018A00000C0FEB9879EA3BFAAFE26F5B702F53C8D
:1018B000000000000080F03F000000000000000079
:1018C0000000780E9B829FBFE4097E7C268029BDA4
:1018D000000000000080F03F000000000000000059
:1018E0000000780E9B829FBFE4097E7C268029BD84
:1018F000000000000060F03F000000000000000059
:101900000080D5071BB997BF39A6FA93548D28BD1F
:10191000000000000040F03F000000000000000058
:101920000000FCB0A8C08FBF9CA6D3F67C1EDFBC15
:10193000000000000040F03F000000000000000038
:101940000000FCB0A8C08FBF9CA6D3F67C1EDFBCF5
:10195000000000000020F03F000000000000000038
:101960000000106B2AE07FBFE440DA0D3FE219BDB2
:10197000000000000020F03F000000000000000018
:101980000000106B2AE07FBFE440DA0D3FE219BD92
:10199000000000000000F03F000000000000000018
:1019A0000000000000000000000000000000000037
:1019B000000000000000F03F0000000000000000F8
:1019C0000000000000000000000000000000000017
:1019D0000000000000C0EF3F000000000000000019
:1019E000000089751510803FE82B9D996BC710BDCD
:1019F000000000000080EF3F000000000000000039
:101A0000008093585620903FD2F7E2065BDC23BD5E
:101A1000000000000040EF3F000000000000000058
:101A20000000C9282549983F340C5A32BAA02ABD73
:101A3000000000000000EF3F000000000000000078
:101A40000040E7895D41A03F53D7F15CC011013DE3
:101A50000000000000C0EE3F000000000000000099
:101A600000002ED4AE66A43F28FDBD7573162CBDB4
:101A7000000000000080EE3F0000000000000000B9
:101A800000C09F14AA94A83F7D265AD0957919BD0D
:101A9000000000000040EE3F0000000000000000D9
:101AA00000C0DDCD73CBAC3F0728D847F2681ABD24
:101AB000000000000020EE3F0000000000000000D9
:101AC00000C006C031EAAE3F7B3BC94F3E110EBDA0
:101AD0000000000000E0ED3F0000000000000000FA
:101AE000006046D13B97B13F9B9E0D565D3225BDB0
:101AF0000000000000A0ED3F00000000000000001A
:101B000000E0D1A7F5BDB33FD74EDBA55EC82C3DA5
:101B1000000000000060ED3F000000000000000039
:101B200000A0974D5AE9B53F1E1D5D3C06692CBDCE
:101B3000000000000040ED3F000000000000000039
:101B400000C0EA0AD300B73F32ED9DA98D1EEC3CE0
:101B5000000000000000ED3F000000000000000059
:101B60000040595D5E33B93FDA47BD3A5C11233D11
:101B70000000000000C0EC3F00000000000000007A
:101B80000060AD8DC86ABB3FE568F72B809013BD40
:101B90000000000000A0EC3F00000000000000007A
:101BA0000040BC015888BC3FD3AC5AC6D146263D44
:101BB000000000000060EC3F00000000000000009A
:101BC00000200A8339C7BE3FE045E6AF68C02DBD9F
:101BD000000000000040EC3F00000000000000009A
:101BE00000E0DB3991E8BF3FFD0AA14FD63425BDA7
:101BF000000000000000EC3F0000000000000000BA
:101C000000E027828E17C13FF2072DCE78EF213DED
:101C10000000000000E0EB3F0000000000000000BA
:101C200000F0237E2BAAC13F349938448EA72C3D67
:101C30000000000000A0EB3F0000000000000000DA
:101C40000080860C61D1C23FA1B481CB6C9D033D65
:101C5000000000000080EB3F0000000000000000DA
:101C6000009015B0FC65C33F89724B23A82FC63C7A
:101C7000000000000040EB3F0000000000000000FA
:101C800000B033833D91C43F78B6FD547983253D40
:101C9000000000000020EB3F0000000000000000FA
:101CA00000B0A1E4E527C53FC77D69E5E833263DDF
:101CB0000000000000E0EA3F00000000000000001B
:101CC00000108CBE4E57C63F782E3C2C8BCF193D52
:101CD0000000000000C0EA3F00000000000000001B
:101CE0000070758B12F0C63FE1219CE58D1125BD7A
:101CF0000000000000A0EA3F00000000000000001B
:101D0000005044858D89C73F0543917010661CBD06
:101D1000000000000060EA3F00000000000000003A
:101D2000000039EBAFBEC83FD12CE9AA543D07BD36
:101D3000000000000040EA3F00000000000000003A
:101D40000000F7DC5A5AC93F6FFFA05828F2073D40
:101D5000000000000000EA3F00000000000000005A
:101D600000E08A3CED93CA3F69215650437228BD7A
:101D70000000000000E0E93F00000000000000005B
:101D800000D05B57D831CB3FAAE1AC4E8D350CBDAE
:101D90000000000000C0E93F00000000000000005B
:101DA00000E03B3887D0CB3FB6125459C44B2DBD11
:101DB0000000000000A0E93F00000000000000005B
:101DC0000010F0C6FB6FCC3FD22B96C572ECF1BC75
:101DD000000000000060E93F00000000000000007B
:101DE0000090D4B03DB1CD3F35B015F72AFF2ABDE4
:101DF000000000000040E93F00000000000000007B
:101E00000010E7FF0E53CE3F30F441602712C23C72
:101E1000000000000020E93F00000000000000007A
:101E20000000DDE4ADF5CE3F118EBB651521CABCC7
:101E3000000000000000E93F00000000000000007A
:101E400000B0B36C1C99CF3F30DF0CCAECCB1B3D0C
:101E50000000000000C0E83F00000000000000009B
:101E600000584D603871D03F914EED16DB9CF83C28
:101E70000000000000A0E83F00000000000000009B
:101E8000006061672DC4D03FE9EA3C168B18273DFE
:101E9000000000000080E83F00000000000000009B
:101EA00000E827828E17D13F1CF0A5630E212CBDC0
:101EB000000000000060E83F00000000000000009B
:101EC00000F8ACCB5C6BD13F8116A5F7CD9A2B3DCA
:101ED000000000000040E83F00000000000000009B
:101EE00000685A6399BFD13FB7BD4751EDA62C3D5D
:101EF000000000000020E83F00000000000000009B
:101F000000B80E6D4514D23FEABA46BADE870A3DE4
:101F10000000000000E0E73F0000000000000000BB
:101F20000090DC7CF0BED23FF404504AFA9C2A3D7B
:101F30000000000000C0E73F0000000000000000BB
:101F40000060D3E1F114D33FB83C21D37AE228BD3D
:101F50000000000000A0E73F0000000000000000BB
:101F60000010BE76676BD33FC877F1B0CD6E113DE0
:101F7000000000000080E73F0000000000000000BB
:101F80000030337752C2D33F5CBD06B6543B183D98
:101F9000000000000060E73F0000000000000000BB
:101FA00000E8D523B419D43F9DE090EC36E4083D19
:101FB000000000000040E73F0000000000000000BB
:101FC00000C871C28D71D43F75D66709CE272FBD69
:101FD000000000000020E73F0000000000000000BB
:101FE0000030179EE0C9D43FA4D80A1B89202EBD1B
:101FF000000000000000E73F0000000000000000BB
:1020000000A03807AE22D53F59C7648170BE2E3D6F
:102010000000000000E0E63F0000000000000000BB
:1020200000D0C853F77BD53FEF405DEEEDAD1F3DCF
:102030000000000000C0E63F0000000000000000BB
:10204000006059DFBDD5D53FDC65A4082A0B0ABD69
:10205000BEF3F879EC61F63F1930965BC6FEDEBF41
:102060003D88AF4AED71F53FA4FCD432680BDBBF6D
:10207000B010F0F03995F43F7BB71F0A8B41D7BF02
:102080008503B8B095C9F33F7BCF6D1AE99DD3BFE7
:10209000A564880C190DF33F31B6F2F39B1DD0BF38
:1020A000A08E0B7B225EF23FF07A3B1B1D7CC9BFEA
:1020B0003F341A4A4ABBF13F9F3CAF93E3F9C2BF9A
:1020C000BAE58AF05823F13F5C8D78BFCB60B9BF89
:1020D000A70099413F95F03FCE5F47B69D6FAABFDD
:1020E000000000000000F03F0000000000000000C1
:1020F000AC479AFD8C60EE3F3DF5249FCA38B33F54
:10210000A06A021FB3A4EC3FBA913854A976C43F29
:10211000E6FC6A573620EB3FD2E4C44A0B84CE3F3C
:102120002DAAA163D1C2E93F1C65C6F04506D43F84
:10213000ED417803E686E83FF89F1B2C9C8ED83F44
:10214000624853F5DC67E73FCC7BB14EA4E0DC3F4F
:102150000B6E49C91676D23F7AC675A06919D7BFEA
:10216000DDBAA76C0AC7DE3FC8F6BE484715E7BF11
:102170002BB82A654715F73F000000000000F03F2C
:10218000000000000000F0BF000000000000F0BFF1
:10219000000000000000F03F83C8C96D305F64415B
:1021A000182D4454FB21F93F000000000000F03FCF
:1021B0001C620CFDFFFFDFBF198F06E15355A53FE1
:1021C0009D359AE887C056BFC3F87B024393F93E1A
:1021D00003A695595455C5BFC40B23057610813FFE
:1021E00024CF7437EB9429BF000000000000F03FBB
:1021F000000000000000F0BF000000000000F0BF81
:10220000000000000000F03F83C8C96D305F6441EA
:10221000182D4454FB21F93F000000000000F0BFDE
:102220001C620CFDFFFFDF3F198F06E15355A5BF70
:102230009D359AE887C0563FC3F87B024393F9BEA9
:1022400003A695595455C5BFC40B23057610813F8D
:1022500024CF7437EB9429BFF4FFFFFFF9FFFFFF92
:10226000FBFFFFFF05000000070000000C0000005E
:10227000FFFFFFFFFFFFFFFF0B0000000900000052
:102280000700000006000000080000000A0000002F
:102290000000000002000000040000000500000033
:1022A0000300000001000000F4FD543C5839343CA8
:1022B0004260E53B96438B3C0000240348066A09D4
:1022C0008C0CAB0FC812E215F9180B1C1A1F232235
:1022D000282526281F2B112EFB30DF33BA368C39E8
:1022E000563C173FCE417A441C47B4493F4CBF4E41
:1022F00033519B53F5554258825AB35CD75EEB601D
:10230000F162E864CF66A6686D6A236CC96D5E6F82
:10231000E2705472B573047541766B77847889796D
:102320007C7A5C7B297CE37C897D1D7E9C7E097F99
:10233000617FA67FD87FF57FFF7FF57FD87FA67F5F
:10234000617F097F9C7E1D7E897DE37C297C5C7B8F
:102350007C7A897984786B7741760475B573547289
:10236000E2705E6FC96D236C6D6AA668CF66E86423
:10237000F162EB60D75EB35C825A4258F5559B53CD
:102380003351BF4E3F4CB4491C477A44CE41173FAE
:10239000563C8C39BA36DF33FB30112E1F2B2628E2
:1023A000282523221A1F0B1CF918E215C812AB0F9F
:1023B0008C0C6A09480624030000DCFCB8F996F688
:1023C00074F355F038ED1EEA07E7F5E3E6E0DDDDEE
:1023D000D8DADAD7E1D4EFD105CF21CC46C974C61B
:1023E000AAC3E9C032BE86BBE4B84CB6C1B341B1A2
:1023F000CDAE65AC0BAABEA77EA54DA329A1159FA6
:102400000F9D189B31995A979395DD933792A2901F
:102410001E8FAC8D4B8CFC8ABF8995887C87778614
:102420008485A484D7831D837782E3816481F780C8
:102430009F805A8028800B8001800B8028805A80E2
:102440009F80F7806481E38177821D83D783A48492
:10245000848577867C879588BF89FC8A4B8CAC8D78
:102460001E8FA2903792DD9393955A973199189BBE
:102470000F9D159F29A14DA37EA5BEA70BAA65ACF4
:10248000CDAE41B1C1B34CB6E4B886BB32BEE9C0F3
:10249000AAC374C646C921CC05CFEFD1E1D4DAD79F
:1024A000D8DADDDDE6E0F5E307E71EEA38ED55F0C2
:1024B00074F396F6B8F9DCFC000000000602050192
:1024C00004000300000020400000D0400000A040B5
:1024D0000000704200000000000034430B040902B9
:1024E00007000500000000000000000100000000DF
:1024F00000010200000000010203000000010203CD
:1025000004000001020304050600000000000605A7
:10251000000000000605040000000605040300009A
:10252000060504030200060504030201000102037C
:1025300004050102030405061F1C1F1E1F1E1F1F8A
:102540001E1F1E1F00000000000000000000000011
:10255000000000000000000000000000000000007B
:10256000000000000000000000000000000000006B
:10257000000000000000000000000000000000005B
:10258000000000000000000000000000000000004B
:10259000000000000000000000000000000000003B
:1025A000000000000000000000000000000000002B
:1025B000000000000000000000000000000000001B
:1025C000000000000000000000000000000000000B
:1025D00000000000000000000000000000000000FB
:1025E00000000000000000000000000000000000EB
:1025F00000000000000000000000000000000000DB
:1026000000000000000000000000000000000000CA
:1026100000000000000000000000000000000000BA
:1026200000000000000000000000000000000000AA
:10263000000000000000000000000000000000009A
:102640000000000000000000CDCCCC3E3333333F0F
:102650009A99193F0000003F000000009A99993EA6
:102660000000003FCDCCCC3E0000003F0100010047
:102670003333333FCDCCCC3E0000003F0000003F61
:10268000020001000000003F6666263F9A99193F4C
:102690000000003F010000009A99993E0000003FB1
:1026A000CDCCCC3E0000003F010001003333333F6E
:1026B000CDCCCC3E0000003F0000003F02000100F6
:1026C0000000803F63B0843FC08C893FB2968E3F4C
:1026D000E5CF933F153A993F0CD79E3FA8A8A43F5A
:1026E000D5B0AA3F93F1B03FF56CB73F2025BE3F70
:1026F000501CC53FD254CC3F0CD1D33F7893DB3F25
:10270000A99EE33F49F5EB3F1B9AF43FFE8FFD3F47
:10271000F46C0340783D0840223B0D40996712401D
:1027200096C41740DF531D404B172340C410294067
:1027300044422F40DAAD3540A4553C40D93B43409C
:10274000C2624A40BDCC51403F7C5940D473614085
:1027500021B66940E2457240ED257B409A2C8240CB
:1027600061F18640E0E28B40BC029140A652964067
:1027700061D49B40C189A140AA74A7401197AD4084
:1027800000F3B340928ABA40F65FC1406F75C8400B
:1027900058CDCF401E6AD740484EDF40737CE7409B
:1027A00055F7EF40BEC1F8404CEF004173A805411A
:1027B000E68D0A4144A10F413BE414418A581A4175
:1027C000000020417CDC2541F0EF2B415F3C324191
:1027D000DFC338419A883F41D08C4641D2D24D4127
:1027E0000A5D5541F72D5D413248654169AE6D4145
:1027F00064637641076A7F41A76284412B3C89412B
:102800002A438E414E79934151E09841FF799E4190
:102810003148A441D64CAA41EA89B0418001B74170
:10282000BCB5BD41D7A8C4411EDDCB41F554D34151
:10283000D612DB415019E3410D6BEB41D00AF44154
:1028400072FBFC41F61F0342A7ED074265E80C420C
:10285000D5111242AD6B1742B4F71C42C0B72242E9
:10286000B9AD284298DB2E426B4335424FE73B42DD
:1028700079C9424231EC4942D4515142D6FC5842C6
:10288000C0EF6042372D6942F3B77142CB927A4272
:1028900057E0814253A28642ED908B42C8AD9042F0
:1028A00095FA954217799B421F2BA1429012A7429D
:1028B0006031AD429589B3424A1DBA42ADEEC04285
:1028C0000000C8429B53CF42ECEBD64276CBDE42AF
:1028D000D6F4E642C16AEF420330F842C3A3004394
:1028E000265A0543BB3C0A431F4D0F43018D144339
:1028F0001EFE194344A21F43517B2543368B2B43B5
:10290000F4D33143A157384365183F437E184643FB
:102910003E5A4D430BE0544364AC5C43E0C1644316
:102920002B236D430CD3754366D47E431915844322
:10293000C5EB8843D2EF8D43E8229343C286984388
:10294000271D9E43F3E7A34311E9A9437E22B04329
:102950004A96B6439846BD43A135C443B065CB43C0
:1029600027D9D2437E92DA434594E24323E1EA43F6
:10297000D87BF3433E67FC4325D30244069E0744BD
:10298000D8950C4442BC1144F8121744BF9B1C4418
:102990006D582244E84A284428752E443AD93444D4
:1029A0003B793B445D574244E675494434D7504433
:1029B000B77D5844FA6B60449CA46844582A71441B
:1029C00000007A4441948144735386442A3F8B44E7
:1029D00006599044B9A29544021E9B44B4CCA0442D
:1029E000B0B0A644E9CBAC446720B34442B0B9448C
:1029F000A67DC044D58AC74426DACE44036ED644A9
:102A0000F148DE44896DE6447FDEEE449E9EF74445
:102A100067580045070C0545BFEB09452CF90E45E5
:102A2000FB351445E8A31945BF441F45601A2545E9
:102A3000B7262B45C76B3145A3EB374572A83E45FA
:102A400071A44545F0E14C45556354451D2B5C454B
:102A5000DC3B64453E986C45094375451C3F7E450B
:102A6000B8C783458F9B8845AB9C8D45B6CC9245B6
:102A7000672D984587C09D45EE87A3458785A94565
:102A80004EBBAF45532BB645B6D7BC45AFC2C345C9
:102A900088EECA45A15DD2457212DA45880FE2453B
:102AA0008957EA4534EDF24560D3FB4580860246FE
:102AB000934E07467C430C46E266114677BA1646AB
:102AC00000401C46000080BD00007CBD000078BDB9
:102AD000000074BD000070BD00006CBD000068BD4A
:102AE000000064BD000060BD00005CBD000058BD7A
:102AF000000054BD000050BD00004CBD000048BDAA
:102B0000000044BD000040BD00003CBD000038BDD9
:102B1000000034BD000030BD00002CBD000028BD09
:102B2000000024BD000020BD00001CBD000018BD39
:102B3000000014BD000010BD00000CBD000008BD69
:102B4000000004BD000000BD0000F8BC0000F0BCA7
:102B50000000E8BC0000E0BC0000D8BC0000D0BC15
:102B60000000C8BC0000C0BC0000B8BC0000B0BC85
:102B70000000A8BC0000A0BC000098BC000090BCF5
:102B8000000088BC000080BC000070BC000060BC7D
:102B9000000050BC000040BC000030BC000020BC65
:102BA000000010BC000000BC0000E0BB0000C0BB87
:102BB0000000A0BB000080BB000040BB000000BBC9
:102BC000000080BA000000000000000000000000CB
:102BD00000000000000000000000000000000000F5
:102BE00000000000000000000000000000000000E5
:102BF00000000000000000004DE47C38098DC03961
:102C00005633333AF453843AFF5BB03AFBBBDD3AB8
:102C1000333F063B09571E3B112B373B0BC1503B43
:102C2000E01E6B3B5525833B5825913BB8929F3B5B
:102C3000C970AE3BFCC2BD3BDD8CCD3B12D2DD3B4F
:102C40005F96EE3BA4DDFF3BF0D5083C9902123CB9
:102C5000EC761B3C1935253C613F2F3C1598393CDF
:102C60009C41443C6B3E4F3C0E915A3C243C663C9C
:102C70005E42723C85A67E3CBBB5853C134A8C3CCB
:102C8000D011933C830E9A3CCB41A13C50ADA83C63
:102C9000CC52B03C0234B83CC452C03CF5B0C83C45
:102CA0008350D13C6C33DA3CC05BE33C9BCBEC3CC7
:102CB0002E85F63C5C45003D446F053D83C10A3DD1
:102CC000523D103DF7E3153DC0B61B3D06B7213D13
:102CD0002DE6273DA1452E3DDED6343D679B3B3D8D
:102CE000CD94423DADC4493DB22C513D90CE583DAE
:102CF0000DAC603DFAC6683D3721713DB2BC793DEF
:102D0000B44D813DB4DF853D68958A3DE56F8F3DCB
:102D10004C70943DC497993D7FE79E3DB760A43DBC
:102D2000B104AA3DB9D4AF3D2AD2B53D64FEBB3D46
:102D3000D65AC23DF8E8C83D4FAACF3D6AA0D63D5D
:102D4000E5CCDD3D6A31E53DAECFEC3D73A9F43D08
:102D50008CC0FC3D6B8B023E20D7063E63440B3E8D
:102D60003BD40F3EB487143EE75F193EF15D1E3E33
:102D7000FA82233E32D0283ED5462E3E24E8333E0A
:102D80006EB5393E0AB03F3E5AD9453ECA324C3E36
:102D9000D4BD523EFA7B593ECB6E603EE397673E10
:102DA000E9F86E3E9493763EA4697E3E753E833E7E
:102DB000A267873E50B18B3E7C1C903E2BAA943E6E
:102DC0006C5B993E55319E3E032DA33E9E4FA83E1F
:102DD000559AAD3E630EB33E0AADB83E9677BE3E01
:102DE0005F6FC43EC595CA3E36ECD03E2974D73ECF
:102DF0001F2FDE3EA81EE53E5E44EC3EE8A1F33EFA
:102E0000FB38FB3EAC85013F678D053F9CB4093F15
:102E100043FC0D3F5965123FE2F0163FEC9F1B3F0C
:102E20008B73203FDF6C253F0D8D2A3F44D52F3F0C
:102E3000BE46353FBDE23A3F8DAA403F849F463FA4
:102E400004C34C3F7616533F529B593F1B53603F80
:102E50005D3F673FB2616E3FC2BB753F3F4F7D3FF5
:102E60000600803F3C01803F9A08803F9C1F803FC6
:102E70003754803FC9B8803FE663813F0970823F85
:102E8000FDFA833F0A25863FAE0F893FEFDB8C3F7B
:102E90001AA8913F018D973FA39A9E3F63D4A63F06
:102EA000F62CB03F4C82BA3FDF99C53FEF1DD13FB2
:102EB0004F9CDC3F8987E73FFF3AF13FD402F93F5F
:102EC00000000040000000400000803E6997763E10
:102ED000D4366D3E20E6633EECAC5A3E7592513ED0
:102EE0007D9D483E37D43F3E353C373E5ADA2E3E34
:102EF000D9B2263E2FC91E3E2920173EE6B90F3E05
:102F0000E697083E12BB013E9247F63DE4A3E93D39
:102F10000A8ADD3D3EF8D13D17ECC63DA762BC3DB7
:102F20009558B23D30CAA83D86B39F3D7210973D7B
:102F3000B2DC8E3DEE13873D8D637F3DBE63713DF8
:102F4000C91F643D2D8F573D92A94B3DD666403D2C
:102F500016BF353DADAA2B3D3B22223DA61E193D95
:102F60001F99103D1D8B083D60EE003DDE79F33C5E
:102F700031E2E53CDE0AD93C91E9CC3C7674C13CB7
:102F800037A2B63CF869AC3C51C3A23C47A6993C79
:102F90004D0B913C39EB883C443F813C0402743C2E
:102FA000C354663C456B593CAD3A4D3CB3B8413CCB
:102FB0009FDB363C439A2C3CF1EB223C73C8193C16
:102FC0000B28113C6603093C9953013C3924F43B1E
:102FD0008871E63B7783D93B064FCD3BD0C9C13BD7
:102FE00004EAB63B5EA6AC3B1EF6A23B03D1993B7E
:102FF0003E2F913B7409893BB158813BC92C743BEE
:10300000BB78663B8589593B1E544D3B18CE413BEE
:103010009DED363B65A92C3BAAF8223B27D3193BF3
:103020000B31113BF70A093BF659013BED2EF43AFF
:10303000887AE63A098BD93A6355CD3A2ACFC13A14
:1030400084EEB63A27AAAC3A4DF9A23AB0D3993AEF
:103050007E31913A580B893A485A813A762F743A20
:10306000FB7A663A6A8B593AB5554D3A6ECF413A7A
:10307000BEEE363A57AA2C3A76F9223AD2D3193A0A
:103080009B31113A710B093A5C5A013A982FF43985
:10309000187BE639828BD939C955CD3980CFC139F2
:1030A000CCEEB63963AAAC3980F9A239DBD39939B1
:1030B000A2319139770B8939615A8139A12F74393D
:1030C0001F7B6639888B5939CE554D3984CF4139AC
:1030D000D0EE363966AA2C3983F92239DDD3193975
:1030E000A4311139780B0939635A0139A32FF43807
:1030F000217BE638898BD938D055CD3885CFC1387A
:10310000D0EEB63867AAAC3883F9A238DDD3993847
:10311000A4319138780B8938635A8138A32F7438D9
:10312000217B66388A8B5938D0554D3885CF413848
:10313000D1EE363867AA2C3883F92238DDD3193816
:10314000A5311138790B0938635A0138A32FF437A8
:10315000217BE6378A8BD937D055CD3785CFC1371C
:10316000D1EEB63767AAAC3783F9A237DDD39937EA
:10317000A5319137790B8937635A8137A42F74377A
:10318000217B66378A8B5937D0554D3785CF4137EC
:10319000D1EE363767AA2C3783F92237DDD31937BA
:1031A000A5311137790B0937635A0137A42FF4364B
:1031B000217BE6368A8BD936D055CD3685CFC136C0
:1031C000D1EEB63667AAAC3683F9A236DDD399368E
:1031D000A5319136790B8936635A8136A42F74361E
:1031E000217B66368A8B5936D0554D3685CF413690
:1031F000D1EE363667AA2C3683F92236DDD319365E
:10320000A5311136790B0936635A0136A42FF435EE
:10321000217BE6358A8BD935D055CD3585CFC13563
:10322000D1EEB63567AAAC3583F9A235DDD3993531
:10323000A5319135790B8935635A8135A42F7435C1
:10324000217B66358A8B5935D0554D3585CF413533
:10325000D1EE363567AA2C3583F92235DDD3193501
:10326000A5311135790B0935635A0135A42FF43492
:10327000217BE6348A8BD934D055CD3485CFC13407
:10328000D1EEB63467AAAC3483F9A234DDD39934D5
:10329000A5319134790B8934635A8134A42F743465
:1032A000217B66348A8B5934D0554D3485CF4134D7
:1032B000D1EE363467AA2C3483F92234DDD31934A5
:1032C000A5311134790B0934635A0134000040C12F
:1032D000000040C1000040C1A4703DC1A4703DC1C8
:1032E000A4703DC18FC231C17B1426C166661AC16C
:1032F00052B80EC13D0A03C152B8EEC0295CD7C016
:103300000000C0C00000C0C00000C0C0D574B1C083
:10331000AAE9A2C07E5E94C053D385C053D385C0B2
:1033200053D385C0D1316AC0FDBC48C0284827C0EE
:1033300053D305C0FDBCC8BF53D385BF53D305BF0E
:103340000000000000000000000000000AD7233E3B
:103350000AD7233E0AD7233E0AD7633F295CCF3FD3
:1033600066661640B81E45400AD77340AE47914086
:10337000D7A3A8400000C0400000C0400000C040EB
:103380002B8BCE405616DD4082A1EB40AD2CFA408F
:10339000AD2CFA40AD2CFA4088910441B90C0C4197
:1033A000EB8713411C031B411C031B411C031B41E6
:1033B000554224418E812D41C7C036410000404115
:1033C00000004041000040415C8F42415C8F42411F
:1033D0005C8F42418F134A41C2975141F51B5941BD
:1033E00027A0604127A0604127A060419C856E41D5
:1033F000116B7C4143288541FE1A8C41FE1A8C4199
:10340000FE1A8C4100009041000090410000904164
:10341000051494410A2898410A2898410A2898419D
:103420002B8B9E412B8B9E412B8B9E41984FA54110
:103430000514AC410514AC410514AC41040FB14175
:10344000020AB6410105BB410000C0410000C04175
:103450000000C0410514C4410A28C8410A28C841D7
:103460000A28C841D5CACB419F6DCF416A10D341CC
:1034700035B3D64135B3D64135B3D64175CDDA41F2
:10348000B4E7DE41B4E7DE41B4E7DE41C72DE341F6
:10349000DA73E741EDB9EB410000F0410000F04183
:1034A0000000F0410000F6410000FC410000014234
:1034B000000004420000074200000A4200000D42E2
:1034C00000001042000010420000104200001042B4
:1034D00000000000D50FC93AC60F493BC1CB963B4F
:1034E000880FC93B3053FB3B58CB163C02ED2F3CB9
:1034F000900E493CFF2F623C4B517B3C38398A3C53
:10350000B6C9963C1C5AA33C69EAAF3C9B7ABC3CCA
:10351000B00AC93CA69AD53C7A2AE23C2CBAEE3CC9
:10352000BA49FB3C90EC033D2F340A3DB87B103D7B
:103530002CC3163D880A1D3DCB51233DF698293DED
:1035400007E02F3DFC26363DD56D3C3D91B4423D14
:1035500030FB483DAF414F3D0E88553D4CCE5B3D65
:103560006914623D625A683D38A06E3DE9E5743DDC
:10357000742B7B3D6CB8803D0ADB833D94FD863D1A
:103580000A208A3D6A428D3DB464903DE786933DB2
:1035900005A9963D0ACB993DF9EC9C3DCF0EA03D87
:1035A0008C30A33D3052A63DBA73A93D2B95AC3D5E
:1035B00080B6AF3DBBD7B23DDAF8B53DDD19B93DB8
:1035C000C33ABC3D8D5BBF3D397CC23DC69CC53D09
:1035D00036BDC83D86DDCB3DB7FDCE3DC81DD23DD5
:1035E000B93DD53D895DD83D377DDB3DC49CDE3D91
:1035F0002EBCE13D76DBE43D9AFAE73D9A19EB3DBE
:103600007638EE3D2E57F13DC075F43D2C94F73DD4
:1036100073B2FA3D92D0FD3D4577003E2E06023E44
:103620000295033EC223053E6EB2063E0541083EAA
:1036300086CF093EF35D0B3E4AEC0C3E8B7A0E3E84
:10364000B708103ECC96113ECA24133EB2B2143EC7
:103650008340163E3DCE173EE05B193E6BE91A3EB5
:10366000DE761C3E38041E3E7B911F3EA51E213E89
:10367000B6AB223EAD38243E8CC5253E5152273E86
:10368000FCDE283E8D6B2A3E04F82B3E61842D3EE5
:10369000A2102F3EC99C303ED428323EC4B4333EE3
:1036A0009840353E50CC363EEC57383E6CE3393EC0
:1036B000CF6E3B3E15FA3C3E3E853E3E4910403EB5
:1036C000379B413E0726433EB9B0443E4D3B463E04
:1036D000C2C5473E1850493E4FDA4A3E67644C3EE9
:1036E00060EE4D3E38784F3EF101513E898B523E9F
:1036F0000115543E589E553E8F27573EA4B0583E64
:1037000097395A3E6AC25B3E1A4B5D3EA8D35E3E75
:10371000135C603E5CE4613E836C633E86F4643E11
:10372000667C663E2204683EBA8B693E2F136B3E70
:103730007F9A6C3EAB216E3EB2A86F3E942F713ED5
:1037400051B6723EE83C743E5AC3753EA649773E78
:10375000CCCF783ECB557A3EA4DB7B3E56617D3E96
:10376000E1E67E3E2236803EC0F8803E4ABB813E86
:10377000C07D823E2240833E7002843EAAC4843EC5
:10378000CE86853EDF48863EDA0A873EC1CC873E3C
:10379000938E883E5050893EF7118A3E8AD38A3EE6
:1037A00007958B3E6E568C3EC0178D3EFCD88D3EE5
:1037B000229A8E3E325B8F3E2C1C903E10DD903E56
:1037C000DD9D913E945E923E351F933EBFDF933E5A
:1037D00031A0943E8D60953ED220963E00E1963E0B
:1037E00017A1973E1661983EFE20993ECEE0993E85
:1037F00086A09A3E27609B3EAF1F9C3E20DF9C3EEA
:10380000789E9D3EB85D9E3EDF1C9F3EEEDB9F3E58
:10381000E59AA03EC259A13E8718A23E33D7A23EE8
:10382000C595A33E3F54A43E9F12A53EE5D0A53EBC
:10383000128FA63E254DA73E1F0BA83EFEC8A83EF0
:10384000C486A93E6F44AA3E0102AB3E77BFAB3EA1
:10385000D47CAC3E153AAD3E3CF7AD3E49B4AE3EED
:103860003A71AF3E102EB03ECBEAB03E6BA7B13EF0
:10387000EF63B23E5820B33EA5DCB33ED698B43ECB
:10388000EC54B53EE610B63EC3CCB63E8488B73E97
:103890002A44B83EB2FFB83E1EBBB93E6E76BA3E71
:1038A000A031BB3EB6ECBB3EAFA7BC3E8B62BD3E7B
:1038B0004A1DBE3EEBD7BE3E6F92BF3ED54CC03ECA
:1038C0001E07C13E48C1C13E557BC23E4435C33E82
:1038D00015EFC33EC8A8C43E5C62C53ED21BC63EBF
:1038E00029D5C63E628EC73E7C47C83E7700C93E9A
:1038F00053B9C93E1072CA3EAE2ACB3E2CE3CB3E32
:103900008B9BCC3ECA53CD3EEA0BCE3EEAC3CE3EA5
:10391000CA7BCF3E8A33D03E2AEBD03EAAA2D13E0C
:10392000095AD23E4811D33E67C8D33E647FD43E85
:103930004136D53EFDECD53E99A3D63E135AD73E2F
:103940006B10D83EA3C6D83EB97CD93EAD32DA3E24
:1039500080E8DA3E319EDB3EC153DC3E2E09DD3E7F
:1039600079BEDD3EA273DE3EA928DF3E8DDDDF3E5F
:103970004F92E03EEE46E13E6AFBE13EC4AFE23EDE
:10398000FA63E33E0E18E43EFECBE43ECB7FE53E19
:103990007533E63EFBE6E63E5D9AE73E9C4DE83E2B
:1039A000B700E93EAEB3E93E8166EA3E3019EB3E30
:1039B000BBCBEB3E217EEC3E6330ED3E80E2ED3E44
:1039C0007994EE3E4C46EF3EFBF7EF3E85A9F03E84
:1039D000EA5AF13E290CF23E43BDF23E386EF33E08
:1039E000071FF43EB1CFF43E3580F53E9330F63EEE
:1039F000CBE0F63EDC90F73EC840F83E8EF0F83E55
:103A00002DA0F93EA54FFA3EF7FEFA3E22AEFB3E50
:103A1000275DFC3E040CFD3EBBBAFD3E4A69FE3EFE
:103A2000B217FF3EF3C5FF3E063A003FFF90003F4E
:103A3000E4E7003FB53E013F7395013F1CEC013FB9
:103A4000B142023F3299023F9FEF023FF845033FE8
:103A50003D9C033F6DF2033F8948043F919E043F24
:103A600084F4043F624A053F2CA0053FE2F5053F80
:103A7000824B063F0EA1063F86F6063FE84B073F06
:103A800036A1073F6FF6073F924B083FA1A0083FC2
:103A90009BF5083F7F4A093F4E9F093F09F4093FC4
:103AA000AD480A3F3D9D0A3FB7F10A3F1C460B3F18
:103AB0006B9A0B3FA5EE0B3FC9420C3FD7960C3FCC
:103AC000D0EA0C3FB33E0D3F81920D3F38E60D3FEB
:103AD000DA390E3F658D0E3FDBE00E3F3B340F3F82
:103AE00084870F3FB8DA0F3FD52D103FDC80103FA1
:103AF000CDD3103FA726113F6B79113F19CC113F51
:103B0000B01E123F3071123F9AC3123FEE15133FA1
:103B10002A68133F50BA133F5F0C143F585E143F9E
:103B200039B0143F0402153FB753153F54A5153F54
:103B3000D9F6153F4748163F9F99163FDEEA163FD4
:103B4000073C173F188D173F12DE173FF52E183F21
:103B5000C07F183F73D0183F0F21193F9471193F50
:103B600000C2193F55121A3F93621A3FB8B21A3F6A
:103B7000C6021B3FBB521B3F99A21B3F5FF21B3F7C
:103B80000C421C3FA2911C3F1FE11C3F84301D3F93
:103B9000D17F1D3F06CF1D3F221E1E3F266D1E3FBB
:103BA00012BC1E3FE50A1F3F9F591F3F41A81F3F00
:103BB000CBF61F3F3B45203F9393203FD2E1203F70
:103BC000F92F213F067E213FFBCB213FD719223F12
:103BD0009967223F43B5223FD302233F4B50233FF7
:103BE000A99D233FEEEA233F1A38243F2C85243F2A
:103BF00025D2243F041F253FCB6B253F77B8253FB7
:103C00000A05263F8451263FE39D263F2AEA263FA8
:103C10005636273F6882273F61CE273F401A283F0C
:103C20000566283FB0B1283F41FD283FB848293FED
:103C30001594293F57DF293F802A2A3F8E752A3F56
:103C400082C02A3F5B0B2B3F1B562B3FBFA02B3F55
:103C50004AEB2B3FB9352C3F0F802C3F49CA2C3FF4
:103C600069142D3F6F5E2D3F59A82D3F29F22D3F3E
:103C7000DE3B2E3F78852E3FF7CE2E3F5B182F3F41
:103C8000A5612F3FD3AA2F3FE6F32F3FDE3C303F05
:103C9000BB85303F7CCE303F2217313FAD5F313F97
:103CA0001DA8313F71F0313FAA38323FC780323F03
:103CB000C9C8323FAF10333F7A58333F29A0333F52
:103CC000BCE7333F342F343F8F76343FCFBD343F92
:103CD000F304353FFB4B353FE792353FB8D9353FCD
:103CE0006C20363F0467363F7FAD363FDFF3363F0B
:103CF000233A373F4A80373F55C6373F430C383F5A
:103D00001652383FCB97383F65DD383FE122393FC7
:103D10004268393F85AD393FACF2393FB7373A3F5A
:103D2000A47C3A3F75C13A3F29063B3FC14A3B3F1D
:103D30003B8F3B3F98D33B3FD9173C3FFC5B3C3F1D
:103D400003A03C3FECE33C3FB8273D3F676B3D3F62
:103D5000F9AE3D3F6EF23D3FC5353E3FFF783E3FF9
:103D60001BBC3E3F1BFF3E3FFC413F3FC0843F3FEB
:103D700067C73F3FF009403F5C4C403FA98E403F42
:103D8000DAD0403FEC12413FE154413FB796413F0A
:103D900070D8413F0B1A423F895B423FE89C423F4B
:103DA00029DE423F4C1F433F5160433F38A1433F10
:103DB00000E2433FAB22443F3763443FA5A3443F67
:103DC000F5E3443F2624453F3964453F2DA4453F54
:103DD00003E4453FBB23463F5463463FCEA2463FE4
:103DE0002AE2463F6721473F8560473F849F473F20
:103DF00065DE473F271D483FCA5B483F4E9A483F14
:103E0000B3D8483FFA16493F2155493F2993493FC6
:103E100012D1493FDC0E4A3F874C4A3F138A4A3F42
:103E20007FC74A3FCC044B3FFA414B3F097F4B3F92
:103E3000F8BB4B3FC7F84B3F78354C3F08724C3FBF
:103E400079AE4C3FCBEA4C3FFD264D3F10634D3FD2
:103E5000029F4D3FD5DA4D3F89164E3F1C524E3FD3
:103E6000908D4E3FE4C84E3F17044F3F2B3F4F3FCE
:103E70001F7A4F3FF4B44F3FA8EF4F3F3B2A503FCC
:103E8000AF64503F039F503F37D9503F4A13513FD3
:103E90003D4D513F1087513FC2C0513F54FA513FF1
:103EA000C633523F186D523F49A6523F59DF523F29
:103EB0004918533F1851533FC789533F55C2533F89
:103EC000C3FA533F0F33543F3B6B543F47A3543F18
:103ED00031DB543FFB12553FA44A553F2C82553FDE
:103EE00093B9553FD9F0553FFE27563F025F563FE5
:103EF000E595563FA7CC563F4803573FC739573F34
:103F00002670573F63A6573F7FDC573F7912583FD3
:103F10005348583F0B7E583FA1B3583F16E9583FCE
:103F20006A1E593F9C53593FAD88593F9CBD593F2C
:103F30006AF2593F16275A3FA05B5A3F09905A3FF1
:103F400050C45A3F75F85A3F792C5B3F5A605B3F2B
:103F50001A945B3FB8C75B3F34FB5B3F8E2E5C3FE0
:103F6000C7615C3FDD945C3FD1C75C3FA3FA5C3F17
:103F7000532D5D3FE15F5D3F4D925D3F97C45D3FD7
:103F8000BEF65D3FC3285E3FA65A5E3F678C5E3F2C
:103F900005BE5E3F81EF5E3FDB205F3F12525F3F19
:103FA00027835F3F19B45F3FE9E45F3F9615603FA9
:103FB0002146603F8976603FCFA6603FF2D6603FE2
:103FC000F206613FD036613F8A66613F2296613FCB
:103FD00098C5613FEAF4613F1A24623F2653623F6D
:103FE0001082623FD7B0623F7BDF623FFC0D633FD0
:103FF0005A3C633F956A633FAC98633FA1C6633FF9
:1040000073F4633F2122643FAC4F643F147D643FEF
:1040100059AA643F7BD7643F7904653F5431653FBB
:104020000B5E653FA08A653F10B7653F5EE3653F65
:10403000880F663F8E3B663F7167663F3093663FF1
:10404000CCBE663F45EA663F9915673FCA40673F69
:10405000D86B673FC196673F87C1673F29EC673FD1
:10406000A816683F0341683F396B683F4C95683F2D
:104070003CBF683F07E9683FAE12693F323C693F89
:104080009165693FCC8E693FE4B7693FD7E0693FEE
:10409000A7096A3F52326A3FD95A6A3F3C836A3F56
:1040A0007BAB6A3F95D36A3F8CFB6A3F5E236B3FD5
:1040B0000C4B6B3F95726B3FFB996B3F3BC16B3F6A
:1040C00058E86B3F500F6C3F24366C3FD45C6C3F1C
:1040D0005E836C3FC5A96C3F07D06C3F24F66C3FF4
:1040E0001D1C6D3FF2416D3FA1676D3F2D8D6D3FF2
:1040F00093B26D3FD5D76D3FF2FC6D3FEB216E3F24
:10410000BE466E3F6D6B6E3FF88F6E3F5DB46E3F87
:104110009ED86E3FBAFC6E3FB0206F3F83446F3F26
:1041200030686F3FB88B6F3F1BAF6F3F5AD26F3F06
:1041300073F56F3F6718703F373B703FE15D703F2D
:104140006680703FC6A2703F01C5703F17E7703FA1
:104150000809713FD42A713F7A4C713FFB6D713F62
:10416000578F713F8EB0713F9FD1713F8CF2713F7D
:104170005213723FF433723F7054723FC774723FF0
:10418000F894723F04B5723FEBD4723FACF4723FC7
:104190004714733FBE33733F0E53733F3972733FFF
:1041A0003F91733F1FB0733FD9CE733F6EED733FA6
:1041B000DD0B743F272A743F4B48743F4966743FB8
:1041C0002284743FD5A1743F62BF743FC9DC743F41
:1041D0000BFA743F2717753F1D34753FED50753F3F
:1041E000976D753F1C8A753F7BA6753FB3C2753FBF
:1041F000C6DE753FB3FA753F7A16763F1B32763FBF
:10420000974D763FEC68763F1B84763F249F763F40
:1042100007BA763FC4D4763F5BEF763FCC09773F51
:104220001724773F3C3E773F3A58773F1372773FEA
:10423000C58B773F51A5773FB7BE773FF7D7773F1D
:1042400010F1773F040A783FD122783F773B783FDF
:10425000F853783F526C783F8684783F939C783F40
:104260007BB4783F3BCC783FD6E3783F4AFB783F3E
:104270009812793FBF29793FC040793F9A57793FDB
:104280004E6E793FDC84793F439B793F83B1793F20
:104290009DC7793F91DD793F5EF3793F04097A3F0D
:1042A000841E7A3FDD337A3F10497A3F1C5E7A3FA5
:1042B00002737A3FC1877A3F599C7A3FCBB07A3FED
:1042C00016C57A3F3AD97A3F37ED7A3F0E017B3FE8
:1042D000BE147B3F48287B3FAB3B7B3FE74E7B3F99
:1042E000FC617B3FEA747B3FB2877B3F539A7B3F05
:1042F000CDAC7B3F20BF7B3F4DD17B3F53E37B3F2A
:1043000031F57B3FE9067C3F7A187C3FE5297C3F0D
:10431000283B7C3F444C7C3F3A5D7C3F086E7C3FB1
:10432000B07E7C3F318F7C3F8A9F7C3FBDAF7C3F1E
:10433000C9BF7C3FAECF7C3F6CDF7C3F03EF7C3F4F
:1043400073FE7C3FBC0D7D3FDD1C7D3FD82B7D3F48
:10435000AC3A7D3F59497D3FDE577D3F3D667D3F0D
:1043600074747D3F85827D3F6E907D3F309E7D3FA2
:10437000CCAB7D3F40B97D3F8CC67D3FB2D37D3F06
:10438000B1E07D3F88ED7D3F38FA7D3FC2067E3F3C
:1043900024137E3F5E1F7E3F722B7E3F5E377E3F43
:1043A00023437E3FC14E7E3F385A7E3F88657E3F25
:1043B000B0707E3FB17B7E3F8B867E3F3D917E3FDE
:1043C000C99B7E3F2DA67E3F69B07E3F7FBA7E3F70
:1043D0006DC47E3F34CE7E3FD4D77E3F4CE17E3FDE
:1043E0009DEA7E3FC7F37E3FC9FC7E3FA4057F3F29
:1043F000580E7F3FE4167F3F491F7F3F87277F3F4F
:104400009D2F7F3F8C377F3F543F7F3FF4467F3F58
:104410006D4E7F3FBF557F3FE95C7F3FEC637F3F41
:10442000C76A7F3F7B717F3F08787F3F6D7E7F3F0C
:10443000AB847F3FC28A7F3FB1907F3F78967F3FBA
:10444000189C7F3F91A17F3FE3A67F3F0DAC7F3F4C
:104450000FB17F3FEAB57F3F9EBA7F3F2ABF7F3FC4
:104460008FC37F3FCCC77F3FE2CB7F3FD1CF7F3F22
:1044700098D37F3F37D77F3FAFDA7F3F00DE7F3F64
:1044800029E17F3F2BE47F3F05E77F3FB8E97F3F8E
:1044900043EC7F3FA7EE7F3FE3F07F3FF8F27F3FA3
:1044A000E6F47F3FACF67F3F4AF87F3FC1F97F3F9C
:1044B00011FB7F3F39FC7F3F39FD7F3F13FE7F3F7C
:1044C000C4FE7F3F4EFF7F3FB1FF7F3FECFF7F3F4A
:1044D0000000803FECFF7F3FB1FF7F3F4EFF7F3FFB
:1044E000C4FE7F3F13FE7F3F39FD7F3F39FC7F3F96
:1044F00011FB7F3FC1F97F3F4AF87F3FACF67F3F1A
:10450000E6F47F3FF8F27F3FE3F07F3FA7EE7F3F87
:1045100043EC7F3FB8E97F3F05E77F3F2BE47F3FD8
:1045200029E17F3F00DE7F3FAFDA7F3F37D77F3F14
:1045300098D37F3FD1CF7F3FE2CB7F3FCCC77F3F38
:104540008FC37F3F2ABF7F3F9EBA7F3FEAB57F3F41
:104550000FB17F3F0DAC7F3FE3A67F3F91A17F3F2F
:10456000189C7F3F78967F3FB1907F3FC28A7F3F04
:10457000AB847F3F6D7E7F3F08787F3F7B717F3FBD
:10458000C76A7F3FEC637F3FE95C7F3FBF557F3F5A
:104590006D4E7F3FF4467F3F543F7F3F8C377F3FD8
:1045A0009D2F7F3F87277F3F491F7F3FE4167F3F37
:1045B000580E7F3FA4057F3FC9FC7E3FC7F37E3F77
:1045C0009DEA7E3F4CE17E3FD4D77E3F34CE7E3F96
:1045D0006DC47E3F7FBA7E3F69B07E3F2DA67E3F91
:1045E000C99B7E3F3D917E3F8B867E3FB17B7E3F68
:1045F000B0707E3F88657E3F385A7E3FC14E7E3F19
:1046000023437E3F5E377E3F722B7E3F5E1F7E3FA1
:1046100024137E3FC2067E3F38FA7D3F88ED7D3F02
:10462000B1E07D3FB2D37D3F8CC67D3F40B97D3F39
:10463000CCAB7D3F309E7D3F6E907D3F85827D3F40
:1046400074747D3F3D667D3FDE577D3F59497D3F18
:10465000AC3A7D3FD82B7D3FDD1C7D3FBC0D7D3FBF
:1046600073FE7C3F03EF7C3F6CDF7C3FAECF7C3F33
:10467000C9BF7C3FBDAF7C3F8A9F7C3F318F7C3F71
:10468000B07E7C3F086E7C3F3A5D7C3F444C7C3F73
:10469000283B7C3FE5297C3F7A187C3FE9067C3F3C
:1046A00031F57B3F53E37B3F4DD17B3F20BF7B3FC9
:1046B000CDAC7B3F539A7B3FB2877B3FEA747B3F15
:1046C000FC617B3FE74E7B3FAB3B7B3F48287B3F1A
:1046D000BE147B3F0E017B3F37ED7A3F3AD97A3FDC
:1046E00016C57A3FCBB07A3F599C7A3FC1877A3F53
:1046F00002737A3F1C5E7A3F10497A3FDD337A3F7E
:10470000841E7A3F04097A3F5EF3793F91DD793F59
:104710009DC7793F83B1793F439B793FDC84793FE3
:104720004E6E793F9A57793FC040793FBF29793F14
:104730009812793F4AFB783FD6E3783F3BCC783FED
:104740007BB4783F939C783F8684783F526C783F67
:10475000F853783F773B783FD122783F040A783F7F
:1047600010F1773FF7D7773FB7BE773F51A5773F37
:10477000C58B773F1372773F3A58773F3C3E773F80
:104780001724773FCC09773F5BEF763FC4D4763F61
:1047900007BA763F249F763F1B84763FEC68763FCE
:1047A000974D763F1B32763F7A16763FB3FA753FC8
:1047B000C6DE753FB3C2753F7BA6753F1C8A753F49
:1047C000976D753FED50753F1D34753F2717753F49
:1047D0000BFA743FC9DC743F62BF743FD5A1743FCC
:1047E0002284743F4966743F4B48743F272A743FC4
:1047F000DD0B743F6EED733FD9CE733F1FB0733F37
:104800003F91733F3972733F0E53733FBE33733F13
:104810004714733FACF4723FEBD4723F04B5723F60
:10482000F894723FC774723F7054723FF433723F12
:104830005213723F8CF2713F9FD1713F8EB0713F26
:10484000578F713FFB6D713F7A4C713FD42A713F96
:104850000809713F17E7703F01C5703FC6A2703F5E
:104860006680703FE15D703F373B703F6718703F77
:1048700073F56F3F5AD26F3F1BAF6F3FB88B6F3FDF
:1048800030686F3F83446F3FB0206F3FBAFC6E3F8C
:104890009ED86E3F5DB46E3FF88F6E3F6D6B6E3F7E
:1048A000BE466E3FEB216E3FF2FC6D3FD5D76D3FAC
:1048B00093B26D3F2D8D6D3FA1676D3FF2416D3F0E
:1048C0001D1C6D3F24F66C3F07D06C3FC5A96C3FA3
:1048D0005E836C3FD45C6C3F24366C3F500F6C3F62
:1048E00058E86B3F3BC16B3FFB996B3F95726B3F49
:1048F0000C4B6B3F5E236B3F8CFB6A3F95D36A3F4B
:104900007BAB6A3F3C836A3FD95A6A3F52326A3F67
:10491000A7096A3FD7E0693FE4B7693FCC8E693F9A
:104920009165693F323C693FAE12693F07E9683FD4
:104930003CBF683F4C95683F396B683F0341683F17
:10494000A816683F29EC673F87C1673FC196673F5C
:10495000D86B673FCA40673F9915673F45EA663F96
:10496000CCBE663F3093663F7167663F8E3B663FC5
:10497000880F663F5EE3653F10B7653FA08A653FDD
:104980000B5E653F5431653F7904653F7BD7643FDB
:1049900059AA643F147D643FAC4F643F2122643FB9
:1049A00073F4633FA1C6633FAC98633F956A633F6E
:1049B0005A3C633FFC0D633F7BDF623FD7B0623FF1
:1049C0001082623F2653623F1A24623FEAF4613F3D
:1049D00098C5613F2296613F8A66613FD036613F4C
:1049E000F206613FF2D6603FCFA6603F8976603F16
:1049F0002146603F9615603FE9E45F3F19B45F3F91
:104A000027835F3F12525F3FDB205F3F81EF5E3FB6
:104A100005BE5E3F678C5E3FA65A5E3FC3285E3F81
:104A2000BEF65D3F97C45D3F4D925D3FE15F5D3FE8
:104A3000532D5D3FA3FA5C3FD1C75C3FDD945C3FE3
:104A4000C7615C3F8E2E5C3F34FB5B3FB8C75B3F6A
:104A50001A945B3F5A605B3F792C5B3F75F85A3F75
:104A600050C45A3F09905A3FA05B5A3F16275A3FFD
:104A70006AF2593F9CBD593FAD88593F9C53593FFD
:104A80006A1E593F16E9583FA1B3583F0B7E583F65
:104A90005348583F7912583F7FDC573F63A6573F32
:104AA0002670573FC739573F4803573FA7CC563F5B
:104AB000E595563F025F563FFE27563FD9F0553FDA
:104AC00093B9553F2C82553FA44A553FFB12553FA1
:104AD00031DB543F47A3543F3B6B543F0F33543FAC
:104AE000C3FA533F55C2533FC789533F1851533FF1
:104AF0004918533F59DF523F49A6523F186D523F64
:104B0000C633523F54FA513FC2C0513F1087513F04
:104B10003D4D513F4A13513F37D9503F039F503FBE
:104B2000AF64503F3B2A503FA8EF4F3FF4B44F3F94
:104B30001F7A4F3F2B3F4F3F17044F3FE4C84E3F74
:104B4000908D4E3F1C524E3F89164E3FD5DA4D3F59
:104B5000029F4D3F10634D3FFD264D3FCBEA4C3F3A
:104B600079AE4C3F08724C3F78354C3FC7F84B3F0D
:104B7000F8BB4B3F097F4B3FFA414B3FCC044B3FC7
:104B80007FC74A3F138A4A3F874C4A3FDC0E4A3F61
:104B900012D1493F2993493F2155493FFA16493FD0
:104BA000B3D8483F4E9A483FCA5B483F271D483F0D
:104BB00065DE473F849F473F8560473F6721473F0A
:104BC0002AE2463FCEA2463F5463463FBB23463FC0
:104BD00003E4453F2DA4453F3964453F2624453F26
:104BE000F5E3443FA5A3443F3763443FAB22443F32
:104BF00000E2433F38A1433F5160433F4C1F433FD6
:104C000029DE423FE89C423F895B423F0B1A423F0C
:104C100070D8413FB796413FE154413FEC12413FCC
:104C2000DAD0403FA98E403F5C4C403FF009403F06
:104C300067C73F3FC0843F3FFC413F3F1BFF3E3FB4
:104C40001BBC3E3FFF783E3FC5353E3F6EF23D3FC9
:104C5000F9AE3D3F676B3D3FB8273D3FECE33C3F3E
:104C600003A03C3FFC5B3C3FD9173C3F98D33B3F04
:104C70003B8F3B3FC14A3B3F29063B3F75C13A3F13
:104C8000A47C3A3FB7373A3FACF2393F85AD393F64
:104C90004268393FE122393F65DD383FCB97383FE5
:104CA0001652383F430C383F55C6373F4A80373F8E
:104CB000233A373FDFF3363F7FAD363F0467363F59
:104CC0006C20363FB8D9353FE792353FFB4B353F37
:104CD000F304353FCFBD343F8F76343F342F343F1C
:104CE000BCE7333F29A0333F7A58333FAF10333FFF
:104CF000C9C8323FC780323FAA38323F71F0313FD6
:104D00001DA8313FAD5F313F2217313F7CCE303F90
:104D1000BB85303FDE3C303FE6F32F3FD3AA2F3F29
:104D2000A5612F3F5B182F3FF7CE2E3F78852E3F92
:104D3000DE3B2E3F29F22D3F59A82D3F6F5E2D3FC0
:104D400069142D3F49CA2C3F0F802C3FB9352C3FA9
:104D50004AEB2B3FBFA02B3F1B562B3F5B0B2B3F40
:104D600082C02A3F8E752A3F802A2A3F57DF293F7B
:104D70001594293FB848293F41FD283FB0B1283F4D
:104D80000566283F401A283F61CE273F6882273FAB
:104D90005636273F2AEA263FE39D263F8451263F89
:104DA0000A05263F77B8253FCB6B253F041F253FDB
:104DB00025D2243F2C85243F1A38243FEEEA233F96
:104DC000A99D233F4B50233FD302233F43B5223FAE
:104DD0009967223FD719223FFBCB213F067E213F17
:104DE000F92F213FD2E1203F9393203F3B45203FC5
:104DF000CBF61F3F41A81F3F9F591F3FE50A1F3FAA
:104E000012BC1E3F266D1E3F221E1E3F06CF1D3FB9
:104E1000D17F1D3F84301D3F1FE11C3FA2911C3FED
:104E20000C421C3F5FF21B3F99A21B3FBB521B3F32
:104E3000C6021B3FB8B21A3F93621A3F55121A3F7F
:104E400000C2193F9471193F0F21193F73D0183FC9
:104E5000C07F183FF52E183F12DE173F188D173F01
:104E6000073C173FDEEA163F9F99163F4748163F1B
:104E7000D9F6153F54A5153FB753153F0402153F0A
:104E800039B0143F585E143F5F0C143F50BA133FC3
:104E90002A68133FEE15133F9AC3123F3071123F39
:104EA000B01E123F19CC113F6B79113FA726113F5D
:104EB000CDD3103FDC80103FD52D103FB8DA0F3F27
:104EC00084870F3F3B340F3FDBE00E3F658D0E3F85
:104ED000DA390E3F38E60D3F81920D3FB33E0D3F6C
:104EE000D0EA0C3FD7960C3FC9420C3FA5EE0B3FD2
:104EF0006B9A0B3F1C460B3FB7F10A3F3D9D0A3FA3
:104F0000AD480A3F09F4093F4E9F093F7F4A093FD8
:104F10009BF5083FA1A0083F924B083F6FF6073F63
:104F200036A1073FE84B073F86F6063F0EA1063F36
:104F3000824B063FE2F5053F2CA0053F624A053F44
:104F400084F4043F919E043F8948043F6DF2033F7F
:104F50003D9C033FF845033F9FEF023F3299023FDC
:104F6000B142023F1CEC013F7395013FB53E013F4A
:104F7000E4E7003FFF90003F063A003FF3C5FF3EE5
:104F8000B217FF3E4A69FE3EBBBAFD3E040CFD3E31
:104F9000275DFC3E22AEFB3EF7FEFA3EA54FFA3EF1
:104FA0002DA0F93E8EF0F83EC840F83EDC90F73E6A
:104FB000CBE0F63E9330F63E3580F53EB1CFF43E81
:104FC000071FF43E386EF33E43BDF23E290CF23E1D
:104FD000EA5AF13E85A9F03EFBF7EF3E4C46EF3E24
:104FE0007994EE3E80E2ED3E6330ED3E217EEC3E74
:104FF000BBCBEB3E3019EB3E8166EA3EAEB3E93EF9
:10500000B700E93E9C4DE83E5D9AE73EFBE6E63E92
:105010007533E63ECB7FE53EFECBE43E0E18E43E24
:10502000FA63E33EC4AFE23E6AFBE13EEE46E13E98
:105030004F92E03E8DDDDF3EA928DF3EA273DE3ECB
:1050400079BEDD3E2E09DD3EC153DC3E319EDB3EA6
:1050500080E8DA3EAD32DA3EB97CD93EA3C6D83E0E
:105060006B10D83E135AD73E99A3D63EFDECD53EE1
:105070004136D53E647FD43E67C8D33E4811D33E07
:10508000095AD23EAAA2D13E2AEBD03E8A33D03E64
:10509000CA7BCF3EEAC3CE3EEA0BCE3ECA53CD3EDC
:1050A0008B9BCC3E2CE3CB3EAE2ACB3E1072CA3E4D
:1050B00053B9C93E7700C93E7C47C83E628EC73EA1
:1050C00029D5C63ED21BC63E5C62C53EC8A8C43EBA
:1050D00015EFC33E4435C33E557BC23E48C1C13E79
:1050E0001E07C13ED54CC03E6F92BF3EEBD7BE3EC1
:1050F0004A1DBE3E8B62BD3EAFA7BC3EB6ECBB3E7A
:10510000A031BB3E6E76BA3E1EBBB93EB2FFB83E82
:105110002A44B83E8488B73EC3CCB63EE610B63EBD
:10512000EC54B53ED698B43EA5DCB33E5820B33E11
:10513000EF63B23E6BA7B13ECBEAB03E102EB03E5D
:105140003A71AF3E49B4AE3E3CF7AD3E153AAD3E86
:10515000D47CAC3E77BFAB3E0102AB3E6F44AA3E6F
:10516000C486A93EFEC8A83E1F0BA83E254DA73EFB
:10517000128FA63EE5D0A53E9F12A53E3F54A43E09
:10518000C595A33E33D7A23E8718A23EC259A13E81
:10519000E59AA03EEEDB9F3EDF1C9F3EB85D9E3E43
:1051A000789E9D3E20DF9C3EAF1F9C3E27609B3E2D
:1051B00086A09A3ECEE0993EFE20993E1661983E2A
:1051C00017A1973E00E1963ED220963E8D60953E17
:1051D00031A0943EBFDF933E351F933E945E923ED6
:1051E000DD9D913E10DD903E2C1C903E325B8F3E4B
:1051F000229A8E3EFCD88D3EC0178D3E6E568C3E58
:1052000007958B3E8AD38A3EF7118A3E5050893EDD
:10521000938E883EC1CC873EDA0A873EDF48863EC1
:10522000CE86853EAAC4843E7002843E2240833EE0
:10523000C07D823E4ABB813EC0F8803E2236803E21
:10524000E1E67E3E56617D3EA4DB7B3ECB557A3E59
:10525000CCCF783EA649773E5AC3753EE83C743EB3
:1052600051B6723E942F713EB2A86F3EAB216E3E96
:105270007F9A6C3E2F136B3EBA8B693E2204683EC8
:10528000667C663E86F4643E836C633E5CE4613E0D
:10529000135C603EA8D35E3E1A4B5D3E6AC25B3E25
:1052A00097395A3EA4B0583E8F27573E589E553ED8
:1052B0000115543E898B523EF101513E38784F3EE4
:1052C00060EE4D3E67644C3E4FDA4A3E1850493E10
:1052D000C2C5473E4D3B463EB9B0443E0726433E1D
:1052E000379B413E4910403E3E853E3E15FA3C3ECE
:1052F000CF6E3B3E6CE3393EEC57383E50CC363EE9
:105300009840353EC4B4333ED428323EC99C303E2A
:10531000A2102F3E61842D3E04F82B3E8D6B2A3E59
:10532000FCDE283E5152273E8CC5253EAD38243E3A
:10533000B6AB223EA51E213E7B911F3E38041E3E89
:10534000DE761C3E6BE91A3EE05B193E3DCE173E11
:105350008340163EB2B2143ECA24133ECC96113E90
:10536000B708103E8B7A0E3E4AEC0C3EF35D0B3EC6
:1053700086CF093E0541083E6EB2063EC223053E79
:105380000295033E2E06023E4577003E92D0FD3D3B
:1053900073B2FA3D2C94F73DC075F43D2E57F13DA4
:1053A0007638EE3D9A19EB3D9AFAE73D76DBE43D1F
:1053B0002EBCE13DC49CDE3D377DDB3D895DD83DA3
:1053C000B93DD53DC81DD23DB7FDCE3D86DDCB3DB7
:1053D00036BDC83DC69CC53D397CC23D8D5BBF3DD9
:1053E000C33ABC3DDD19B93DDAF8B53DBBD7B23D96
:1053F00080B6AF3D2B95AC3DBA73A93D3052A63D6A
:105400008C30A33DCF0EA03DF9EC9C3D0ACB993DDD
:1054100005A9963DE786933DB464903D6A428D3D73
:105420000A208A3D94FD863D0ADB833D6CB8803DB1
:10543000742B7B3DE9E5743D38A06E3D625A683DB2
:105440006914623D4CCE5B3D0E88553DAF414F3DEA
:1054500030FB483D91B4423DD56D3C3DFC26363D88
:1054600007E02F3DF698293DCB51233D880A1D3D8D
:105470002CC3163DB87B103D2F340A3D90EC033D04
:10548000BA49FB3C2CBAEE3C7A2AE23CA69AD53CBF
:10549000B00AC93C9B7ABC3C69EAAF3C1C5AA33CAD
:1054A000B6C9963C38398A3C4B517B3CFF2F623C55
:1054B000900E493C02ED2F3C58CB163C3053FB3B41
:1054C000880FC93BC1CB963BC60F493BD50FC93AA4
:1054D00032310D25D50FC9BAC60F49BBC1CB96BB1A
:1054E000880FC9BB3053FBBB58CB16BC02ED2FBC99
:1054F000900E49BCFF2F62BC4B517BBC38398ABC33
:10550000B6C996BC1C5AA3BC69EAAFBC9B7ABCBCAA
:10551000B00AC9BCA69AD5BC7A2AE2BC2CBAEEBCA9
:10552000BA49FBBC90EC03BD2F340ABDB87B10BD5B
:105530002CC316BD880A1DBDCB5123BDF69829BDCD
:1055400007E02FBDFC2636BDD56D3CBD91B442BDF4
:1055500030FB48BDAF414FBD0E8855BD4CCE5BBD45
:10556000691462BD625A68BD38A06EBDE9E574BDBC
:10557000742B7BBD6CB880BD0ADB83BD94FD86BDFA
:105580000A208ABD6A428DBDB46490BDE78693BD92
:1055900005A996BD0ACB99BDF9EC9CBDCF0EA0BD67
:1055A0008C30A3BD3052A6BDBA73A9BD2B95ACBD3E
:1055B00080B6AFBDBBD7B2BDDAF8B5BDDD19B9BD98
:1055C000C33ABCBD8D5BBFBD397CC2BDC69CC5BDE9
:1055D00036BDC8BD86DDCBBDB7FDCEBDC81DD2BDB5
:1055E000B93DD5BD895DD8BD377DDBBDC49CDEBD71
:1055F0002EBCE1BD76DBE4BD9AFAE7BD9A19EBBD9E
:105600007638EEBD2E57F1BDC075F4BD2C94F7BDB4
:1056100073B2FABD92D0FDBD457700BE2E0602BE24
:10562000029503BEC22305BE6EB206BE054108BE8A
:1056300086CF09BEF35D0BBE4AEC0CBE8B7A0EBE64
:10564000B70810BECC9611BECA2413BEB2B214BEA7
:10565000834016BE3DCE17BEE05B19BE6BE91ABE95
:10566000DE761CBE38041EBE7B911FBEA51E21BE69
:10567000B6AB22BEAD3824BE8CC525BE515227BE66
:10568000FCDE28BE8D6B2ABE04F82BBE61842DBEC5
:10569000A2102FBEC99C30BED42832BEC4B433BEC3
:1056A000984035BE50CC36BEEC5738BE6CE339BEA0
:1056B000CF6E3BBE15FA3CBE3E853EBE491040BE95
:1056C000379B41BE072643BEB9B044BE4D3B46BEE4
:1056D000C2C547BE185049BE4FDA4ABE67644CBEC9
:1056E00060EE4DBE38784FBEF10151BE898B52BE7F
:1056F000011554BE589E55BE8F2757BEA4B058BE44
:1057000097395ABE6AC25BBE1A4B5DBEA8D35EBE55
:10571000135C60BE5CE461BE836C63BE86F464BEF1
:10572000667C66BE220468BEBA8B69BE2F136BBE50
:105730007F9A6CBEAB216EBEB2A86FBE942F71BEB5
:1057400051B672BEE83C74BE5AC375BEA64977BE58
:10575000CCCF78BECB557ABEA4DB7BBE56617DBE76
:10576000E1E67EBE223680BEC0F880BE4ABB81BE66
:10577000C07D82BE224083BE700284BEAAC484BEA5
:10578000CE8685BEDF4886BEDA0A87BEC1CC87BE1C
:10579000938E88BE505089BEF7118ABE8AD38ABEC6
:1057A00007958BBE6E568CBEC0178DBEFCD88DBEC5
:1057B000229A8EBE325B8FBE2C1C90BE10DD90BE36
:1057C000DD9D91BE945E92BE351F93BEBFDF93BE3A
:1057D00031A094BE8D6095BED22096BE00E196BEEB
:1057E00017A197BE166198BEFE2099BECEE099BE65
:1057F00086A09ABE27609BBEAF1F9CBE20DF9CBECA
:10580000789E9DBEB85D9EBEDF1C9FBEEEDB9FBE38
:10581000E59AA0BEC259A1BE8718A2BE33D7A2BEC8
:10582000C595A3BE3F54A4BE9F12A5BEE5D0A5BE9C
:10583000128FA6BE254DA7BE1F0BA8BEFEC8A8BED0
:10584000C486A9BE6F44AABE0102ABBE77BFABBE81
:10585000D47CACBE153AADBE3CF7ADBE49B4AEBECD
:105860003A71AFBE102EB0BECBEAB0BE6BA7B1BED0
:10587000EF63B2BE5820B3BEA5DCB3BED698B4BEAB
:10588000EC54B5BEE610B6BEC3CCB6BE8488B7BE77
:105890002A44B8BEB2FFB8BE1EBBB9BE6E76BABE51
:1058A000A031BBBEB6ECBBBEAFA7BCBE8B62BDBE5B
:1058B0004A1DBEBEEBD7BEBE6F92BFBED54CC0BEAA
:1058C0001E07C1BE48C1C1BE557BC2BE4435C3BE62
:1058D00015EFC3BEC8A8C4BE5C62C5BED21BC6BE9F
:1058E00029D5C6BE628EC7BE7C47C8BE7700C9BE7A
:1058F00053B9C9BE1072CABEAE2ACBBE2CE3CBBE12
:105900008B9BCCBECA53CDBEEA0BCEBEEAC3CEBE85
:10591000CA7BCFBE8A33D0BE2AEBD0BEAAA2D1BEEC
:10592000095AD2BE4811D3BE67C8D3BE647FD4BE65
:105930004136D5BEFDECD5BE99A3D6BE135AD7BE0F
:105940006B10D8BEA3C6D8BEB97CD9BEAD32DABE04
:1059500080E8DABE319EDBBEC153DCBE2E09DDBE5F
:1059600079BEDDBEA273DEBEA928DFBE8DDDDFBE3F
:105970004F92E0BEEE46E1BE6AFBE1BEC4AFE2BEBE
:10598000FA63E3BE0E18E4BEFECBE4BECB7FE5BEF9
:105990007533E6BEFBE6E6BE5D9AE7BE9C4DE8BE0B
:1059A000B700E9BEAEB3E9BE8166EABE3019EBBE10
:1059B000BBCBEBBE217EECBE6330EDBE80E2EDBE24
:1059C0007994EEBE4C46EFBEFBF7EFBE85A9F0BE64
:1059D000EA5AF1BE290CF2BE43BDF2BE386EF3BEE8
:1059E000071FF4BEB1CFF4BE3580F5BE9330F6BECE
:1059F000CBE0F6BEDC90F7BEC840F8BE8EF0F8BE35
:105A00002DA0F9BEA54FFABEF7FEFABE22AEFBBE30
:105A1000275DFCBE040CFDBEBBBAFDBE4A69FEBEDE
:105A2000B217FFBEF3C5FFBE063A00BFFF9000BF2E
:105A3000E4E700BFB53E01BF739501BF1CEC01BF99
:105A4000B14202BF329902BF9FEF02BFF84503BFC8
:105A50003D9C03BF6DF203BF894804BF919E04BF04
:105A600084F404BF624A05BF2CA005BFE2F505BF60
:105A7000824B06BF0EA106BF86F606BFE84B07BFE6
:105A800036A107BF6FF607BF924B08BFA1A008BFA2
:105A90009BF508BF7F4A09BF4E9F09BF09F409BFA4
:105AA000AD480ABF3D9D0ABFB7F10ABF1C460BBFF8
:105AB0006B9A0BBFA5EE0BBFC9420CBFD7960CBFAC
:105AC000D0EA0CBFB33E0DBF81920DBF38E60DBFCB
:105AD000DA390EBF658D0EBFDBE00EBF3B340FBF62
:105AE00084870FBFB8DA0FBFD52D10BFDC8010BF81
:105AF000CDD310BFA72611BF6B7911BF19CC11BF31
:105B0000B01E12BF307112BF9AC312BFEE1513BF81
:105B10002A6813BF50BA13BF5F0C14BF585E14BF7E
:105B200039B014BF040215BFB75315BF54A515BF34
:105B3000D9F615BF474816BF9F9916BFDEEA16BFB4
:105B4000073C17BF188D17BF12DE17BFF52E18BF01
:105B5000C07F18BF73D018BF0F2119BF947119BF30
:105B600000C219BF55121ABF93621ABFB8B21ABF4A
:105B7000C6021BBFBB521BBF99A21BBF5FF21BBF5C
:105B80000C421CBFA2911CBF1FE11CBF84301DBF73
:105B9000D17F1DBF06CF1DBF221E1EBF266D1EBF9B
:105BA00012BC1EBFE50A1FBF9F591FBF41A81FBFE0
:105BB000CBF61FBF3B4520BF939320BFD2E120BF50
:105BC000F92F21BF067E21BFFBCB21BFD71922BFF2
:105BD000996722BF43B522BFD30223BF4B5023BFD7
:105BE000A99D23BFEEEA23BF1A3824BF2C8524BF0A
:105BF00025D224BF041F25BFCB6B25BF77B825BF97
:105C00000A0526BF845126BFE39D26BF2AEA26BF88
:105C1000563627BF688227BF61CE27BF401A28BFEC
:105C2000056628BFB0B128BF41FD28BFB84829BFCD
:105C3000159429BF57DF29BF802A2ABF8E752ABF36
:105C400082C02ABF5B0B2BBF1B562BBFBFA02BBF35
:105C50004AEB2BBFB9352CBF0F802CBF49CA2CBFD4
:105C600069142DBF6F5E2DBF59A82DBF29F22DBF1E
:105C7000DE3B2EBF78852EBFF7CE2EBF5B182FBF21
:105C8000A5612FBFD3AA2FBFE6F32FBFDE3C30BFE5
:105C9000BB8530BF7CCE30BF221731BFAD5F31BF77
:105CA0001DA831BF71F031BFAA3832BFC78032BFE3
:105CB000C9C832BFAF1033BF7A5833BF29A033BF32
:105CC000BCE733BF342F34BF8F7634BFCFBD34BF72
:105CD000F30435BFFB4B35BFE79235BFB8D935BFAD
:105CE0006C2036BF046736BF7FAD36BFDFF336BFEB
:105CF000233A37BF4A8037BF55C637BF430C38BF3A
:105D0000165238BFCB9738BF65DD38BFE12239BFA7
:105D1000426839BF85AD39BFACF239BFB7373ABF3A
:105D2000A47C3ABF75C13ABF29063BBFC14A3BBFFD
:105D30003B8F3BBF98D33BBFD9173CBFFC5B3CBFFD
:105D400003A03CBFECE33CBFB8273DBF676B3DBF42
:105D5000F9AE3DBF6EF23DBFC5353EBFFF783EBFD9
:105D60001BBC3EBF1BFF3EBFFC413FBFC0843FBFCB
:105D700067C73FBFF00940BF5C4C40BFA98E40BF22
:105D8000DAD040BFEC1241BFE15441BFB79641BFEA
:105D900070D841BF0B1A42BF895B42BFE89C42BF2B
:105DA00029DE42BF4C1F43BF516043BF38A143BFF0
:105DB00000E243BFAB2244BF376344BFA5A344BF47
:105DC000F5E344BF262445BF396445BF2DA445BF34
:105DD00003E445BFBB2346BF546346BFCEA246BFC4
:105DE0002AE246BF672147BF856047BF849F47BF00
:105DF00065DE47BF271D48BFCA5B48BF4E9A48BFF4
:105E0000B3D848BFFA1649BF215549BF299349BFA6
:105E100012D149BFDC0E4ABF874C4ABF138A4ABF22
:105E20007FC74ABFCC044BBFFA414BBF097F4BBF72
:105E3000F8BB4BBFC7F84BBF78354CBF08724CBF9F
:105E400079AE4CBFCBEA4CBFFD264DBF10634DBFB2
:105E5000029F4DBFD5DA4DBF89164EBF1C524EBFB3
:105E6000908D4EBFE4C84EBF17044FBF2B3F4FBFAE
:105E70001F7A4FBFF4B44FBFA8EF4FBF3B2A50BFAC
:105E8000AF6450BF039F50BF37D950BF4A1351BFB3
:105E90003D4D51BF108751BFC2C051BF54FA51BFD1
:105EA000C63352BF186D52BF49A652BF59DF52BF09
:105EB000491853BF185153BFC78953BF55C253BF69
:105EC000C3FA53BF0F3354BF3B6B54BF47A354BFF8
:105ED00031DB54BFFB1255BFA44A55BF2C8255BFBE
:105EE00093B955BFD9F055BFFE2756BF025F56BFC5
:105EF000E59556BFA7CC56BF480357BFC73957BF14
:105F0000267057BF63A657BF7FDC57BF791258BFB3
:105F1000534858BF0B7E58BFA1B358BF16E958BFAE
:105F20006A1E59BF9C5359BFAD8859BF9CBD59BF0C
:105F30006AF259BF16275ABFA05B5ABF09905ABFD1
:105F400050C45ABF75F85ABF792C5BBF5A605BBF0B
:105F50001A945BBFB8C75BBF34FB5BBF8E2E5CBFC0
:105F6000C7615CBFDD945CBFD1C75CBFA3FA5CBFF7
:105F7000532D5DBFE15F5DBF4D925DBF97C45DBFB7
:105F8000BEF65DBFC3285EBFA65A5EBF678C5EBF0C
:105F900005BE5EBF81EF5EBFDB205FBF12525FBFF9
:105FA00027835FBF19B45FBFE9E45FBF961560BF89
:105FB000214660BF897660BFCFA660BFF2D660BFC2
:105FC000F20661BFD03661BF8A6661BF229661BFAB
:105FD00098C561BFEAF461BF1A2462BF265362BF4D
:105FE000108262BFD7B062BF7BDF62BFFC0D63BFB0
:105FF0005A3C63BF956A63BFAC9863BFA1C663BFD9
:1060000073F463BF212264BFAC4F64BF147D64BFCF
:1060100059AA64BF7BD764BF790465BF543165BF9B
:106020000B5E65BFA08A65BF10B765BF5EE365BF45
:10603000880F66BF8E3B66BF716766BF309366BFD1
:10604000CCBE66BF45EA66BF991567BFCA4067BF49
:10605000D86B67BFC19667BF87C167BF29EC67BFB1
:10606000A81668BF034168BF396B68BF4C9568BF0D
:106070003CBF68BF07E968BFAE1269BF323C69BF69
:10608000916569BFCC8E69BFE4B769BFD7E069BFCE
:10609000A7096ABF52326ABFD95A6ABF3C836ABF36
:1060A0007BAB6ABF95D36ABF8CFB6ABF5E236BBFB5
:1060B0000C4B6BBF95726BBFFB996BBF3BC16BBF4A
:1060C00058E86BBF500F6CBF24366CBFD45C6CBFFC
:1060D0005E836CBFC5A96CBF07D06CBF24F66CBFD4
:1060E0001D1C6DBFF2416DBFA1676DBF2D8D6DBFD2
:1060F00093B26DBFD5D76DBFF2FC6DBFEB216EBF04
:10610000BE466EBF6D6B6EBFF88F6EBF5DB46EBF67
:106110009ED86EBFBAFC6EBFB0206FBF83446FBF06
:1061200030686FBFB88B6FBF1BAF6FBF5AD26FBFE6
:1061300073F56FBF671870BF373B70BFE15D70BF0D
:10614000668070BFC6A270BF01C570BF17E770BF81
:10615000080971BFD42A71BF7A4C71BFFB6D71BF42
:10616000578F71BF8EB071BF9FD171BF8CF271BF5D
:10617000521372BFF43372BF705472BFC77472BFD0
:10618000F89472BF04B572BFEBD472BFACF472BFA7
:10619000471473BFBE3373BF0E5373BF397273BFDF
:1061A0003F9173BF1FB073BFD9CE73BF6EED73BF86
:1061B000DD0B74BF272A74BF4B4874BF496674BF98
:1061C000228474BFD5A174BF62BF74BFC9DC74BF21
:1061D0000BFA74BF271775BF1D3475BFED5075BF1F
:1061E000976D75BF1C8A75BF7BA675BFB3C275BF9F
:1061F000C6DE75BFB3FA75BF7A1676BF1B3276BF9F
:10620000974D76BFEC6876BF1B8476BF249F76BF20
:1062100007BA76BFC4D476BF5BEF76BFCC0977BF31
:10622000172477BF3C3E77BF3A5877BF137277BFCA
:10623000C58B77BF51A577BFB7BE77BFF7D777BFFD
:1062400010F177BF040A78BFD12278BF773B78BFBF
:10625000F85378BF526C78BF868478BF939C78BF20
:106260007BB478BF3BCC78BFD6E378BF4AFB78BF1E
:10627000981279BFBF2979BFC04079BF9A5779BFBB
:106280004E6E79BFDC8479BF439B79BF83B179BF00
:106290009DC779BF91DD79BF5EF379BF04097ABFED
:1062A000841E7ABFDD337ABF10497ABF1C5E7ABF85
:1062B00002737ABFC1877ABF599C7ABFCBB07ABFCD
:1062C00016C57ABF3AD97ABF37ED7ABF0E017BBFC8
:1062D000BE147BBF48287BBFAB3B7BBFE74E7BBF79
:1062E000FC617BBFEA747BBFB2877BBF539A7BBFE5
:1062F000CDAC7BBF20BF7BBF4DD17BBF53E37BBF0A
:1063000031F57BBFE9067CBF7A187CBFE5297CBFED
:10631000283B7CBF444C7CBF3A5D7CBF086E7CBF91
:10632000B07E7CBF318F7CBF8A9F7CBFBDAF7CBFFE
:10633000C9BF7CBFAECF7CBF6CDF7CBF03EF7CBF2F
:1063400073FE7CBFBC0D7DBFDD1C7DBFD82B7DBF28
:10635000AC3A7DBF59497DBFDE577DBF3D667DBFED
:1063600074747DBF85827DBF6E907DBF309E7DBF82
:10637000CCAB7DBF40B97DBF8CC67DBFB2D37DBFE6
:10638000B1E07DBF88ED7DBF38FA7DBFC2067EBF1C
:1063900024137EBF5E1F7EBF722B7EBF5E377EBF23
:1063A00023437EBFC14E7EBF385A7EBF88657EBF05
:1063B000B0707EBFB17B7EBF8B867EBF3D917EBFBE
:1063C000C99B7EBF2DA67EBF69B07EBF7FBA7EBF50
:1063D0006DC47EBF34CE7EBFD4D77EBF4CE17EBFBE
:1063E0009DEA7EBFC7F37EBFC9FC7EBFA4057FBF09
:1063F000580E7FBFE4167FBF491F7FBF87277FBF2F
:106400009D2F7FBF8C377FBF543F7FBFF4467FBF38
:106410006D4E7FBFBF557FBFE95C7FBFEC637FBF21
:10642000C76A7FBF7B717FBF08787FBF6D7E7FBFEC
:10643000AB847FBFC28A7FBFB1907FBF78967FBF9A
:10644000189C7FBF91A17FBFE3A67FBF0DAC7FBF2C
:106450000FB17FBFEAB57FBF9EBA7FBF2ABF7FBFA4
:106460008FC37FBFCCC77FBFE2CB7FBFD1CF7FBF02
:1064700098D37FBF37D77FBFAFDA7FBF00DE7FBF44
:1064800029E17FBF2BE47FBF05E77FBFB8E97FBF6E
:1064900043EC7FBFA7EE7FBFE3F07FBFF8F27FBF83
:1064A000E6F47FBFACF67FBF4AF87FBFC1F97FBF7C
:1064B00011FB7FBF39FC7FBF39FD7FBF13FE7FBF5C
:1064C000C4FE7FBF4EFF7FBFB1FF7FBFECFF7FBF2A
:1064D000000080BFECFF7FBFB1FF7FBF4EFF7FBFDB
:1064E000C4FE7FBF13FE7FBF39FD7FBF39FC7FBF76
:1064F00011FB7FBFC1F97FBF4AF87FBFACF67FBFFA
:10650000E6F47FBFF8F27FBFE3F07FBFA7EE7FBF67
:1065100043EC7FBFB8E97FBF05E77FBF2BE47FBFB8
:1065200029E17FBF00DE7FBFAFDA7FBF37D77FBFF4
:1065300098D37FBFD1CF7FBFE2CB7FBFCCC77FBF18
:106540008FC37FBF2ABF7FBF9EBA7FBFEAB57FBF21
:106550000FB17FBF0DAC7FBFE3A67FBF91A17FBF0F
:10656000189C7FBF78967FBFB1907FBFC28A7FBFE4
:10657000AB847FBF6D7E7FBF08787FBF7B717FBF9D
:10658000C76A7FBFEC637FBFE95C7FBFBF557FBF3A
:106590006D4E7FBFF4467FBF543F7FBF8C377FBFB8
:1065A0009D2F7FBF87277FBF491F7FBFE4167FBF17
:1065B000580E7FBFA4057FBFC9FC7EBFC7F37EBF57
:1065C0009DEA7EBF4CE17EBFD4D77EBF34CE7EBF76
:1065D0006DC47EBF7FBA7EBF69B07EBF2DA67EBF71
:1065E000C99B7EBF3D917EBF8B867EBFB17B7EBF48
:1065F000B0707EBF88657EBF385A7EBFC14E7EBFF9
:1066000023437EBF5E377EBF722B7EBF5E1F7EBF81
:1066100024137EBFC2067EBF38FA7DBF88ED7DBFE2
:10662000B1E07DBFB2D37DBF8CC67DBF40B97DBF19
:10663000CCAB7DBF309E7DBF6E907DBF85827DBF20
:1066400074747DBF3D667DBFDE577DBF59497DBFF8
:10665000AC3A7DBFD82B7DBFDD1C7DBFBC0D7DBF9F
:1066600073FE7CBF03EF7CBF6CDF7CBFAECF7CBF13
:10667000C9BF7CBFBDAF7CBF8A9F7CBF318F7CBF51
:10668000B07E7CBF086E7CBF3A5D7CBF444C7CBF53
:10669000283B7CBFE5297CBF7A187CBFE9067CBF1C
:1066A00031F57BBF53E37BBF4DD17BBF20BF7BBFA9
:1066B000CDAC7BBF539A7BBFB2877BBFEA747BBFF5
:1066C000FC617BBFE74E7BBFAB3B7BBF48287BBFFA
:1066D000BE147BBF0E017BBF37ED7ABF3AD97ABFBC
:1066E00016C57ABFCBB07ABF599C7ABFC1877ABF33
:1066F00002737ABF1C5E7ABF10497ABFDD337ABF5E
:10670000841E7ABF04097ABF5EF379BF91DD79BF39
:106710009DC779BF83B179BF439B79BFDC8479BFC3
:106720004E6E79BF9A5779BFC04079BFBF2979BFF4
:10673000981279BF4AFB78BFD6E378BF3BCC78BFCD
:106740007BB478BF939C78BF868478BF526C78BF47
:10675000F85378BF773B78BFD12278BF040A78BF5F
:1067600010F177BFF7D777BFB7BE77BF51A577BF17
:10677000C58B77BF137277BF3A5877BF3C3E77BF60
:10678000172477BFCC0977BF5BEF76BFC4D476BF41
:1067900007BA76BF249F76BF1B8476BFEC6876BFAE
:1067A000974D76BF1B3276BF7A1676BFB3FA75BFA8
:1067B000C6DE75BFB3C275BF7BA675BF1C8A75BF29
:1067C000976D75BFED5075BF1D3475BF271775BF29
:1067D0000BFA74BFC9DC74BF62BF74BFD5A174BFAC
:1067E000228474BF496674BF4B4874BF272A74BFA4
:1067F000DD0B74BF6EED73BFD9CE73BF1FB073BF17
:106800003F9173BF397273BF0E5373BFBE3373BFF3
:10681000471473BFACF472BFEBD472BF04B572BF40
:10682000F89472BFC77472BF705472BFF43372BFF2
:10683000521372BF8CF271BF9FD171BF8EB071BF06
:10684000578F71BFFB6D71BF7A4C71BFD42A71BF76
:10685000080971BF17E770BF01C570BFC6A270BF3E
:10686000668070BFE15D70BF373B70BF671870BF57
:1068700073F56FBF5AD26FBF1BAF6FBFB88B6FBFBF
:1068800030686FBF83446FBFB0206FBFBAFC6EBF6C
:106890009ED86EBF5DB46EBFF88F6EBF6D6B6EBF5E
:1068A000BE466EBFEB216EBFF2FC6DBFD5D76DBF8C
:1068B00093B26DBF2D8D6DBFA1676DBFF2416DBFEE
:1068C0001D1C6DBF24F66CBF07D06CBFC5A96CBF83
:1068D0005E836CBFD45C6CBF24366CBF500F6CBF42
:1068E00058E86BBF3BC16BBFFB996BBF95726BBF29
:1068F0000C4B6BBF5E236BBF8CFB6ABF95D36ABF2B
:106900007BAB6ABF3C836ABFD95A6ABF52326ABF47
:10691000A7096ABFD7E069BFE4B769BFCC8E69BF7A
:10692000916569BF323C69BFAE1269BF07E968BFB4
:106930003CBF68BF4C9568BF396B68BF034168BFF7
:10694000A81668BF29EC67BF87C167BFC19667BF3C
:10695000D86B67BFCA4067BF991567BF45EA66BF76
:10696000CCBE66BF309366BF716766BF8E3B66BFA5
:10697000880F66BF5EE365BF10B765BFA08A65BFBD
:106980000B5E65BF543165BF790465BF7BD764BFBB
:1069900059AA64BF147D64BFAC4F64BF212264BF99
:1069A00073F463BFA1C663BFAC9863BF956A63BF4E
:1069B0005A3C63BFFC0D63BF7BDF62BFD7B062BFD1
:1069C000108262BF265362BF1A2462BFEAF461BF1D
:1069D00098C561BF229661BF8A6661BFD03661BF2C
:1069E000F20661BFF2D660BFCFA660BF897660BFF6
:1069F000214660BF961560BFE9E45FBF19B45FBF71
:106A000027835FBF12525FBFDB205FBF81EF5EBF96
:106A100005BE5EBF678C5EBFA65A5EBFC3285EBF61
:106A2000BEF65DBF97C45DBF4D925DBFE15F5DBFC8
:106A3000532D5DBFA3FA5CBFD1C75CBFDD945CBFC3
:106A4000C7615CBF8E2E5CBF34FB5BBFB8C75BBF4A
:106A50001A945BBF5A605BBF792C5BBF75F85ABF55
:106A600050C45ABF09905ABFA05B5ABF16275ABFDD
:106A70006AF259BF9CBD59BFAD8859BF9C5359BFDD
:106A80006A1E59BF16E958BFA1B358BF0B7E58BF45
:106A9000534858BF791258BF7FDC57BF63A657BF12
:106AA000267057BFC73957BF480357BFA7CC56BF3B
:106AB000E59556BF025F56BFFE2756BFD9F055BFBA
:106AC00093B955BF2C8255BFA44A55BFFB1255BF81
:106AD00031DB54BF47A354BF3B6B54BF0F3354BF8C
:106AE000C3FA53BF55C253BFC78953BF185153BFD1
:106AF000491853BF59DF52BF49A652BF186D52BF44
:106B0000C63352BF54FA51BFC2C051BF108751BFE4
:106B10003D4D51BF4A1351BF37D950BF039F50BF9E
:106B2000AF6450BF3B2A50BFA8EF4FBFF4B44FBF74
:106B30001F7A4FBF2B3F4FBF17044FBFE4C84EBF54
:106B4000908D4EBF1C524EBF89164EBFD5DA4DBF39
:106B5000029F4DBF10634DBFFD264DBFCBEA4CBF1A
:106B600079AE4CBF08724CBF78354CBFC7F84BBFED
:106B7000F8BB4BBF097F4BBFFA414BBFCC044BBFA7
:106B80007FC74ABF138A4ABF874C4ABFDC0E4ABF41
:106B900012D149BF299349BF215549BFFA1649BFB0
:106BA000B3D848BF4E9A48BFCA5B48BF271D48BFED
:106BB00065DE47BF849F47BF856047BF672147BFEA
:106BC0002AE246BFCEA246BF546346BFBB2346BFA0
:106BD00003E445BF2DA445BF396445BF262445BF06
:106BE000F5E344BFA5A344BF376344BFAB2244BF12
:106BF00000E243BF38A143BF516043BF4C1F43BFB6
:106C000029DE42BFE89C42BF895B42BF0B1A42BFEC
:106C100070D841BFB79641BFE15441BFEC1241BFAC
:106C2000DAD040BFA98E40BF5C4C40BFF00940BFE6
:106C300067C73FBFC0843FBFFC413FBF1BFF3EBF94
:106C40001BBC3EBFFF783EBFC5353EBF6EF23DBFA9
:106C5000F9AE3DBF676B3DBFB8273DBFECE33CBF1E
:106C600003A03CBFFC5B3CBFD9173CBF98D33BBFE4
:106C70003B8F3BBFC14A3BBF29063BBF75C13ABFF3
:106C8000A47C3ABFB7373ABFACF239BF85AD39BF44
:106C9000426839BFE12239BF65DD38BFCB9738BFC5
:106CA000165238BF430C38BF55C637BF4A8037BF6E
:106CB000233A37BFDFF336BF7FAD36BF046736BF39
:106CC0006C2036BFB8D935BFE79235BFFB4B35BF17
:106CD000F30435BFCFBD34BF8F7634BF342F34BFFC
:106CE000BCE733BF29A033BF7A5833BFAF1033BFDF
:106CF000C9C832BFC78032BFAA3832BF71F031BFB6
:106D00001DA831BFAD5F31BF221731BF7CCE30BF70
:106D1000BB8530BFDE3C30BFE6F32FBFD3AA2FBF09
:106D2000A5612FBF5B182FBFF7CE2EBF78852EBF72
:106D3000DE3B2EBF29F22DBF59A82DBF6F5E2DBFA0
:106D400069142DBF49CA2CBF0F802CBFB9352CBF89
:106D50004AEB2BBFBFA02BBF1B562BBF5B0B2BBF20
:106D600082C02ABF8E752ABF802A2ABF57DF29BF5B
:106D7000159429BFB84829BF41FD28BFB0B128BF2D
:106D8000056628BF401A28BF61CE27BF688227BF8B
:106D9000563627BF2AEA26BFE39D26BF845126BF69
:106DA0000A0526BF77B825BFCB6B25BF041F25BFBB
:106DB00025D224BF2C8524BF1A3824BFEEEA23BF76
:106DC000A99D23BF4B5023BFD30223BF43B522BF8E
:106DD000996722BFD71922BFFBCB21BF067E21BFF7
:106DE000F92F21BFD2E120BF939320BF3B4520BFA5
:106DF000CBF61FBF41A81FBF9F591FBFE50A1FBF8A
:106E000012BC1EBF266D1EBF221E1EBF06CF1DBF99
:106E1000D17F1DBF84301DBF1FE11CBFA2911CBFCD
:106E20000C421CBF5FF21BBF99A21BBFBB521BBF12
:106E3000C6021BBFB8B21ABF93621ABF55121ABF5F
:106E400000C219BF947119BF0F2119BF73D018BFA9
:106E5000C07F18BFF52E18BF12DE17BF188D17BFE1
:106E6000073C17BFDEEA16BF9F9916BF474816BFFB
:106E7000D9F615BF54A515BFB75315BF040215BFEA
:106E800039B014BF585E14BF5F0C14BF50BA13BFA3
:106E90002A6813BFEE1513BF9AC312BF307112BF19
:106EA000B01E12BF19CC11BF6B7911BFA72611BF3D
:106EB000CDD310BFDC8010BFD52D10BFB8DA0FBF07
:106EC00084870FBF3B340FBFDBE00EBF658D0EBF65
:106ED000DA390EBF38E60DBF81920DBFB33E0DBF4C
:106EE000D0EA0CBFD7960CBFC9420CBFA5EE0BBFB2
:106EF0006B9A0BBF1C460BBFB7F10ABF3D9D0ABF83
:106F0000AD480ABF09F409BF4E9F09BF7F4A09BFB8
:106F10009BF508BFA1A008BF924B08BF6FF607BF43
:106F200036A107BFE84B07BF86F606BF0EA106BF16
:106F3000824B06BFE2F505BF2CA005BF624A05BF24
:106F400084F404BF919E04BF894804BF6DF203BF5F
:106F50003D9C03BFF84503BF9FEF02BF329902BFBC
:106F6000B14202BF1CEC01BF739501BFB53E01BF2A
:106F7000E4E700BFFF9000BF063A00BFF3C5FFBEC5
:106F8000B217FFBE4A69FEBEBBBAFDBE040CFDBE11
:106F9000275DFCBE22AEFBBEF7FEFABEA54FFABED1
:106FA0002DA0F9BE8EF0F8BEC840F8BEDC90F7BE4A
:106FB000CBE0F6BE9330F6BE3580F5BEB1CFF4BE61
:106FC000071FF4BE386EF3BE43BDF2BE290CF2BEFD
:106FD000EA5AF1BE85A9F0BEFBF7EFBE4C46EFBE04
:106FE0007994EEBE80E2EDBE6330EDBE217EECBE54
:106FF000BBCBEBBE3019EBBE8166EABEAEB3E9BED9
:10700000B700E9BE9C4DE8BE5D9AE7BEFBE6E6BE72
:107010007533E6BECB7FE5BEFECBE4BE0E18E4BE04
:10702000FA63E3BEC4AFE2BE6AFBE1BEEE46E1BE78
:107030004F92E0BE8DDDDFBEA928DFBEA273DEBEAB
:1070400079BEDDBE2E09DDBEC153DCBE319EDBBE86
:1070500080E8DABEAD32DABEB97CD9BEA3C6D8BEEE
:107060006B10D8BE135AD7BE99A3D6BEFDECD5BEC1
:107070004136D5BE647FD4BE67C8D3BE4811D3BEE7
:10708000095AD2BEAAA2D1BE2AEBD0BE8A33D0BE44
:10709000CA7BCFBEEAC3CEBEEA0BCEBECA53CDBEBC
:1070A0008B9BCCBE2CE3CBBEAE2ACBBE1072CABE2D
:1070B00053B9C9BE7700C9BE7C47C8BE628EC7BE81
:1070C00029D5C6BED21BC6BE5C62C5BEC8A8C4BE9A
:1070D00015EFC3BE4435C3BE557BC2BE48C1C1BE59
:1070E0001E07C1BED54CC0BE6F92BFBEEBD7BEBEA1
:1070F0004A1DBEBE8B62BDBEAFA7BCBEB6ECBBBE5A
:10710000A031BBBE6E76BABE1EBBB9BEB2FFB8BE62
:107110002A44B8BE8488B7BEC3CCB6BEE610B6BE9D
:10712000EC54B5BED698B4BEA5DCB3BE5820B3BEF1
:10713000EF63B2BE6BA7B1BECBEAB0BE102EB0BE3D
:107140003A71AFBE49B4AEBE3CF7ADBE153AADBE66
:10715000D47CACBE77BFABBE0102ABBE6F44AABE4F
:10716000C486A9BEFEC8A8BE1F0BA8BE254DA7BEDB
:10717000128FA6BEE5D0A5BE9F12A5BE3F54A4BEE9
:10718000C595A3BE33D7A2BE8718A2BEC259A1BE61
:10719000E59AA0BEEEDB9FBEDF1C9FBEB85D9EBE23
:1071A000789E9DBE20DF9CBEAF1F9CBE27609BBE0D
:1071B00086A09ABECEE099BEFE2099BE166198BE0A
:1071C00017A197BE00E196BED22096BE8D6095BEF7
:1071D00031A094BEBFDF93BE351F93BE945E92BEB6
:1071E000DD9D91BE10DD90BE2C1C90BE325B8FBE2B
:1071F000229A8EBEFCD88DBEC0178DBE6E568CBE38
:1072000007958BBE8AD38ABEF7118ABE505089BEBD
:10721000938E88BEC1CC87BEDA0A87BEDF4886BEA1
:10722000CE8685BEAAC484BE700284BE224083BEC0
:10723000C07D82BE4ABB81BEC0F880BE223680BE01
:10724000E1E67EBE56617DBEA4DB7BBECB557ABE39
:10725000CCCF78BEA64977BE5AC375BEE83C74BE93
:1072600051B672BE942F71BEB2A86FBEAB216EBE76
:107270007F9A6CBE2F136BBEBA8B69BE220468BEA8
:10728000667C66BE86F464BE836C63BE5CE461BEED
:10729000135C60BEA8D35EBE1A4B5DBE6AC25BBE05
:1072A00097395ABEA4B058BE8F2757BE589E55BEB8
:1072B000011554BE898B52BEF10151BE38784FBEC4
:1072C00060EE4DBE67644CBE4FDA4ABE185049BEF0
:1072D000C2C547BE4D3B46BEB9B044BE072643BEFD
:1072E000379B41BE491040BE3E853EBE15FA3CBEAE
:1072F000CF6E3BBE6CE339BEEC5738BE50CC36BEC9
:10730000984035BEC4B433BED42832BEC99C30BE0A
:10731000A2102FBE61842DBE04F82BBE8D6B2ABE39
:10732000FCDE28BE515227BE8CC525BEAD3824BE1A
:10733000B6AB22BEA51E21BE7B911FBE38041EBE69
:10734000DE761CBE6BE91ABEE05B19BE3DCE17BEF1
:10735000834016BEB2B214BECA2413BECC9611BE70
:10736000B70810BE8B7A0EBE4AEC0CBEF35D0BBEA6
:1073700086CF09BE054108BE6EB206BEC22305BE59
:10738000029503BE2E0602BE457700BE92D0FDBD1B
:1073900073B2FABD2C94F7BDC075F4BD2E57F1BD84
:1073A0007638EEBD9A19EBBD9AFAE7BD76DBE4BDFF
:1073B0002EBCE1BDC49CDEBD377DDBBD895DD8BD83
:1073C000B93DD5BDC81DD2BDB7FDCEBD86DDCBBD97
:1073D00036BDC8BDC69CC5BD397CC2BD8D5BBFBDB9
:1073E000C33ABCBDDD19B9BDDAF8B5BDBBD7B2BD76
:1073F00080B6AFBD2B95ACBDBA73A9BD3052A6BD4A
:107400008C30A3BDCF0EA0BDF9EC9CBD0ACB99BDBD
:1074100005A996BDE78693BDB46490BD6A428DBD53
:107420000A208ABD94FD86BD0ADB83BD6CB880BD91
:10743000742B7BBDE9E574BD38A06EBD625A68BD92
:10744000691462BD4CCE5BBD0E8855BDAF414FBDCA
:1074500030FB48BD91B442BDD56D3CBDFC2636BD68
:1074600007E02FBDF69829BDCB5123BD880A1DBD6D
:107470002CC316BDB87B10BD2F340ABD90EC03BDE4
:10748000BA49FBBC2CBAEEBC7A2AE2BCA69AD5BC9F
:10749000B00AC9BC9B7ABCBC69EAAFBC1C5AA3BC8D
:1074A000B6C996BC38398ABC4B517BBCFF2F62BC35
:1074B000900E49BC02ED2FBC58CB16BC3053FBBB21
:1074C000880FC9BBC1CB96BBC60F49BBD50FC9BA84
:1074D00032318DA5D50FC93AC60F493BC1CB963B7A
:1074E000880FC93B3053FB3B58CB163C02ED2F3C79
:1074F000900E493CFF2F623C4B517B3C38398A3C13
:10750000B6C9963C1C5AA33C69EAAF3C9B7ABC3C8A
:10751000B00AC93CA69AD53C7A2AE23C2CBAEE3C89
:10752000BA49FB3C90EC033D2F340A3DB87B103D3B
:107530002CC3163D880A1D3DCB51233DF698293DAD
:1075400007E02F3DFC26363DD56D3C3D91B4423DD4
:1075500030FB483DAF414F3D0E88553D4CCE5B3D25
:107560006914623D625A683D38A06E3DE9E5743D9C
:10757000742B7B3D6CB8803D0ADB833D94FD863DDA
:107580000A208A3D6A428D3DB464903DE786933D72
:1075900005A9963D0ACB993DF9EC9C3DCF0EA03D47
:1075A0008C30A33D3052A63DBA73A93D2B95AC3D1E
:1075B00080B6AF3DBBD7B23DDAF8B53DDD19B93D78
:1075C000C33ABC3D8D5BBF3D397CC23DC69CC53DC9
:1075D00036BDC83D86DDCB3DB7FDCE3DC81DD23D95
:1075E000B93DD53D895DD83D377DDB3DC49CDE3D51
:1075F0002EBCE13D76DBE43D9AFAE73D9A19EB3D7E
:107600007638EE3D2E57F13DC075F43D2C94F73D94
:1076100073B2FA3D92D0FD3D4577003E2E06023E04
:107620000295033EC223053E6EB2063E0541083E6A
:1076300086CF093EF35D0B3E4AEC0C3E8B7A0E3E44
:10764000B708103ECC96113ECA24133EB2B2143E87
:107650008340163E3DCE173EE05B193E6BE91A3E75
:10766000DE761C3E38041E3E7B911F3EA51E213E49
:10767000B6AB223EAD38243E8CC5253E5152273E46
:10768000FCDE283E8D6B2A3E04F82B3E61842D3EA5
:10769000A2102F3EC99C303ED428323EC4B4333EA3
:1076A0009840353E50CC363EEC57383E6CE3393E80
:1076B000CF6E3B3E15FA3C3E3E853E3E4910403E75
:1076C000379B413E0726433EB9B0443E4D3B463EC4
:1076D000C2C5473E1850493E4FDA4A3E67644C3EA9
:1076E00060EE4D3E38784F3EF101513E898B523E5F
:1076F0000115543E589E553E8F27573EA4B0583E24
:1077000097395A3E6AC25B3E1A4B5D3EA8D35E3E35
:10771000135C603E5CE4613E836C633E86F4643ED1
:10772000667C663E2204683EBA8B693E2F136B3E30
:107730007F9A6C3EAB216E3EB2A86F3E942F713E95
:1077400051B6723EE83C743E5AC3753EA649773E38
:10775000CCCF783ECB557A3EA4DB7B3E56617D3E56
:10776000E1E67E3E2236803EC0F8803E4ABB813E46
:10777000C07D823E2240833E7002843EAAC4843E85
:10778000CE86853EDF48863EDA0A873EC1CC873EFC
:10779000938E883E5050893EF7118A3E8AD38A3EA6
:1077A00007958B3E6E568C3EC0178D3EFCD88D3EA5
:1077B000229A8E3E325B8F3E2C1C903E10DD903E16
:1077C000DD9D913E945E923E351F933EBFDF933E1A
:1077D00031A0943E8D60953ED220963E00E1963ECB
:1077E00017A1973E1661983EFE20993ECEE0993E45
:1077F00086A09A3E27609B3EAF1F9C3E20DF9C3EAA
:10780000789E9D3EB85D9E3EDF1C9F3EEEDB9F3E18
:10781000E59AA03EC259A13E8718A23E33D7A23EA8
:10782000C595A33E3F54A43E9F12A53EE5D0A53E7C
:10783000128FA63E254DA73E1F0BA83EFEC8A83EB0
:10784000C486A93E6F44AA3E0102AB3E77BFAB3E61
:10785000D47CAC3E153AAD3E3CF7AD3E49B4AE3EAD
:107860003A71AF3E102EB03ECBEAB03E6BA7B13EB0
:10787000EF63B23E5820B33EA5DCB33ED698B43E8B
:10788000EC54B53EE610B63EC3CCB63E8488B73E57
:107890002A44B83EB2FFB83E1EBBB93E6E76BA3E31
:1078A000A031BB3EB6ECBB3EAFA7BC3E8B62BD3E3B
:1078B0004A1DBE3EEBD7BE3E6F92BF3ED54CC03E8A
:1078C0001E07C13E48C1C13E557BC23E4435C33E42
:1078D00015EFC33EC8A8C43E5C62C53ED21BC63E7F
:1078E00029D5C63E628EC73E7C47C83E7700C93E5A
:1078F00053B9C93E1072CA3EAE2ACB3E2CE3CB3EF2
:107900008B9BCC3ECA53CD3EEA0BCE3EEAC3CE3E65
:10791000CA7BCF3E8A33D03E2AEBD03EAAA2D13ECC
:10792000095AD23E4811D33E67C8D33E647FD43E45
:107930004136D53EFDECD53E99A3D63E135AD73EEF
:107940006B10D83EA3C6D83EB97CD93EAD32DA3EE4
:1079500080E8DA3E319EDB3EC153DC3E2E09DD3E3F
:1079600079BEDD3EA273DE3EA928DF3E8DDDDF3E1F
:107970004F92E03EEE46E13E6AFBE13EC4AFE23E9E
:10798000FA63E33E0E18E43EFECBE43ECB7FE53ED9
:107990007533E63EFBE6E63E5D9AE73E9C4DE83EEB
:1079A000B700E93EAEB3E93E8166EA3E3019EB3EF0
:1079B000BBCBEB3E217EEC3E6330ED3E80E2ED3E04
:1079C0007994EE3E4C46EF3EFBF7EF3E85A9F03E44
:1079D000EA5AF13E290CF23E43BDF23E386EF33EC8
:1079E000071FF43EB1CFF43E3580F53E9330F63EAE
:1079F000CBE0F63EDC90F73EC840F83E8EF0F83E15
:107A00002DA0F93EA54FFA3EF7FEFA3E22AEFB3E10
:107A1000275DFC3E040CFD3EBBBAFD3E4A69FE3EBE
:107A2000B217FF3EF3C5FF3E063A003FFF90003F0E
:107A3000E4E7003FB53E013F7395013F1CEC013F79
:107A4000B142023F3299023F9FEF023FF845033FA8
:107A50003D9C033F6DF2033F8948043F919E043FE4
:107A600084F4043F624A053F2CA0053FE2F5053F40
:107A7000824B063F0EA1063F86F6063FE84B073FC6
:107A800036A1073F6FF6073F924B083FA1A0083F82
:107A90009BF5083F7F4A093F4E9F093F09F4093F84
:107AA000AD480A3F3D9D0A3FB7F10A3F1C460B3FD8
:107AB0006B9A0B3FA5EE0B3FC9420C3FD7960C3F8C
:107AC000D0EA0C3FB33E0D3F81920D3F38E60D3FAB
:107AD000DA390E3F658D0E3FDBE00E3F3B340F3F42
:107AE00084870F3FB8DA0F3FD52D103FDC80103F61
:107AF000CDD3103FA726113F6B79113F19CC113F11
:107B0000B01E123F3071123F9AC3123FEE15133F61
:107B10002A68133F50BA133F5F0C143F585E143F5E
:107B200039B0143F0402153FB753153F54A5153F14
:107B3000D9F6153F4748163F9F99163FDEEA163F94
:107B4000073C173F188D173F12DE173FF52E183FE1
:107B5000C07F183F73D0183F0F21193F9471193F10
:107B600000C2193F55121A3F93621A3FB8B21A3F2A
:107B7000C6021B3FBB521B3F99A21B3F5FF21B3F3C
:107B80000C421C3FA2911C3F1FE11C3F84301D3F53
:107B9000D17F1D3F06CF1D3F221E1E3F266D1E3F7B
:107BA00012BC1E3FE50A1F3F9F591F3F41A81F3FC0
:107BB000CBF61F3F3B45203F9393203FD2E1203F30
:107BC000F92F213F067E213FFBCB213FD719223FD2
:107BD0009967223F43B5223FD302233F4B50233FB7
:107BE000A99D233FEEEA233F1A38243F2C85243FEA
:107BF00025D2243F041F253FCB6B253F77B8253F77
:107C00000A05263F8451263FE39D263F2AEA263F68
:107C10005636273F6882273F61CE273F401A283FCC
:107C20000566283FB0B1283F41FD283FB848293FAD
:107C30001594293F57DF293F802A2A3F8E752A3F16
:107C400082C02A3F5B0B2B3F1B562B3FBFA02B3F15
:107C50004AEB2B3FB9352C3F0F802C3F49CA2C3FB4
:107C600069142D3F6F5E2D3F59A82D3F29F22D3FFE
:107C7000DE3B2E3F78852E3FF7CE2E3F5B182F3F01
:107C8000A5612F3FD3AA2F3FE6F32F3FDE3C303FC5
:107C9000BB85303F7CCE303F2217313FAD5F313F57
:107CA0001DA8313F71F0313FAA38323FC780323FC3
:107CB000C9C8323FAF10333F7A58333F29A0333F12
:107CC000BCE7333F342F343F8F76343FCFBD343F52
:107CD000F304353FFB4B353FE792353FB8D9353F8D
:107CE0006C20363F0467363F7FAD363FDFF3363FCB
:107CF000233A373F4A80373F55C6373F430C383F1A
:107D00001652383FCB97383F65DD383FE122393F87
:107D10004268393F85AD393FACF2393FB7373A3F1A
:107D2000A47C3A3F75C13A3F29063B3FC14A3B3FDD
:107D30003B8F3B3F98D33B3FD9173C3FFC5B3C3FDD
:107D400003A03C3FECE33C3FB8273D3F676B3D3F22
:107D5000F9AE3D3F6EF23D3FC5353E3FFF783E3FB9
:107D60001BBC3E3F1BFF3E3FFC413F3FC0843F3FAB
:107D700067C73F3FF009403F5C4C403FA98E403F02
:107D8000DAD0403FEC12413FE154413FB796413FCA
:107D900070D8413F0B1A423F895B423FE89C423F0B
:107DA00029DE423F4C1F433F5160433F38A1433FD0
:107DB00000E2433FAB22443F3763443FA5A3443F27
:107DC000F5E3443F2624453F3964453F2DA4453F14
:107DD00003E4453FBB23463F5463463FCEA2463FA4
:107DE0002AE2463F6721473F8560473F849F473FE0
:107DF00065DE473F271D483FCA5B483F4E9A483FD4
:107E0000B3D8483FFA16493F2155493F2993493F86
:107E100012D1493FDC0E4A3F874C4A3F138A4A3F02
:107E20007FC74A3FCC044B3FFA414B3F097F4B3F52
:107E3000F8BB4B3FC7F84B3F78354C3F08724C3F7F
:107E400079AE4C3FCBEA4C3FFD264D3F10634D3F92
:107E5000029F4D3FD5DA4D3F89164E3F1C524E3F93
:107E6000908D4E3FE4C84E3F17044F3F2B3F4F3F8E
:107E70001F7A4F3FF4B44F3FA8EF4F3F3B2A503F8C
:107E8000AF64503F039F503F37D9503F4A13513F93
:107E90003D4D513F1087513FC2C0513F54FA513FB1
:107EA000C633523F186D523F49A6523F59DF523FE9
:107EB0004918533F1851533FC789533F55C2533F49
:107EC000C3FA533F0F33543F3B6B543F47A3543FD8
:107ED00031DB543FFB12553FA44A553F2C82553F9E
:107EE00093B9553FD9F0553FFE27563F025F563FA5
:107EF000E595563FA7CC563F4803573FC739573FF4
:107F00002670573F63A6573F7FDC573F7912583F93
:107F10005348583F0B7E583FA1B3583F16E9583F8E
:107F20006A1E593F9C53593FAD88593F9CBD593FEC
:107F30006AF2593F16275A3FA05B5A3F09905A3FB1
:107F400050C45A3F75F85A3F792C5B3F5A605B3FEB
:107F50001A945B3FB8C75B3F34FB5B3F8E2E5C3FA0
:107F6000C7615C3FDD945C3FD1C75C3FA3FA5C3FD7
:107F7000532D5D3FE15F5D3F4D925D3F97C45D3F97
:107F8000BEF65D3FC3285E3FA65A5E3F678C5E3FEC
:107F900005BE5E3F81EF5E3FDB205F3F12525F3FD9
:107FA00027835F3F19B45F3FE9E45F3F9615603F69
:107FB0002146603F8976603FCFA6603FF2D6603FA2
:107FC000F206613FD036613F8A66613F2296613F8B
:107FD00098C5613FEAF4613F1A24623F2653623F2D
:107FE0001082623FD7B0623F7BDF623FFC0D633F90
:107FF0005A3C633F956A633FAC98633FA1C6633FB9
:1080000073F4633F2122643FAC4F643F147D643FAF
:1080100059AA643F7BD7643F7904653F5431653F7B
:108020000B5E653FA08A653F10B7653F5EE3653F25
:10803000880F663F8E3B663F7167663F3093663FB1
:10804000CCBE663F45EA663F9915673FCA40673F29
:10805000D86B673FC196673F87C1673F29EC673F91
:10806000A816683F0341683F396B683F4C95683FED
:108070003CBF683F07E9683FAE12693F323C693F49
:108080009165693FCC8E693FE4B7693FD7E0693FAE
:10809000A7096A3F52326A3FD95A6A3F3C836A3F16
:1080A0007BAB6A3F95D36A3F8CFB6A3F5E236B3F95
:1080B0000C4B6B3F95726B3FFB996B3F3BC16B3F2A
:1080C00058E86B3F500F6C3F24366C3FD45C6C3FDC
:1080D0005E836C3FC5A96C3F07D06C3F24F66C3FB4
:1080E0001D1C6D3FF2416D3FA1676D3F2D8D6D3FB2
:1080F00093B26D3FD5D76D3FF2FC6D3FEB216E3FE4
:10810000BE466E3F6D6B6E3FF88F6E3F5DB46E3F47
:108110009ED86E3FBAFC6E3FB0206F3F83446F3FE6
:1081200030686F3FB88B6F3F1BAF6F3F5AD26F3FC6
:1081300073F56F3F6718703F373B703FE15D703FED
:108140006680703FC6A2703F01C5703F17E7703F61
:108150000809713FD42A713F7A4C713FFB6D713F22
:10816000578F713F8EB0713F9FD1713F8CF2713F3D
:108170005213723FF433723F7054723FC774723FB0
:10818000F894723F04B5723FEBD4723FACF4723F87
:108190004714733FBE33733F0E53733F3972733FBF
:1081A0003F91733F1FB0733FD9CE733F6EED733F66
:1081B000DD0B743F272A743F4B48743F4966743F78
:1081C0002284743FD5A1743F62BF743FC9DC743F01
:1081D0000BFA743F2717753F1D34753FED50753FFF
:1081E000976D753F1C8A753F7BA6753FB3C2753F7F
:1081F000C6DE753FB3FA753F7A16763F1B32763F7F
:10820000974D763FEC68763F1B84763F249F763F00
:1082100007BA763FC4D4763F5BEF763FCC09773F11
:108220001724773F3C3E773F3A58773F1372773FAA
:10823000C58B773F51A5773FB7BE773FF7D7773FDD
:1082400010F1773F040A783FD122783F773B783F9F
:10825000F853783F526C783F8684783F939C783F00
:108260007BB4783F3BCC783FD6E3783F4AFB783FFE
:108270009812793FBF29793FC040793F9A57793F9B
:108280004E6E793FDC84793F439B793F83B1793FE0
:108290009DC7793F91DD793F5EF3793F04097A3FCD
:1082A000841E7A3FDD337A3F10497A3F1C5E7A3F65
:1082B00002737A3FC1877A3F599C7A3FCBB07A3FAD
:1082C00016C57A3F3AD97A3F37ED7A3F0E017B3FA8
:1082D000BE147B3F48287B3FAB3B7B3FE74E7B3F59
:1082E000FC617B3FEA747B3FB2877B3F539A7B3FC5
:1082F000CDAC7B3F20BF7B3F4DD17B3F53E37B3FEA
:1083000031F57B3FE9067C3F7A187C3FE5297C3FCD
:10831000283B7C3F444C7C3F3A5D7C3F086E7C3F71
:10832000B07E7C3F318F7C3F8A9F7C3FBDAF7C3FDE
:10833000C9BF7C3FAECF7C3F6CDF7C3F03EF7C3F0F
:1083400073FE7C3FBC0D7D3FDD1C7D3FD82B7D3F08
:10835000AC3A7D3F59497D3FDE577D3F3D667D3FCD
:1083600074747D3F85827D3F6E907D3F309E7D3F62
:10837000CCAB7D3F40B97D3F8CC67D3FB2D37D3FC6
:10838000B1E07D3F88ED7D3F38FA7D3FC2067E3FFC
:1083900024137E3F5E1F7E3F722B7E3F5E377E3F03
:1083A00023437E3FC14E7E3F385A7E3F88657E3FE5
:1083B000B0707E3FB17B7E3F8B867E3F3D917E3F9E
:1083C000C99B7E3F2DA67E3F69B07E3F7FBA7E3F30
:1083D0006DC47E3F34CE7E3FD4D77E3F4CE17E3F9E
:1083E0009DEA7E3FC7F37E3FC9FC7E3FA4057F3FE9
:1083F000580E7F3FE4167F3F491F7F3F87277F3F0F
:108400009D2F7F3F8C377F3F543F7F3FF4467F3F18
:108410006D4E7F3FBF557F3FE95C7F3FEC637F3F01
:10842000C76A7F3F7B717F3F08787F3F6D7E7F3FCC
:10843000AB847F3FC28A7F3FB1907F3F78967F3F7A
:10844000189C7F3F91A17F3FE3A67F3F0DAC7F3F0C
:108450000FB17F3FEAB57F3F9EBA7F3F2ABF7F3F84
:108460008FC37F3FCCC77F3FE2CB7F3FD1CF7F3FE2
:1084700098D37F3F37D77F3FAFDA7F3F00DE7F3F24
:1084800029E17F3F2BE47F3F05E77F3FB8E97F3F4E
:1084900043EC7F3FA7EE7F3FE3F07F3FF8F27F3F63
:1084A000E6F47F3FACF67F3F4AF87F3FC1F97F3F5C
:1084B00011FB7F3F39FC7F3F39FD7F3F13FE7F3F3C
:1084C000C4FE7F3F4EFF7F3FB1FF7F3FECFF7F3F0A
:1084D0000000803F010000000000000002000000DA
:1084E0000100000000000000020000000100000088
:1084F000000000000000803F6507803FCA0E803FFB
:108500003016803F961D803FFD24803F642C803FC5
:10851000CC33803F343B803F9C42803F054A803FC4
:108520006E51803FD858803F4260803FAC67803FAB
:10853000176F803F8376803FEF7D803F5B85803F74
:10854000C88C803F3594803FA29B803F10A3803F22
:108550007EAA803FEDB1803F5DB9803FCCC0803FB7
:108560003CC8803FADCF803F1ED7803F8FDE803F2D
:1085700001E6803F73ED803FE6F4803F59FC803F89
:10858000CD03813F410B813FB512813F2A1A813FC4
:108590009F21813F1529813F8B30813F0238813FE8
:1085A000793F813FF046813F684E813FE055813FF2
:1085B000595D813FD264813F4C6C813FC673813FDE
:1085C000407B813FBB82813F368A813FB291813FB0
:1085D0002E99813FABA0813F28A8813FA5AF813F65
:1085E00023B7813FA1BE813F20C6813F9FCD813F00
:1085F0001FD5813F9FDC813F20E4813FA1EB813F7C
:1086000022F3813FA4FA813F2602823FA909823FDB
:108610002C11823FAF18823F3320823FB827823F20
:108620003C2F823FC236823F473E823FCE45823F4B
:10863000544D823FDB54823F635C823FEB63823F59
:10864000736B823FFC72823F857A823F0E82823F4B
:108650009889823F2391823FAE98823F39A0823F22
:10866000C5A7823F51AF823FDEB6823F6BBE823FDD
:10867000F9C5823F87CD823F15D5823FA4DC823F7A
:1086800033E4823FC3EB823F53F3823FE4FA823FFD
:108690007502833F060A833F9811833F2A19833F5F
:1086A000BD20833F5028833FE42F833F7837833FAB
:1086B0000D3F833FA246833F374E833FCD55833FD7
:1086C000635D833FFA64833F916C833F2974833FEA
:1086D000C17B833F5983833FF28A833F8C92833FE0
:1086E000259A833FC0A1833F5AA9833FF5B0833FBA
:1086F00091B8833F2DC0833FC9C7833F66CF833F77
:1087000004D7833FA1DE833F40E6833FDEED833F16
:108710007DF5833F1DFD833FBD04843F5D0C843F99
:10872000FE13843F9F1B843F4123843FE32A843F01
:108730008632843F293A843FCC41843F7049843F4C
:108740001551843FB958843F5F60843F0468843F7B
:10875000AA6F843F5177843FF87E843F9F86843F91
:10876000478E843FF095843F989D843F42A5843F87
:10877000EBAC843F95B4843F40BC843FEBC3843F63
:1087800096CB843F42D3843FEFDA843F9BE2843F21
:1087900049EA843FF6F1843FA4F9843F5301853FC1
:1087A0000209853FB110853F6118853F1220853F42
:1087B000C227853F742F853F2537853FD73E853FAC
:1087C0008A46853F3D4E853FF055853FA45D853FF8
:1087D0005865853F0D6D853FC274853F787C853F28
:1087E0002E84853FE58B853F9C93853F539B853F3A
:1087F0000BA3853FC3AA853F7CB2853F35BA853F31
:10880000EFC1853FA9C9853F64D1853F1FD9853F09
:10881000DAE0853F96E8853F52F0853F0FF8853FC7
:10882000CCFF853F8A07863F480F863F0717863F64
:10883000C61E863F8526863F452E863F0636863FE6
:10884000C73D863F8845863F4A4D863F0C55863F4B
:10885000CE5C863F9164863F556C863F1974863F97
:10886000DD7B863FA283863F678B863F2D93863FC5
:10887000F39A863FBAA2863F81AA863F49B2863FD5
:1088800011BA863FD9C1863FA2C9863F6BD1863FC8
:1088900035D9863FFFE0863FCAE8863F95F0863FA0
:1088A00061F8863F2D00873FF907873FC60F873F56
:1088B0009417873F621F873F3027873FFF2E873FF0
:1088C000CE36873F9E3E873F6E46873F3E4E873F70
:1088D0000F56873FE15D873FB365873F856D873FD3
:1088E0005875873F2B7D873FFF84873FD38C873F19
:1088F000A894873F000000001845213A08DC2A3A76
:10890000F304353A87C83F3AF52F4B3AFD44573ABE
:10891000F011643ABFA1713A0000803A7D9C873A19
:10892000D6AC8F3AF037983A1845A13A08DCAA3A03
:10893000F304B53A87C8BF3AF52FCB3AFD44D73A8E
:10894000F011E43ABFA1F13A0000003B7D9C073BE7
:10895000D6AC0F3BF037183B1845213B08DC2A3BCF
:10896000F304353B87C83F3BF52F4B3BFD44573B5A
:10897000F011643BBFA1713B0000803B7D9C873BB5
:10898000D6AC8F3BF037983B1845A13B08DCAA3B9F
:10899000F304B53B87C8BF3BF52FCB3BFD44D73B2A
:1089A000F011E43BBFA1F13B0000003C7D9C073C83
:1089B000D6AC0F3CF037183C1845213C08DC2A3C6B
:1089C000F304353C87C83F3CF52F4B3CFD44573CF6
:1089D000F011643CBFA1713C0000803C7D9C873C51
:1089E000D6AC8F3CF037983C1845A13C08DCAA3C3B
:1089F000F304B53C87C8BF3CF52FCB3CFD44D73CC6
:108A0000F011E43CBFA1F13C0000003D7D9C073D1E
:108A1000D6AC0F3DF037183D1845213D08DC2A3D06
:108A2000F304353D87C83F3DF52F4B3DFD44573D91
:108A3000F011643DBFA1713D0000803D7D9C873DEC
:108A4000D6AC8F3DF037983D1845A13D08DCAA3DD6
:108A5000F304B53D87C8BF3DF52FCB3DFD44D73D61
:108A6000F011E43DBFA1F13D0000003E7D9C073EBA
:108A7000D6AC0F3EF037183E1845213E08DC2A3EA2
:108A8000F304353E87C83F3EF52F4B3EFD44573E2D
:108A9000F011643EBFA1713E0000803E7D9C873E88
:108AA000D6AC8F3EF037983E1845A13E08DCAA3E72
:108AB000F304B53E87C8BF3EF52FCB3EFD44D73EFD
:108AC000F011E43EBFA1F13E0000003F7D9C073F56
:108AD000D6AC0F3FF037183F1845213F08DC2A3F3E
:108AE000F304353F87C83F3FF52F4B3FFD44573FC9
:108AF000F011643FBFA1713F0000803F7D9C873F24
:108B0000D6AC8F3FF037983F1845A13F08DCAA3F0D
:108B1000F304B53F87C8BF3FF52FCB3FFD44D73F98
:108B2000F011E43FBFA1F13F000000407D9C0740F1
:108B3000D6AC0F40F03718401845214008DC2A40D9
:108B4000F304354087C83F40F52F4B40FD44574064
:108B5000F0116440BFA17140000080407D9C8740BF
:108B6000D6AC8F40F03798401845A14008DCAA40A9
:108B7000F304B54087C8BF40F52FCB40FD44D74034
:108B8000F011E440BFA1F140000000417D9C07418D
:108B9000D6AC0F41F03718411845214108DC2A4175
:108BA000F304354187C83F41F52F4B41FD44574100
:108BB000F0116441BFA17141000080417D9C87415B
:108BC000D6AC8F41F03798411845A14108DCAA4145
:108BD000F304B54187C8BF41F52FCB41FD44D741D0
:108BE000F011E441BFA1F141000000427D9C074229
:108BF000D6AC0F42F03718421845214208DC2A4211
:108C0000F304354287C83F42F52F4B42FD4457429B
:108C1000F0116442BFA17142000080427D9C8742F6
:108C2000D6AC8F42F03798421845A14208DCAA42E0
:108C3000F304B54287C8BF42F52FCB42FD44D7426B
:108C4000F011E442BFA1F142000000437D9C0743C4
:108C5000D6AC0F43F03718431845214308DC2A43AC
:108C6000F304354387C83F43F52F4B43FD44574337
:108C7000F0116443BFA17143000080437D9C874392
:108C8000D6AC8F43F03798431845A14308DCAA437C
:108C9000F304B54387C8BF43F52FCB43FD44D74307
:108CA000F011E443BFA1F143000000447D9C074460
:108CB000D6AC0F44F03718441845214408DC2A4448
:108CC000F304354487C83F44F52F4B44FD445744D3
:108CD000F0116444BFA17144000080447D9C87442E
:108CE000D6AC8F44F03798441845A14408DCAA4418
:108CF000F304B54487C8BF4400000000E9B7010091
:108D0000EDB70100F1B70100F5B7010052696E67D8
:108D100073204475616C0000706D5F612E7478740F
:108D200000000000706D5F622E7478740000000017
:108D3000706D5F632E74787400000000706D5F6466
:108D40002E74787400000000706D5F652E74787466
:108D500000000000706D5F662E74787400000000E3
:108D6000706D5F672E74787400000000706D5F682E
:108D70002E74787400000000706D5F692E74787432
:108D800000000000706D5F6A2E74787400000000AF
:108D9000706D5F6B2E74787400000000706D5F6CF6
:108DA0002E74787400000000464F3A3A20736574C0
:108DB0002061747472696275746520637265617490
:108DC000696F6E206661696C65640000464F3A3ACF
:108DD0002073657420617474726962757465206DA6
:108DE0006F646966696564206661696C656400002A
:108DF000302C00002C0000004C6F61646564207012
:108E000072657365743A20004E6F207072657365E9
:108E1000742C2077726974696E6720666163746F61
:108E200072792064656661756C7400004572726FBA
:108E3000723A20496E76616C69642062616E6B5F84
:108E40006E756D62657220256420696E207361768F
:108E5000655F636F6E6669670A000000706F74205B
:108E6000736574757020646F6E6500005772697465
:108E7000696E67207468652064656661756C74202E
:108E800066696C6500000000536176696E67206357
:108E9000757272656E742073657474696E677300A1
:108EA0005361766564207072657365743A200000C2
:108EB0005265706F7274696E6720616C6C206461BA
:108EC00074610000576970696E67206D656D6F721F
:108ED00079000000536176696E6720746F206261CB
:108EE0006E6B3A2000000000526563656976656428
:108EF00020696E737472756374696F6E206F6E2073
:108F00006164726573733A002077697468207661D2
:108F10006C75653A000000005374617274207265CC
:108F20006365697665640000427574746F6E2070C5
:108F300075736865643A20005570646174696E6782
:108F4000206672657175656E636965730000000067
:108F50005461702074656D706F2075706461746504
:108F6000642042504D3A200052687974686D206D3B
:108F70006F646520454E41424C4544005268797407
:108F8000686D206D6F64652044495341424C4544EF
:108F9000000000003E204D6F64653A200000000094
:108FA0003E204D6F64653A2053746F636B00000080
:108FB00054726967676572696E672063686F72646F
:108FC000206E6F7465730000496E697469616C6925
:108FD00073696E672066696C6573797374656D007B
:108FE00050726F6772616D20666C617368204449CE
:108FF000534B00004572726F722073746172746912
:109000006E672025730A00004C6F6164696E6720EB
:1090100074686520707265736574000053796D70B3
:109020006174686574696300496E6861726D6F6E22
:1090300069630000506C616974733A205641000006
:10904000506C616974733A2057617665736861701A
:1090500065000000506C616974733A20464D000051
:10906000506C616974733A20477261696E00000048
:10907000506C616974733A204164646974697665FF
:1090800000000000506C616974733A205761766586
:109090007461626C65000000506C616974733A2001
:1090A00043686F7264000000506C616974733A2009
:1090B0005370656563680000506C616974733A2091
:1090C000537761726D000000506C616974733A20CF
:1090D0004E6F697365000000506C616974733A20CB
:1090E0005061727469636C6500000000506C6169C6
:1090F00074733A20537472696E670000506C616932
:1091000074733A204D6F64616C000000506C6169AB
:1091100074733A204B69636B00000000506C616906
:1091200074733A20536E617265000000506C61697F
:1091300074733A204869486174000000496E69748C
:1091400069616C69736174696F6E20636F6D706CB7
:1091500065746500612E747874000000622E747866
:1091600074000000632E747874000000642E74781C
:1091700074000000652E747874000000662E747808
:1091800074000000672E747874000000682E7478F4
:1091900074000000692E7478740000006A2E7478E0
:1091A000740000006B2E7478740000006C2E7478CC
:1091B0007400000046443A3A207365742061747468
:1091C000726962757465206D6F6469666965642093
:1091D0006661696C6564000046443A3A20736574C0
:1091E000206174747269627574652063726561745C
:1091F000696F6E206661696C6564000061747465F6
:109200006D7074696E6720746F206D6F756E742059
:109210006578697374696E67206D656469610000C3
:10922000636F756C646E2774206D6F756E74206D3E
:10923000656469612C20617474656D70696E672066
:10924000746F20666F726D617400000061747465E4
:109250006D7074696E6720746F206D6F756E742009
:1092600066726573686C7920666F726D617474657F
:1092700064206D65646961006D6F756E7420616650
:1092800074657220666F726D6174206661696C65C9
:1092900064203A28000000002F0000002E2E00005D
:1092A0006C6974746C656673000000002E00000029
:1092B00048617270206E6F7420636F6D6D756E699A
:1092C000636174696E670000526563616C69627204
:1092D0006174696E67204861727000004F76657234
:1092E0002063757272656E7420646574656374655D
:1092F00064210A0A000000006E616E00696E66005B
:109300006F7666006261645F66756E6374696F6E26
:109310005F63616C6C000000474C49424358585FE2
:1093200054554E41424C4553000000006F626A5F45
:1093300073697A65000000006F626A5F636F756E23
:1093400074000000676C69626378782E65685F70EE
:109350006F6F6C007374643A3A6261645F6578633E
:10936000657074696F6E00003031323334353637D2
:1093700038396162636465666768696A6B6C6D6ED3
:109380006F707172737475767778797A0000000067
:109390004C435F434F4C4C41544500004C435F43AA
:1093A00054595045000000004C435F4D4F4E45540A
:1093B000415259004C435F4E554D455249430000C0
:1093C0004C435F54494D45004C435F4D4553534119
:1093D00047455300494E46004E414E00303132332E
:1093E00034353637383961626364656600000000E1
:1093F00030313233343536373839414243444546CB
:1094000000000000286E756C6C2900003000000020
:1094100042616C6C6F63207375636365656465643A
:10942000000000002F566F6C756D65732F646174BA
:10943000612F6A656E6B696E732F776F726B7370D5
:109440006163652F474E552D746F6F6C636861695A
:109450006E2F61726D2D31352F7372632F6E6577AC
:109460006C69622D63796777696E2F6E65776C69B9
:10947000622F6C6962632F7374646C69622F6D7004
:109480007265632E630000002C2066756E6374693C
:109490006F6E3A2000000000617373657274696F2B
:1094A0006E2022257322206661696C65643A20660D
:1094B000696C6520222573222C206C696E6520253D
:1094C00064257325730A0000496E66696E697479B4
:1094D000000000004E614E002F566F6C756D657375
:1094E0002F646174612F6A656E6B696E732F776F7D
:1094F000726B73706163652F474E552D746F6F6C7F
:10950000636861696E2F61726D2D31352F737263DF
:109510002F6E65776C69622D63796777696E2F6E40
:1095200065776C69622F6C6962632F7374646C6910
:10953000622F64746F612E63000000006498002045
:10954000EC940020909800200C950020E4940020DA
:1095500064980020309500209098002054950020B9
:10956000A4940020909800207C950020DC9400209A
:109570009098002090950020DC94002064980020B2
:10958000A895002064980020B89500204E31305FE7
:109590005F637878616269763131355F5F666F72DB
:1095A0006365645F756E77696E6445004E31305F48
:1095B0005F637878616269763131375F5F636C61D0
:1095C00073735F747970655F696E666F4500000044
:1095D0004E31305F5F637878616269763131395F2F
:1095E0005F666F726569676E5F65786365707469E1
:1095F0006F6E45004E31305F5F63787861626976E7
:109600003132305F5F73695F636C6173735F74796C
:1096100070655F696E666F450000000053743133FA
:109620006261645F657863657074696F6E000000E5
:10963000537431376261645F66756E6374696F6E0F
:109640005F63616C6C00000053743965786365700A
:1096500074696F6E00000000537439747970655F2F
:10966000696E666F0000000000000000000000004E
:10967000A5FD00000000000000000000B5D00100C2
:109680000000000000000000690800006D080000F4
:10969000390A0000310900001106000051170000CE
:1096A000D51100008D060000E113000085080000C0
:1096B000790600000513000005060000A50600005D
:1096C000F1190000A90600001908000009060000B1
:1096D0003D0800000000000000000000DD34000034
:1096E000453500006D2E00009D330000B1330000B1
:1096F000652E0000712E0000752E0000792E0000EE
:109700007D2E0000812E0000692E0000852E0000B5
:10971000892E00008D2E0000912E0000952E000055
:10972000B92E0000C12E0000000000000000000063
:10973000A934000009350000A5320000412F0000C7
:10974000493200003D2E00009932000081320000B5
:10975000D52F00003132000019320000FD2F00002B
:10976000452E000001320000592E0000B1300000EB
:10977000A53000002D3000006930000029340000C1
:10978000C533000000000000000000006DFB000079
:10979000000000000000000021FD000000000000AB
:1097A00000000000EDFF00000000000000000000CD
:1097B00001DE010000000000000000003DF200009A
:1097C0000000000000000000751E00000000000006
:1097D000000000003D2F00006DB70000513900006F
:1097E000B115010005170100B51601009D15010016
:1097F00089160100D1150100A91301009518010077
:10980000A1130100A5130100CD1401000000000008
:109810000000000059BA010085E4010081E4010064
:109820007DE4010079E4010075E4010071E40100C8
:109830006DE4010000000000000000008507010049
:10984000000000000000000041F4000000000000E3
:109850000000000085F6000000000000000000008D
:10986000D11101000000000000000000750201009D
:10987000000000000000000021F7000000000000D0
:10988000000000006900000000000000000000006F
:10989000C59F01000000000000000000ADF90000BD
:1098A0000000000000000000650B01000000000047
:1098B00000000000212E0000B92D0000B52D000091
:1098C000E12D0000C52D0000ED2D0000D12D000080
:1098D00079350000B53500000000000000000000F0
:1098E00075080200A5080200B52D000071080200ED
:1098F0002D0802003908020059080200000000008B
:10990000A494002051FD010065FD0100E1FC01006F
:10991000E1FC0100E5FD010011FD0100C5FD0100B4
:1099200081FD010045FD010000000000B894002009
:10993000C1FB0100D5FB0100E1FC0100E1FC0100DD
:10994000E5FD010011FD0100B1FC010031FC010049
:10995000F1FB010000000000C49400200DFA01009A
:1099600019FA010011FA010000000000D094002053
:1099700089F701009DF7010081F701006490002044
:109980007C8F0020888F0020BC8F00200001020304
:10999000788C0020848C0020908C00209C8C0020EF
:1099A000A88C0020B48C0020C08C0020CC8C00201F
:1099B000D88C0020E48C0020F08C0020FC8C00204F
:1099C0000001020302010003010001010100010185
:1099D0000000803F9A99193F9A99593F3333333F9A
:1099E0003333733F9A99193F9A99593F3333333F31
:1099F000C92E0000CD2E0000D52E0000DD2E000067
:109A00005D480000ED2E0000F52E0000FD2E000048
:109A10009D2F0000012F0000092F0000112F0000D2
:109A200085330000E12E0000E52E0000E92E000045
:109A300039480000193300001D2F0000212F0000BD
:109A4000454800001D330000252F0000292F00008D
:109A500051480000F13200002D2F0000312F00008E
:109A60002D48000015330000152F0000192F0000AD
:109A7000D8399D270054EA2A00A4781F007B9A1742
:109A8000A2000000F9A2000083F9A2006E83F9A2EF
:109A90004E6E83F9444E6E8315444E6E2915444E26
:109AA000FC29154427FC29155727FC29D15727FCE9
:109AB000F5D1572734F5D157DD34F5D1C0DD34F574
:109AC000DBC0DD3462DBC0DD9562DBC0999562DB13
:109AD0003C999562433C999590433C994190433C15
:109AE000002020202020202020202828282828206E
:109AF0002020202020202020202020202020202066
:109B000020881010101010101010101010101010CD
:109B100010040404040404040404041010101010BD
:109B20001010414141414141010101010101010187
:109B300001010101010101010101010110101010D9
:109B40001010424242424242020202020202020259
:109B500002020202020202020202020210101010AD
:109B600020000000000000000000000000000000D5
:109B700000000000000000000000000000000000E5
:109B800000000000000000000000000000000000D5
:109B900000000000000000000000000000000000C5
:109BA00000000000000000000000000000000000B5
:109BB00000000000000000000000000000000000A5
:109BC0000000000000000000000000000000000095
:109BD0000000000000000000000000000000000085
:109BE00000000000202020202020202020202020F5
:109BF0002020202020202020202020202020202065
:109C000020202020000000000000000000000000D4
:109C100000000042C8801F40B8821F4008000000BA
:109C200000000042C4801F40B4821F4004000000B6
:109C300000C0004224801F4014821F40100000001A
:109C400000C0004228801F4018821F4020000000F2
:109C500000C000422C801F401C821F4040000000BA
:109C600000C0004234801F4024821F4000010000D9
:109C70000040004264811F4054831F4000040000E4
:109C80000040004280811F4070831F40000002009E
:109C9000004000427C811F406C831F400000010097
:109CA0000040004268811F4058831F4000080000A8
:109CB000004000423C811F402C831F4001000000F7
:109CC0000040004244811F4034831F4004000000D4
:109CD0000040004240811F4030831F4002000000CE
:109CE0000040004248811F4038831F4008000000A8
:109CF0000000004204811F40F4821F400000040065
:109D00000000004208811F40F8821F400000080048
:109D10000000004218811F4008831F40000080009F
:109D20000000004214811F4004831F4000004000D7
:109D30000000004200811F40F0821F40000002002E
:109D400000000042FC801F40EC821F400000010028
:109D50000000004224811F4014831F4000000004C3
:109D60000000004228811F4018831F4000000008A7
:109D7000000000421C811F400C831F4000000001B6
:109D80000000004220811F4010831F40000000029D
:109D900000000042EC801F40DC821F4000100000E9
:109DA00000000042F0801F40E0821F4000200000C1
:109DB0000000004234811F4024831F400000004007
:109DC0000000004238811F4028831F4000000080AF
:109DD0000080004294801F4084821F4000000400E5
:109DE00000C0004290801F4080821F400000008021
:109DF00000800042A8801F4098821F400000800021
:109E000000800042A4801F4094821F400000400058
:109E1000004000426C811F405C831F400010000026
:109E200000C0004230801F4020821F4080000000A0
:109E300000800042C8811F40B8831F40008000009E
:109E400000800042C4811F40B4831F4000400000D6
:109E500000800042C0811F40B0831F4000200000EE
:109E600000800042BC811F40AC831F4000100000F6
:109E700000800042D0811F40C0831F4000000200CC
:109E800000800042CC811F40BC831F4000000100C5
:109E900002000000030000000400000006000000B3
:109EA000FB21F93FFB2109407CD91240FB211940DD
:109EB0007A6A1F407CD92240BBFD2540FB21294006
:109EC0003A462C407A6A2F405C4731407CD9324078
:109ED0009C6B3440BBFD3540DB8F3740FB21394064
:109EE0001BB43A403A463C405AD83D407A6A3F401B
:109EF0004C7E40405C4741406C1042407CD942401F
:109F00008CA243409C6B4440AC344540BBFD454073
:109F1000CBC64640DB8F4740EB584840FB214940C9
:109F20000000803F05000000190000007D000000D7
:109F300007080C0B06050F000D0E010283840708AD
:109F40000C0B06050F000D0E0102838401010004B5
:109F5000010000040132010101320201011001017E
:109F600001110101011201020103020601030106B0
:109F700001120202020000010202000102010001BE
:109F80000210000102220001022300010000000073
:109F9000000000000221000102200001000000007A
:109FA0000000000001300101013101010102000443
:109FB0000103000400000000000000000121020174
:109FC000012101010000000000000000000000006D
:109FD0000110020101010201010101010100020160
:109FE0000100010101020201010201010000000063
:109FF0006410B71DC8206E3BAC30D9269041DC768A
:10A00000F4516B6B5861B24D3C7105502083B8ED33
:10A0100044930FF0E8A3D6D68CB361CBB0C2649B57
:10A02000D4D2D38678E20AA01CF2BDBD00A019A04C
:10A030001AA01BA01CA01EA020A022A024A026A025
:10A0400027A027A027A025A021A01DA017A010A011
:10A0500007A0FD9FF29FE69FDA9FCD9FC19FB59F0E
:10A06000A99F9F9F969F8F9F8B9F899F8A9F8D9F60
:10A07000949F9E9FAB9FBA9FCD9FE19FF79F0FA09C
:10A0800028A041A05AA071A087A09BA0ADA0BAA013
:10A09000C4A0CAA0CBA0C7A0BEA0B0A09EA087A00D
:10A0A0006BA04DA02BA007A0E19FBB9F959F709F29
:10A0B0004D9F2E9F129FFC9EEA9EDF9EDA9EDD9EA4
:10A0C000E69EF69E0D9F2B9F4F9F789FA69FD79F42
:10A0D0000AA03FA074A0A8A0D9A006A12EA151A1BA
:10A0E0006CA17FA18AA18BA183A172A157A134A1E8
:10A0F00008A1D4A09AA05BA018A0D39F8D9F489FD1
:10A10000069FC79E8F9E5E9E369E189E049EFD9D56
:10A11000019E129E2F9E589E8C9ECA9E119F609FEC
:10A12000B49F0CA067A0C1A018A16BA1B8A1FCA10D
:10A1300035A263A282A294A296A288A26AA23DA29C
:10A1400000A2B7A160A100A196A027A0B39F3F9F46
:10A15000CC9E5E9EF79D9A9D499D079DD59CB69C81
:10A16000AA9CB29CCE9CFF9C449D9C9D049E7C9E80
:10A17000009F8D9F22A0B9A050A1E4A16FA2F0A2E0
:10A1800062A3C3A30FA444A460A462A44AA415A418
:10A19000C6A35EA3DDA247A29EA1E5A022A0579F71
:10A1A0008A9EBF9DFC9C459C9F9B0F9B989A409AC2
:10A1B000089AF399049A3A9A979A199BBF9B869C9E
:10A1C0006A9D689E7A9F9AA0C3A1ECA211A428A5BB
:10A1D0002AA612A7D6A772A8E0A81AA91CA9E4A8C3
:10A1E0006FA8BEA7D1A6AAA54DA4C0A209A12F9F62
:10A1F0003D9D3D9B399940975C959D931192C490EC
:10A20000C58F228FE78E208FD98F1A91ED925795A7
:10A210005E98049C4BA032A5B4AACEB077B7A7BE77
:10A2200052C66DCEE7D6B3DFBFE8F9F150FBB004FC
:10A230006042A20D0000004083F9A200444E6E006F
:10A24000FC291500D1572700DD34F50062DBC00082
:10A250003C999500419043006351FE00BBDEAB008A
:10A26000B761C5003A6E2400D24D42004906E000B5
:10A2700009EA2E001C92D100EB1DFE0029B11C0042
:10A28000E83EA700F535820044BB2E009CE984001F
:10A29000B4267000417E5F00D691390053833900A7
:10A2A0009CF439008B5F840028F9BD00F81F3B0047
:10A2B000DEFF97000F980500112FEF000A5A8B0060
:10A2C0006D1F6D00CF7E360009CB2700464FB700CB
:10A2D0009E663F002DEA5F00BA277500E5EBC700D8
:10A2E0003D7BF100F739070092528A00FB6BEA00D0
:10A2F0001FB15F00085D8D00300356007BFC4600F7
:10A30000F0AB6B0020BCCF0036F49A00E3A91D002F
:10A310005E619100081BE60085996500A0145F004E
:10A320008D40680080D8FF0027734D00060631007D
:10A33000CA561500C9A873007BE260006B8CC00090
:10A3400000010000A8D50020120000000006000057
:10A35000B03700600A00000000020000783400609E
:10A3600035030000000700004031006035030000A5
:10A37000000300003C3100600000000001030904FC
:10A380002431006000000000020309047CD7002093
:10A39000000000000303090490D700200000000023
:10A3A00000000000000000000000000030303030ED
:10A3B000303030303030303030303030303030309D
:10A3C000303030303030303030303030000000004D
:10A3D000000000000000000030A3002030A3002097
:10A3E00038A3002038A3002040A3002040A3002071
:10A3F00048A3002048A3002050A3002050A3002021
:10A4000058A3002058A3002060A3002060A30020D0
:10A4100068A3002068A3002070A3002070A3002080
:10A4200078A3002078A3002080A3002080A3002030
:10A4300088A3002088A3002090A3002090A30020E0
:10A4400098A3002098A30020A0A30020A0A3002090
:10A45000A8A30020A8A30020B0A30020B0A3002040
:10A46000B8A30020B8A30020C0A30020C0A30020F0
:10A47000C8A30020C8A30020D0A30020D0A30020A0
:10A48000D8A30020D8A30020E0A30020E0A3002050
:10A49000E8A30020E8A30020F0A30020F0A3002000
:10A4A000F8A30020F8A3002000A4002000A40020AE
:10A4B00008A4002008A4002010A4002010A400205C
:10A4C00018A4002018A4002020A4002020A400200C
:10A4D00028A4002028A4002030A4002030A40020BC
:10A4E00038A4002038A4002040A4002040A400206C
:10A4F00048A4002048A4002050A4002050A400201C
:10A5000058A4002058A4002060A4002060A40020CB
:10A5100068A4002068A4002070A4002070A400207B
:10A5200078A4002078A4002080A4002080A400202B
:10A5300088A4002088A4002090A4002090A40020DB
:10A5400098A4002098A40020A0A40020A0A400208B
:10A55000A8A40020A8A40020B0A40020B0A400203B
:10A56000B8A40020B8A40020C0A40020C0A40020EB
:10A57000C8A40020C8A40020D0A40020D0A400209B
:10A58000D8A40020D8A40020E0A40020E0A400204B
:10A59000E8A40020E8A40020F0A40020F0A40020FB
:10A5A000F8A40020F8A4002000A5002000A50020A9
:10A5B00008A5002008A5002010A5002010A5002057
:10A5C00018A5002018A5002020A5002020A5002007
:10A5D00028A5002028A5002030A5002030A50020B7
:10A5E00038A5002038A5002040A5002040A5002067
:10A5F00048A5002048A5002050A5002050A5002017
:10A6000058A5002058A5002060A5002060A50020C6
:10A6100068A5002068A5002070A5002070A5002076
:10A6200078A5002078A5002080A5002080A5002026
:10A6300088A5002088A5002090A5002090A50020D6
:10A6400098A5002098A50020A0A50020A0A5002086
:10A65000A8A50020A8A50020B0A50020B0A5002036
:10A66000B8A50020B8A50020C0A50020C0A50020E6
:10A67000C8A50020C8A50020D0A50020D0A5002096
:10A68000D8A50020D8A50020E0A50020E0A5002046
:10A69000E8A50020E8A50020F0A50020F0A50020F6
:10A6A000F8A50020F8A5002000A6002000A60020A4
:10A6B00008A6002008A6002010A6002010A6002052
:10A6C00018A6002018A6002020A6002020A6002002
:10A6D00028A6002028A6002030A6002030A60020B2
:10A6E00038A6002038A6002040A6002040A6002062
:10A6F00048A6002048A6002050A6002050A6002012
:10A7000058A6002058A6002060A6002060A60020C1
:10A7100068A6002068A6002070A6002070A6002071
:10A7200078A6002078A6002080A6002080A6002021
:10A7300088A6002088A6002090A6002090A60020D1
:10A7400098A6002098A60020A0A60020A0A6002081
:10A75000A8A60020A8A60020B0A60020B0A6002031
:10A76000B8A60020B8A60020C0A60020C0A60020E1
:10A77000C8A60020C8A60020D0A60020D0A6002091
:10A78000D8A60020D8A60020E0A60020E0A6002041
:10A79000E8A60020E8A60020F0A60020F0A60020F1
:10A7A000F8A60020F8A6002000A7002000A700209F
:10A7B00008A7002008A7002010A7002010A700204D
:10A7C00018A7002018A7002020A7002020A70020FD
:10A7D00028A7002028A700200000000090E4012006
:10A7E000F8E4012060E50120000000000000000006
:10A7F0000000000000000000000000000000000059
:10A800000000000000000000000000000000000048
:10A810000000000000000000000000000000000038
:10A820000000000000000000000000000000000028
:10A830000000000000000000000000000000000018
:10A840000000000000000000000000000000000008
:10A8500000000000000000000000000000000000F8
:10A8600000000000000000000000000000000000E8
:10A8700001000000000000000E33CDAB34126DE685
:10A88000ECDE05000B0000000000000000000000EE
:10A8900000000000000000000000000000000000B8
:10A8A00000000000000000000000000000000000A8
:10A8B0000000000000000000000000000000000098
:10A8C0000000000000000000000000000000000088
:10A8D0000000000000000000000000000000000078
:10A8E0000000000000000000000000000000000068
:10A8F0000000000000000000000000000000000058
:10A900000000000000000000000000000000000047
:10A910000000000000000000000000000000000037
:10A920000000000000000000000000000000000027
:10A930000000000000000000000000000000000017
:10A940000000000000000000000000000000000007
:10A9500000000000000000000000000000000000F7
:10A9600000000000000000000000000000000000E7
:10A9700000000000000000000000000000000000D7
:10A9800000000000000000000000000000000000C7
:10A9900000000000000000000000000000000000B7
:10A9A00000000000000000000000000000000000A7
:10A9B0000000000000000000000000000000000097
:10A9C0000000000000000000000000000000000087
:10A9D0000000000000000000D4480420845504203A
:10A9E00034620420E46E04200C490420BC55042089
:10A9F0006C6204201C6F0420DC5404208C61042051
:10AA00003C6E0420EC7A042014550420C461042018
:10AA1000746E0420247B0420000000003200320009
:10AA2000000200020002010000000000C0006400FB
:10AA300031006400B80064009D0064000000000064
:10AA40000000000000000000000000000000000006
:10AA500000004300000000000000000000000000B3
:10AA600000000000000000000000100000000800CE
:10AA700008000C002A0093040100A70114004600FE
:10AA80000300230053003B00620A010000000000A5
:10AA900000000000000000000000010001000100B3
:10AAA000640001000100000001000100010001003C
:10AAB0000E000000000046000000000000006400DE
:10AAC0000000060000000000F302C30017003D0074
:10AAD0001D000000000000000000A20000000000B7
:10AAE0000000000000000000000000000000000066
:10AAF0000000000000000000000000000000000056
:10AB0000000000000000000002000D0008006400CA
:10AB100010000000C80000000000320000003200F9
:10AB2000120020003200000000000A004200610113
:10AB30004100E3030100390210008D0020005300A2
:10AB40001C0030003600010000000000000038004A
:10AB5000000085010000140000000000000000005B
:10AB600001000100010000000100010000000100DF
:10AB7000010001000100000000000000460000008C
:10AB800000000000640000002600000000005000EB
:10AB9000100004005E00F102DA01460005006400C6
:10ABA00064006400000000000000000000000000DD
:10ABB0000000000000000000000000000000000095
:10ABC0000000000000000000000000000000000085
:10ABD0001000000006000600200000000600000033
:10ABE0001000000006000600200000000600000023
:10ABF0000000000000000000000000000000000055
:10AC00000000000000000000000000000000000044
:10AC10000000000000000000000000000000000034
:10AC20000000000000000000000000000000000024
:10AC30000000000000000000041D0220E41D0220AE
:10AC40001C1E0220541E02208C1E0220C41E022044
:10AC5000FC1E0220341F02206C1F02203C1D02201B
:10AC6000741D0220AC1D0220641A0220441B022025
:10AC70007C1B0220B41B0220EC1B0220241C02209F
:10AC80005C1C0220941C0220CC1C02209C1A022076
:10AC9000D41A02200C1B022014200220F4200220CF
:10ACA0002C210220642102209C210220D421022098
:10ACB0000C220220442202207C2202204C2002206E
:10ACC00084200220BC2002200029DE07007B9A1786
:10ACD0007497002000000000E8030000000000005E
:10ACE0004098002000000000E80300000000000081
:10ACF00000003F405C3800600000000000000000E1
:10AD00000000000000000000000000000000000043
:10AD10000000000000000000000000000000000033
:10AD20000000000000000000000000000000000023
:10AD30000000000000000000000000000000000013
:10AD40000000000000000000000000000000000003
:10AD500000000000000000000000000000000000F3
:10AD600000000000000000000000000000000000E3
:10AD700000000000000000000000000000000000D3
:10AD800000000000000000000000000000000000C3
:10AD900000000000000000000000000000000000B3
:10ADA00000000000000000000000000000000000A3
:10ADB0000000000000000000000000000000000093
:10ADC0000000000000000000000000000000000083
:10ADD0000000000000000000000000000000000073
:10ADE0000000000000000000000000000000000063
:10ADF0000000000000000000000000000000000053
:10AE00000000000000000000000000000000000042
:10AE10000000000000000000000000000000000032
:10AE20004098002000000000E8030000000000003F
:10AE300000803F400C38006000000000000000006F
:10AE40000000000000000000000000000000000002
:10AE500000000000000000000000000000000000F2
:10AE600000000000000000000000000000000000E2
:10AE700000000000000000000000000000000000D2
:10AE800000000000000000000000000000000000C2
:10AE900000000000000000000000000000000000B2
:10AEA00000000000000000000000000000000000A2
:10AEB0000000000000000000000000000000000092
:10AEC0000000000000000000000000000000000082
:10AED0000000000000000000000000000000000072
:10AEE0000000000000000000000000000000000062
:10AEF0000000000000000000000000000000000052
:10AF00000000000000000000000000000000000041
:10AF10000000000000000000000000000000000031
:10AF20000000000000000000000000000000000021
:10AF30000000000000000000000000000000000011
:10AF40000000000000000000000000000000000001
:10AF500000000000000000000000000000000000F1
:10AF60004098002000000000E803000000000000FE
:10AF700000C03F40BC37006000000000000000003F
:10AF800000000000000000000000000000000000C1
:10AF900000000000000000000000000000000000B1
:10AFA00000000000000000000000000000000000A1
:10AFB0000000000000000000000000000000000091
:10AFC0000000000000000000000000000000000081
:10AFD0000000000000000000000000000000000071
:10AFE0000000000000000000000000000000000061
:10AFF0000000000000000000000000000000000051
:10B000000000000000000000000000000000000040
:10B010000000000000000000000000000000000030
:10B020000000000000000000000000000000000020
:10B030000000000000000000000000000000000010
:10B040000000000000000000000000000000000000
:10B0500000000000000000000000000000000000F0
:10B0600000000000000000000000000000000000E0
:10B0700000000000000000000000000000000000D0
:10B0800000000000000000000000000000000000C0
:10B0900000000000000000000000000000000000B0
:10B0A00029CA01003DFA0100000000000000000074
:10B0B0007F000000FFFFFFFF3333B33F0000803FFE
:10B0C0003333B33F3333333F0000803F3333B33F39
:10B0D000000040C10AD723BC000000000AD7233C6F
:10B0E0000AD7A33C14AE3F410AD73F41000040417C
:10B0F000000040C10000A0C00000000014AEDF400E
:10B100000000E0400AD73F41000040410000984164
:10B11000000040C10000A0C0000000000000A040EE
:10B120000000E0400AD73F41000040410000884154
:10B13000000040C10000A0C000000000000040402E
:10B140000000E040D7A3404000004041000098418B
:10B15000000040C10000A0C000000000000040400E
:10B160000000E040D7A3404000002041000098418B
:10B17000000040C10000A0C00000000000004040EE
:10B1800000006041D7A340400000204100009841EA
:10B19000000040C10000A0C00000000000004040CE
:10B1A0000000E040D7A3404000002041000088415B
:10B1B000000040C10000A0C00000000000000040EE
:10B1C0000000E04000001041000080410000984174
:10B1D000000040C10000A0C000000000000080404E
:10B1E0000000E04000003041000060410000984154
:10B1F000000040C10000A0C000000000000080402E
:10B200000000E040000030410AD72F410000984183
:10B21000000040C10000A0C000000000000080400D
:10B220000000E0400AD73F41000040410000984143
:10B23000000040C1000000000AD7233C000040414C
:10B2400000000000000000000000000000000000FE
:10B25000000040C114AEDF400000E040000040416B
:10B2600000000000000000000000000000000000DE
:10B27000000040C10000A0400000E040000040414C
:10B2800000000000000000000000000000000000BE
:10B29000000040C1000040400AD73F41000040414B
:10B2A000000000000000000000000000000000009E
:10B2B000000040C10000404000002041000040412B
:10B2C000000000000000000000000000000000007E
:10B2D000000040C1000040400000204100006041EB
:10B2E000000000000000000000000000000000005E
:10B2F000000040C1000040400000204100008841A3
:10B30000000000000000000000000000000000003D
:10B31000000040C1000000400000104100008041DA
:10B32000000000000000000000000000000000001D
:10B33000000040C10000804000003041000060413A
:10B3400000000000000000000000000000000000FD
:10B35000000040C1000080400000E040000030419B
:10B3600000000000000000000000000000000000DD
:10B37000000040C1000080400000E040000040416B
:10B3800000000000000000000000000000000000BD
:10B3900000000000000040C10000000000000000AC
:10B3A000000000000000000000000000000000009D
:10B3B000000000000000004000000000000000004D
:10B3C000000000000000000000000000000000007D
:10B3D00000000000000040400000000000000000ED
:10B3E000000000000000000000000000000000005D
:10B3F000000000000000804000000000000000008D
:10B40000000000000000000000000000000000003C
:10B41000000000000000A04000000000000000004C
:10B42000000000000000000000000000000000001C
:10B43000000000000000E0400000000000000000EC
:10B4400000000000000000000000000000000000FC
:10B45000000000000000104100000000000000009B
:10B4600000000000000000000000000000000000DC
:10B47000000000000000204100000000000000006B
:10B4800000000000000000000000000000000000BC
:10B49000000000000000304100000000000000003B
:10B4A000000000000000000000000000000000009C
:10B4B000000000000000404100000000000000000B
:10B4C000000000000000000000000000000000007C
:10B4D000000040C1000040410000000000000000EA
:10B4E000000000000000000000000000000000005C
:10B4F00000000000000040C100000000000000004B
:10B50000000000000000000000000000000000003B
:10B5100000000000000000400000000000000000EB
:10B52000000000000000000000000000000000001B
:10B53000000000000000404000000000000000008B
:10B5400000000000000000000000000000000000FB
:10B55000000000000000804000000000000000002B
:10B5600000000000000000000000000000000000DB
:10B57000000000000000A0400000000000000000EB
:10B5800000000000000000000000000000000000BB
:10B59000000000000000E04000000000000000008B
:10B5A000000000000000000000000000000000009B
:10B5B000000000000000104100000000000000003A
:10B5C000000000000000000000000000000000007B
:10B5D000000000000000204100000000000000000A
:10B5E000000000000000000000000000000000005B
:10B5F00000000000000030410000000000000000DA
:10B60000000000000000000000000000000000003A
:10B6100000000000000040410000000000000000A9
:10B62000000000000000000000000000000000001A
:10B63000000040C100004041000000000000000088
:10B6400000000000000000000000000000000000FA
:10B6500000000000000000000000000000000000EA
:10B6600000000000000000000000000000000000DA
:10B6700000000000000000000000000000000000CA
:10B6800000000000000000000000000000000000BA
:10B6900000000000000000000000000000000000AA
:10B6A000000000000000000000000000000000009A
:10B6B000000000000000000000000000000000008A
:10B6C000000000000000000000000000000000007A
:10B6D000000000000000000000000000000000006A
:10B6E000000000000000000000000000000000005A
:10B6F000000000000000000000000000000000004A
:10B700000000000000000000000000000000000039
:10B710000000000000000000000000000000000029
:10B720000000000000000000000000000000000019
:10B730000000000000000000000000000000000009
:10B7400000000000000000000000000000000000F9
:10B7500000000000000000000000000000000000E9
:10B7600000000000000000000000000000000000D9
:10B7700000000000000000000000000000000000C9
:10B7800000000000000000000000000000000000B9
:10B7900000000000000000000000000000000000A9
:10B7A0000000000000000000000000000000000099
:10B7B0000000000000000000000000000000000089
:10B7C0000000000000000000000000000000000079
:10B7D0000000000000000000000000000000000069
:10B7E0000000000000000000000000000000000059
:10B7F0000000000000000000000000000000000049
:10B800000000000000000000000000000000000038
:10B810000000000000000000000000000000000028
:10B820000000000000000000000000000000000018
:10B830000000000000000000000000000000000008
:10B8400000000000000000000000000000000000F8
:10B8500000000000000000000000000000000000E8
:10B8600000000000000000000000000000000000D8
:10B8700000000000000000000000000000000000C8
:10B8800000000000000000000000000000000000B8
:10B8900000000000000000000000000000000000A8
:10B8A0000000000000000000000000000000000098
:10B8B0000000000000000000000000000000000088
:10B8C0000000000000000000000000000000000078
:10B8D0000000000000000000000000000000000068
:10B8E0000000000000000000000000000000000058
:10B8F0000000000000000000000000000000000048
:10B900000000000000000000000000000000000037
:10B910002100000005000000000080BF000080BF83
:10B92000000080BFFFFFFFFFB4900020BC9000200C
:10B93000C4900020CC900020D4900020DC90002007
:10B94000E4900020EC900020F4900020FC90002077
:10B95000049100200C9100204CE40120406327203A
:10B960000000000043000000000000000000000094
:10B9700000000000000000000000000000000000C7
:10B980000000000043000000000000000000000074
:10B9900000000000000000000000000000000000A7
:10B9A0000000000043000000000000000000000054
:10B9B0000000000000000000000000000000000087
:10B9C0000000000043000000000000000000000034
:10B9D0000000000000000000000000000000000067
:10B9E0000000000043000000000000000000000014
:10B9F0000000000000000000000000000000000047
:10BA000000000000430000000000000000000000F3
:10BA10000000000000000000000000000000000026
:10BA200000000000430000000000000000000000D3
:10BA30000000000000000000000000000000000006
:10BA400000000000430000000000000000000000B3
:10BA500000000000000000000000000000000000E6
:10BA600000000000000000000000000000000000D6
:10BA700000000000000000000000000000000000C6
:10BA800000000000000000000000000000000000B6
:10BA900000000000000000000000000000000000A6
:10BAA0000000000000000000000000000000000096
:10BAB0000000000000000000000000000000000086
:10BAC0000000000000000000000000000000000076
:10BAD0000000000000000000000000000000000066
:10BAE0000000000000000000000000000000000056
:10BAF0000000000000000000000000000000000046
:10BB00000000000000000000000000000000000035
:10BB10000000000000000000000000000000000025
:10BB2000000000000000000000000000B1960200CC
:10BB3000B96D020000000000409A00200C92002025
:10BB400054920020549200205492002054920020DD
:10BB500054920020549200205492002054920020CD
:10BB600054920020FFFFFFFFFFFFFFFFFFFFFFFFDB
:10BB7000FFFF00000100415343494900000000005D
:10BB800000000000000000000000000000000000B5
:10BB9000000000000000415343494900000000003C
:10BBA0000000000000000000000000000000000095
:10BBB0000000000000000000FFFFFFFF0000020087
:10BBC000000000000300000090E4012038A70020DE
:10BBD0000004080C02050900B4900020BC9000206D
:10BBE000C4900020CC900020D4900020DC90002055
:10BBF000E4900020EC900020F4900020FC900020C5
:10BC0000049100200C9100205CCF02438049042065
:10BC100030560420E0620420906F0420E0490420A4
:10BC20009056042040630420F06F0420004A042052
:10BC3000B05604206063042010700420944D04204A
:10BC4000445A0420F4660420A473042028510420DC
:10BC5000D85D0420886A042038770420000102039C
:10BC60000405060A0B0C0D0E0F100A0B0C0D00023A
:10BC7000030A0B0C0D0205060A0B0C0D020F101423
:10BC800015161718191A00004C550420FC610420E1
:10BC9000AC6E04205C7B042044490420F45504204D
:10BCA000A4620420546F0420A8490420585604209C
:10BCB00008630420B86F042000000000800000002A
:10BCC0000000803F40D6002000000000320032001B
:10BCD000000200020002000000000000C00064003A
:10BCE00031006400B80064009D00640000000000A2
:10BCF00000000000000000002B00000032002500C2
:10BD000026004300000000000000000000000000CA
:10BD1000000000000000000000001000000008000B
:10BD200008000C002A0093040100A701140046003B
:10BD30000300230053003B00620A010000000000E2
:10BD400000000000000000000000010001000100F0
:10BD50006400010001000000010001000100010079
:10BD60000E0000000000460000000000000064001B
:10BD70000000060000000000F302C30017003D00B1
:10BD80001D000000000000000000A20000000200F2
:10BD900000000000000000000000000000000000A3
:10BDA0000000000000000000000000000000000093
:10BDB000000000000000000002000D000800640008
:10BDC00010000000C8000000000032000000320037
:10BDD000120020003200000000000A004200610151
:10BDE0004100E3030100390210008D0020005300E0
:10BDF0001C00300036000100000000000000380088
:10BE00000000850100001400000000000000000098
:10BE1000010001000100000001000100000001001C
:10BE200001000100010000000000000046000000C9
:10BE3000000000006400000040000000000050000E
:10BE4000100004005E00F102DA0146000500640003
:10BE50006400640002000000000000000000000018
:10BE600000000000000000000000000000000000D2
:10BE700000000000000000000000000000000000C2
:10BE80001000000006000600200000000600000070
:10BE90001000000006000600200000000600000060
:10BEA0000000000000000000000000000000000092
:10BEB0000000000000000000000000000000000082
:10BEC0000000000000000000000000000000000072
:10BED0000000000000000000000000000000000062
:10BEE00000000000000000000000000032003200EE
:10BEF000000200020002000000000000C200640016
:10BF0000550064003C0064003D0064000000000037
:10BF10000A00010000000000000000000000000016
:10BF200000006400000000000000000000000000AD
:10BF300000000000000000000400190008000300D9
:10BF40001D0012004100E80103009F001900460097
:10BF50000500120004001A00060001004D00000058
:10BF60004B0220000000860100004C00010001008F
:10BF7000640001000100440011000E0016001400CE
:10BF800000005401920646003000000000006400EA
:10BF90001200360000000000200346003900640053
:10BFA00064000000000000000000C7000000020064
:10BFB0000000000000000000000000000000000081
:10BFC0000000000000000000000000000000000071
:10BFD00000000000000000000400070000006400F2
:10BFE00000000000640006000800C80002003200E3
:10BFF00024004B0032001C0000000300010001007F
:10C000005000C20402007B062600720013000800E4
:10C01000200050000100010000001E000000000090
:10C0200000000000000000000000180000000300F5
:10C030000100010001006400010001006400010032
:10C040000100010001001F00000000004600000088
:10C050000000000064000000210002000100A200B6
:10C0600010000400640064009C0576006400320047
:10C0700020006B0002000000000000000000000033
:10C0800000000000000000000000000000000000B0
:10C0900000000000000000000000000000000000A0
:10C0A00007000000000000000D0000000400000078
:10C0B00007000000000002000D0000000000020068
:10C0C0000000000000000000000000000000000070
:10C0D0000000000000000000000000000000000060
:10C0E0000000000000000000000000000000000050
:10C0F0000000000000000000000000000000000040
:10C1000000000000000000000000000032003200CB
:10C11000000200020002000000000000C0006400F5
:10C1200031006400B80064009D006400000000005D
:10C130001E00000001000100570021003E000C001D
:10C14000500043000000000000000000000000005C
:10C1500000000000000000000000060003000800CE
:10C1600008000C002A003F0701002A001400D90033
:10C170000300230053003B00620A0100B9000000E5
:10C180001A010E000000F7000B0001000100010081
:10C190006400010001000000010001000100010035
:10C1A0000E000000000046000000000000006400D7
:10C1B0000000170000000000F302C30052003D0021
:10C1C0001D000000000000000000A20000000200AE
:10C1D000000000000000000000000000000000005F
:10C1E000000000000000000000000000000000004F
:10C1F000000000000000000001000D0000006400CD
:10C2000017000800C80000000000320000003200E3
:10C21000120020003200000000000A00420061010C
:10C220002C00AC050100390210008D0020005300E5
:10C230001C003000360001000000BA025200380035
:10C240000000430200001C0000000000000000008D
:10C250000100010001000000010001006400010074
:10C260000100010001000000000000004600000085
:10C2700000000000640000006400000000005000A6
:10C28000100004005E00F102DA01460005006400BF
:10C2900064006400020000000000000000000000D4
:10C2A000000000000000000000000000000000008E
:10C2B000000000000000000000000000000000007E
:10C2C000100000000600060020000000060000002C
:10C2D000100000000600060020000000060000001C
:10C2E000000000000000000000000000000000004E
:10C2F000000000000000000000000000000000003E
:10C30000000000000000000000000000000000002D
:10C31000000000000000000000000000000000001D
:10C3200000000000000000000000000032003200A9
:10C33000000200020002000000000000C4004C00E7
:10C340005C006400B8006400550064000000000058
:10C350003C000000010000000E0000000000000092
:10C360002A002E0000000000000000000000000075
:10C37000000000000000000003000A0008000B009D
:10C380002A001E003D00590801006A0016008C00BA
:10C390000400230053001800A40701008B000000D4
:10C3A0001A0100000000F7000A000100010001006E
:10C3B0006400010001000000010001000100010013
:10C3C00000000000000046000000000000006400C3
:10C3D00000003900000001005A03460042006400DA
:10C3E000640000000000000000007F000000020068
:10C3F000000000000000000000000000000000003D
:10C40000000000000000000000000000000000002C
:10C410000000000000000000000011000800C8003B
:10C420000B00000086000A000000640007003200D4
:10C430003B000F00320000000F000A000A002D0030
:10C440003D00D10501008C021000540020001500B1
:10C450000F002100130001000000EA0100006D0040
:10C460000000FC00000008000000F40001003100A2
:10C470000100010001000F00010001006400010043
:10C480000100010001001A00DF018B0746000000D7
:10C4900032000000640028004E0015000000A200D9
:10C4A000100004006400E8037F028C0064002F0089
:10C4B00064005500020000000000000000000000C1
:10C4C000000000000000000000000000000000006C
:10C4D000000000000000000000000000000000005C
:10C4E000410000000C00000000000C0000000000F3
:10C4F00041000000060000000000060000000000EF
:10C50000000000000000000000000000000000002B
:10C51000000000000000000000000000000000001B
:10C52000000000000000000000000000000000000B
:10C5300000000000000000000000000000000000FB
:10C540000000000000000000000000003200320087
:10C5500000020002000200000000000092006400DF
:10C560004C00640055004F00B8006400000000005B
:10C570006E00000000000000390000000000000014
:10C5800043003A000000000000000000000000002E
:10C590000000000000000000000006000800080085
:10C5A00041000C0026003F070500390018009800E4
:10C5B0000300230053003B00620A060089000000CC
:10C5C000800208000000F7000B00010001000100DC
:10C5D00064000100010083000400740003000100F6
:10C5E0000B00A801500546002E000000000064006A
:10C5F0003C00550000000000E4037D0052003D00B7
:10C60000470000000000000000005A000000020087
:10C61000000000000000000000000000000000001A
:10C62000000000000000000000000000000000000A
:10C630000000000000000000000014000000640082
:10C6400017000000C8000F0008006400000032005E
:10C65000000012003200000000000200250111005D
:10C660002C00F40301000A0021008D00200053007B
:10C670001C004300EF0001000000000000001F014B
:10C68000000043020000000000006E0100002300D3
:10C69000050034000C0000000100010064000100EE
:10C6A0000100010001001000000000004600000031
:10C6B0000000000064000000320000000000B8002C
:10C6C00010000400640064009102460056006400FB
:10C6D00064005F0002000000000000000000000095
:10C6E000000000000000000000000000000000004A
:10C6F000000000000000000000000000000000003A
:10C700000700000000000200040002000F0000000B
:10C71000020002000600020006000F0000000000F8
:10C720000000000000000000000000000000000009
:10C7300000000000000000000000000000000000F9
:10C7400000000000000000000000000000000000E9
:10C7500000000000000000000000000000000000D9
:10C760000000000000000000000000003200320065
:10C77000000200020002000000000000C0003C00B7
:10C780002F0038009F0064009D006400000000003E
:10C790008A0001000000000000000000000000000E
:10C7A0001B004A0000000000000000000000000024
:10C7B000000000000000000004000E000B00030059
:10C7C0001D00120041004E0403002E010B00460024
:10C7D0000500120004001A000600010026000000F7
:10C7E000040210000000000000004C0001000100E5
:10C7F000640001000100440011000E001600140046
:10C800000000540192064600300000000000640061
:10C8100012003A0000000000200346002B006400D4
:10C8200064000000000000000000C80000000200DA
:10C8300000000000000000000000000000000000F8
:10C8400000000000000000000000000000000000E8
:10C85000000000000000000004000A000B0064005B
:10C8600009000000C80004000800C80000003200F1
:10C8700024004B0032000000000003000100010012
:10C8800050003F07020001030F0072001300080070
:10C89000200050000100010000001E0000000B00FD
:10C8A0000000D30100002300000018000000030076
:10C8B00001000100010064000100010064000100AA
:10C8C0000100010001000000550174084600360017
:10C8D00000000000640024002A0000000100500055
:10C8E00010000400640014003508460064000600CF
:10C8F00016003700020000000000000000000000E9
:10C900000000000000000000000000000000000027
:10C910000000000000000000000000000000000017
:10C920000100020004000800110000000C000000DB
:10C9300001000200040008001000060000000100D1
:10C9400000000000000000000000000000000000E7
:10C9500000000000000000000000000000000000D7
:10C9600000000000000000000000000000000000C7
:10C9700000000000000000000000000000000000B7
:10C980000000000000000000000000003200320043
:10C99000000200020002000000000000C00064006D
:10C9A0003D00640082006400530064000000000049
:10C9B000AF000000000000000000000000000000C8
:10C9C0000000230000000000000000000000000044
:10C9D000000000000000000000000C0009000B0037
:10C9E0000100010046005D0801007F0111002E01D9
:10C9F0006500670022001E0001000C00000000001E
:10CA00006F01110000006B01050001000100010031
:10CA100056000100010000000100010001000100BA
:10CA20000800000000004600000000000000640054
:10CA3000000021003200000088134600640000005E
:10CA4000000000000000000000005A00000002008A
:10CA500000000000000000000000000000000000D6
:10CA600000000000000000000000000000000000C6
:10CA70000000000000000000050009000900C800D7
:10CA80000D00060063000600000032001B003200AB
:10CA900032003200320000000000590101000100A4
:10CAA000500020032000980800004600010001000B
:10CAB000010064000100010000001E0000000000F1
:10CAC0000000A600000006000000000000000000BA
:10CAD00001000100010000000100010064000100EC
:10CAE00001000100010000000000000046000000FD
:10CAF00000000000640000003B00640000005000E3
:10CB000010000400640064003E0946006400280030
:10CB100017003900020000000000000000000000C3
:10CB20000000000000000000000000000000000005
:10CB300000000000000000000000000000000000F5
:10CB40000100000004000400100010000C000000B0
:10CB500001000600080006000000060000000100B9
:10CB600000000000000000000000000000000000C5
:10CB700000000000000000000000000000000000B5
:10CB800000000000000000000000000000000000A5
:10CB90000000000000000000000000000000000095
:10CBA0000000000000000000000000003200320021
:10CBB0000002000200020000000000009200640079
:10CBC0004C00640055004F00B800640000000000F5
:10CBD000DC00000000000000000000000000560023
:10CBE00037003F00000000000000000000000000CF
:10CBF000000000000000000000000600080008001F
:10CC000041000C0026003F0705003900180098007D
:10CC10000300230053003B00620A06008900000065
:10CC2000800208000000F7000B0001000100010075
:10CC3000640001000100830004007400030001008F
:10CC40000B00A801500546002E0000000000640003
:10CC50003C00540000000000E4037D0052003D0051
:10CC6000470000000000000000005A000000020021
:10CC700000000000000000000000000000000000B4
:10CC800000000000000000000000000000000000A4
:10CC9000000000000000000000001400000064001C
:10CCA00017000000C8000F000800640000003200F8
:10CCB00000001200320000000000020025011100F7
:10CCC0002C00F40301000A0021008D002000530015
:10CCD0001C004300EF0001000000000000001F01E5
:10CCE000000043020000000000006E01000023006D
:10CCF000050034000C000000010001006400010088
:10CD000001000100010010000000000046000000CA
:10CD10000000000064000000320000000000B800C5
:10CD20001000040064006400910246005600640094
:10CD300064005F000200000000000000000000002E
:10CD400000000000000000000000000000000000E3
:10CD500000000000000000000000000000000000D3
:10CD60000700000000000200040002000F000000A5
:10CD7000020002000600020006000F000000000092
:10CD800000000000000000000000000000000000A3
:10CD90000000000000000000000000000000000093
:10CDA0000000000000000000000000000000000083
:10CDB0000000000000000000000000000000000073
:10CDC00000000000000000000000000032003200FF
:10CDD000000200020002000000000000C400640025
:10CDE0002F0038009F0064009D00640000000000D8
:10CDF000FD00010000000000000000000000000035
:10CE000000003B00000000000000000000000000E7
:10CE1000000000000000000004000F000B000300F1
:10CE20001D00120041004E0403002E010B004600BD
:10CE30000500120004001A00060001002600000090
:10CE400004021000000000000C004C00010016005D
:10CE5000640001000100440011000E0016001400DF
:10CE600000005401920646003000000000006400FB
:10CE700012003A0000000000200346002B0064006E
:10CE8000640000000000000000009E00000002009E
:10CE90000000000000000000000000000000000092
:10CEA0000000000000000000000000000000000082
:10CEB000000000000000000004000A000000640000
:10CEC00009000000C80004000800C800000032008B
:10CED00024004B00320000000000030001000100AC
:10CEE00050003F07020001030F007200130008000A
:10CEF000200050000100010000001E0000000B0097
:10CF00000000D3010000160000001800000003001C
:10CF10000100010001006400010001006400010043
:10CF200001000100010000005501740846003600B0
:10CF300000000000640024002A00000001005000EE
:10CF4000100004006400140014024600640006008F
:10CF5000520060000200000000000000000000001D
:10CF600000000000000000000000000000000000C1
:10CF700000000000000000000000000000000000B1
:10CF80000100020004000800110000000C00000075
:10CF9000010002000400080010000600000001006B
:10CFA0000000000000000000000000000000000081
:10CFB0000000000000000000000000000000000071
:10CFC0000000000000000000000000000000000061
:10CFD0000000000000000000000000000000000051
:10CFE00000000000000000000000000032003200DD
:10CFF0000002000200020000000000009500450051
:10D000004C00640055004F00B800640000000000B0
:10D010000A01000000000000000000000000000005
:10D020004100460000000000000000000000000079
:10D0300000000000000000000000050000000800E3
:10D0400041000C0026003F07050039001800980039
:10D050000300230053003B00620A06008900000021
:10D06000800208000000F7000B0001000100010031
:10D07000640001000100830004007400030001004B
:10D080000000A801500546002E00000000006400CA
:10D090003C00510000000000E4037D0052003D0010
:10D0A000470000000000000000006C0000000200CB
:10D0B0000000000000000000000000000000000070
:10D0C0000000000000000000000000000000000060
:10D0D0000000000000000000010014000C006400CB
:10D0E00017000000C8000F000800640000003200B4
:10D0F0002D001100000000000000020025011100B9
:10D100002C00F40301000A0021008D0020005300D0
:10D110001C004300EF0001000000000000001F01A0
:10D12000000043020000000000006E010000230028
:10D13000050034000C000000010001006400010043
:10D140000100010001001000000000004600000086
:10D150000000000064000000320000000000B80081
:10D160001000040064006400590346002A006400B3
:10D1700064009E00020000000000000000000000AB
:10D18000000000000000000000000000000000009F
:10D19000000000000000000000000000000000008F
:10D1A0000700000000000200040002000F00000061
:10D1B000020002000600020006000F00000000004E
:10D1C000000000000000000000000000000000005F
:10D1D000000000000000000000000000000000004F
:10D1E000000000000000000000000000000000003F
:10D1F000000000000000000000000000000000002F
:10D2000000000000000000000000000032003200BA
:10D21000000200020002000000000000C000370011
:10D220003D006400B8006400550064000000000088
:10D2300036010000000000005600000038005700D2
:10D2400025003C000000000000000000000000007D
:10D25000000000000000000004000F000C0024008B
:10D260002A001E003B00820501001E0021008C00E8
:10D270000400230053001800670201005E00000054
:10D280001A010F000000F70000000100010001007A
:10D290006400010001000000010001000100010024
:10D2A00000000000000046000000000000006400D4
:10D2B00000002800000001005A0346002E00640010
:10D2C000520000000000000000007C00000002008E
:10D2D000000000000000000000000000000000004E
:10D2E000000000000000000000000000000000003E
:10D2F0000000000000000000010010000800C8004D
:10D3000012000000860015000000C8000200320074
:10D310003B000F00320012000F000A0042002B00F9
:10D320002300C70201000F01100054002000530029
:10D33000DD021F00360001000000BA020000DC0020
:10D340000000FC00000008000000F40001003100B3
:10D350000100010001000F00010001006400010054
:10D360000100010001001A00DF018B0746000000E8
:10D3700032000000640022004B0000000000A20008
:10D38000100004006400E8036107740031006400C9
:10D390002A008100020000000000000000000000E0
:10D3A000000000000000000000000000000000007D
:10D3B000000000000000000000000000000000006D
:10D3C000410000000C00000000000C000000000004
:10D3D0004100000006000000000006000000000000
:10D3E000000000000000000000000000000000003D
:10D3F000000000000000000000000000000000002D
:10D40000000000000000000000000000000000001C
:10D41000000000000000000000000000000000000C
:10D420000000000000000000000000003200320098
:10D43000000200020002000000000000C2006400C0
:10D44000550064003C0064003D00640000000000E2
:10D450005401010000000000000000000000000076
:10D4600000003E000000000000000000000000007E
:10D470000000000000000000040019000300030089
:10D480001D0012004100E80103009F001900460042
:10D490000500120004001A00280001004D000000E1
:10D4A0004B0220000000CB020B004C0001000100E9
:10D4B000640001000100440011000E001600140079
:10D4C0001100540192064600300000000000640084
:10D4D00012003600000000002003460039006400FE
:10D4E00064000000000000000000C700000002000F
:10D4F000000000000000000000000000000000002C
:10D50000000000000000000000000000000000001B
:10D5100000000000000000000100030001006400A2
:10D5200000000000640006000800C800020032008D
:10D5300024004B0032001C00000003000100010029
:10D540005000C2040200C20226007200130008004C
:10D55000200050000100010000001E00000000003B
:10D5600000000000000000000000180000000300A0
:10D5700001000100010064000100010064000100DD
:10D580000100010001001F00000000004600000033
:10D590000000000064000000210002000100A20061
:10D5A0001000040064006400A602760064003200EB
:10D5B0002000A800020000000000000000000000A1
:10D5C000000000000000000000000000000000005B
:10D5D000000000000000000000000000000000004B
:10D5E00007000000000000000D0000000400000023
:10D5F00007000000000002000D0000000000020013
:10D60000000000000000000000000000000000001A
:10D61000000000000000000000000000000000000A
:10D6200000000000000000000000000000000000FA
:10D6300000000000000000000000000000000000EA
:10D64000000000000000000012010002EF02014093
:10D65000C0168A0412020102030100000003060C36
:10D6600002050900D02702200003060902050C006C
:10D670000001020A0B0C1415161E1F2004010002E3
:10D680000E0B0A0C18151416050200010F0C0A0BDC
:10D690001916141506020001100C0A0B1A1614159F
:10D6A000000102030A0B0C0D1415161700040105E6
:10D6B00002060A0E0B0F0C10000A14010B15020CC7
:10D6C00016030D17307500000000000080000000F8
:10D6D00000040B07020509000004070902050C00FD
:10D6E0000004070C020509002C01000000030A07D2
:10D6F000010508000003070901050C000003070CE1
:10D70000010508000000000080000000000000008B
:10D710008000000000000000800000000000000009
:10D7200080000000000000008000000000000000F9
:10D7300080000000000000008000000000000000E9
:10D74000800000000000803F0000803F0000803F1C
:10D750000000803F102700009A99193F0000A04266
:10D76000000000008000000000040A070205090014
:10D770000000803FE4220220D42302201024022053
:10D780004C24022088240220C424022000250220E8
:10D790003C25022078250220202302205C23022041
:10D7A000982302204041042078410420B041042005
:10D7B00088AA0420C8B0042058B20420E8B304208A
:10D7C00078B5042008B7042098B8042028BA0420AB
:10D7D000B8BB042018AC0420A8AD042038AF042046
:10D7E000987F0420E88D04207C910420109504206B
:10D7F000A4980420389C0420CC9F042060A304201B
:10D80000F4A604202C830420C0860420548A04201B
:10D8100090460420C84604200047042014036D00ED
:10D8200069006E006900630068006F0072006400A8
:10D830000C030000000000000000000000000000D9
:10D8400000000000000000000800000000010203CA
:10D850000C05060708090A0B0000803F1E00087F20
:10D8600001040A0B041403FF017F0104010C0D05E0
:10D870001402301011060E0F01021000000000000B
:10D880000000000000000000000000000000000098
:10D890000000000000000000000000000000000088
:10D8A0000000000000000000000000000000000078
:10D8B0000000000000000000000000000000000068
:10D8C0000000000000000000000000000000000058
:10D8D0000000000000000000000000000000000048
:10D8E0000000000000000000000000000000000038
:10D8F0000000000000000000000000000000000028
:10D900000000000000000000000000000000000017
:10D910000000000000000000000000000000000007
:10D9200000000000000000000000000000000000F7
:10D9300000000000000000000000000000000000E7
:10D9400000000000000000000000000000000000D7
:10D9500000000000000000000000000000000000C7
:10D9600000000000000000000000000000000000B7
:10D9700000000000000000000000000000000000A7
:10D980000000000000000000000000000000000097
:10D990000000000000000000000000000000000087
:10D9A0000000000000000000000000000000000077
:10D9B0000000000000000000000000000000000067
:10D9C0000000000000000000000000000000000057
:10D9D0000000000000000000000000000000000047
:10D9E0000000000000000000000000000000000037
:10D9F0000000000000000000000000000000000027
:10DA00000000000000000000000000000000000016
:10DA10000000000000000000000000000000000006
:10DA200000000000000000000000000000000000F6
:10DA300000000000000000000000000000000000E6
:10DA400000000000000000000000000000000000D6
:10DA500000000000000000000000000000000000C6
:10DA600000000000000000000000000000000000B6
:10DA700000000000000000000000000000000000A6
:10DA80000000000000000000000000000000000096
:10DA90000000000000000000000000000000000086
:10DAA0000000000000000000000000000000000076
:10DAB0000000000000000000000000000000000066
:10DAC0000000000000000000000000000000000056
:10DAD0000000000000000000000000000000000046
:10DAE0000000000000000000000000000000000036
:10DAF0000000000000000000000000000000000026
:10DB00000000000000000000000000000000000015
:10DB10000000000000000000000000000000000005
:10DB200000000000000000000000000000000000F5
:10DB300000000000000000000000000000000000E5
:10DB400000000000000000000000000000000000D5
:10DB500000000000000000000000000000000000C5
:10DB6000FFFFFFFFFFFFFFFFFFFFFFFFFFFFFFFFC5
:10DB7000FFFFFFFFFFFFFFFFFFFFFFFFFFFFFFFFB5
:10DB8000FFFFFFFFFFFFFFFFFFFFFFFFFFFFFFFFA5
:10DB9000FFFFFFFFFFFFFFFFFFFFFFFFFFFFFFFF95
:10DBA000FFFFFFFFFFFFFFFFFFFFFFFFFFFFFFFF85
:10DBB000FFFFFFFFFFFFFFFFFFFFFFFFFFFFFFFF75
:10DBC000FFFFFFFFFFFFFFFFFFFFFFFFFFFFFFFF65
:10DBD000FFFFFFFFFFFFFFFFFFFFFFFFFFFFFFFF55
:10DBE000FFFFFFFFFFFFFFFFFFFFFFFFFFFFFFFF45
:10DBF000FFFFFFFFFFFFFFFFFFFFFFFFFFFFFFFF35
:10DC00000000000000000000000000000000000014
:10DC10000000000000000000000000000000000004
:10DC200000000000000000000000000000000000F4
:10DC300000000000000000000000000000000000E4
:10DC400000000000000000000000000000000000D4
:10DC500000000000000000000000000000000000C4
:10DC600000000000000000000000000000000000B4
:10DC700000000000000000000000000000000000A4
:10DC80000000000000000000000000000000000094
:10DC90000000000000000000000000000000000084
:10DCA0000000000000000000000000000000000074
:10DCB0000000000000000000000000000000000064
:10DCC0000000000000000000000000000000000054
:10DCD0000000000000000000000000000000000044
:10DCE0000000000000000000000000000000000034
:10DCF0000000000000000000000000000000000024
:10DD00000000000000000000000000000000000013
:10DD10000000000000000000000000000000000003
:10DD200000000000000000000000000000000000F3
:10DD300000000000000000000000000000000000E3
:10DD400000000000000000000000000000000000D3
:10DD500000000000000000000000000000000000C3
:10DD600000000000000000000000000000000000B3
:10DD700000000000000000000000000000000000A3
:10DD80000000000000000000000000000000000093
:10DD90000000000000000000000000000000000083
:10DDA0000000000000000000000000000000000073
:10DDB0000000000000000000000000000000000063
:10DDC0000000000000000000000000000000000053
:10DDD0000000000000000000000000000000000043
:10DDE0000000000000000000000000000000000033
:10DDF0000000000000000000000000000000000023
:10DE00000000000000000000000000000000000012
:10DE10000000000000000000000000000000000002
:10DE200000000000000000000000000000000000F2
:10DE300000000000000000000000000000000000E2
:10DE400000000000000000000000000000000000D2
:10DE500000000000000000000000000000000000C2
:10DE600000000000000000000000000000000000B2
:10DE700000000000000000000000000000000000A2
:10DE80000000000000000000000000000000000092
:10DE90000000000000000000000000000000000082
:10DEA0000000000000000000000000000000000072
:10DEB0000000000000000000000000000000000062
:10DEC0000000000000000000000000000000000052
:10DED0000000000000000000000000000000000042
:10DEE0000000000000000000000000000000000032
:10DEF0000000000000000000000000000000000022
:10DF00000000000000000000000000000000000011
:10DF10000000000000000000000000000000000001
:10DF200000000000000000000000000000000000F1
:10DF300000000000000000000000000000000000E1
:10DF400000000000000000000000000000000000D1
:10DF500000000000000000000000000000000000C1
:10DF600000000000000000000000000000000000B1
:10DF700000000000000000000000000000000000A1
:10DF80000000000000000000000000000000000091
:10DF90000000000000000000000000000000000081
:10DFA0000000000000000000000000000000000071
:10DFB0000000000000000000000000000000000061
:10DFC0000000000000000000000000000000000051
:10DFD0000000000000000000000000000000000041
:10DFE0000000000000000000000000000000000031
:10DFF0000000000000000000000000000000000021
:10E000000000000000000000000000000000000010
:10E010000000000000000000000000000000000000
:10E0200000000000000000000000000000000000F0
:10E0300000000000000000000000000000000000E0
:10E0400000000000000000000000000000000000D0
:10E0500000000000000000000000000000000000C0
:10E0600000000000000000000000000000000000B0
:10E0700000000000000000000000000000000000A0
:10E080000000000000000000000000000000000090
:10E090000000000000000000000000000000000080
:10E0A0000000000000000000000000000000000070
:10E0B0000000000000000000000000000000000060
:10E0C0000000000000000000000000000000000050
:10E0D0000000000000000000000000000000000040
:10E0E0000000000000000000000000000000000030
:10E0F0000000000000000000000000000000000020
:10E10000000000000000000000000000000000000F
:10E1100000000000000000000000000000000000FF
:10E1200000000000000000000000000000000000EF
:10E1300000000000000000000000000000000000DF
:10E1400000000000000000000000000000000000CF
:10E1500000000000000000000000000000000000BF
:10E1600000000000000000000000000000000000AF
:10E17000000000000000000000000000000000009F
:10E18000000000000000000000000000000000008F
:10E19000000000000000000000000000000000007F
:10E1A000000000000000000000000000000000006F
:10E1B000000000000000000000000000000000005F
:10E1C000000000000000000000000000000000004F
:10E1D000000000000000000000000000000000003F
:10E1E000000000000000000000000000000000002F
:10E1F000000000000000000000000000000000001F
:10E20000000000000000000000000000000000000E
:10E2100000000000000000000000000000000000FE
:10E2200000000000000000000000000000000000EE
:10E2300000000000000000000000000000000000DE
:10E2400000000000000000000000000000000000CE
:10E2500000000000000000000000000000000000BE
:10E2600000000000000000000000000000000000AE
:10E27000000000000000000000000000000000009E
:10E28000000000000000000000000000000000008E
:10E29000000000000000000000000000000000007E
:10E2A000000000000000000000000000000000006E
:10E2B000000000000000000000000000000000005E
:10E2C000000000000000000000000000000000004E
:10E2D000000000000000000000000000000000003E
:10E2E000000000000000000000000000000000002E
:10E2F000000000000000000000000000000000001E
:10E30000000000000000000000000000000000000D
:10E3100000000000000000000000000000000000FD
:10E3200000000000000000000000000000000000ED
:10E3300000000000000000000000000000000000DD
:10E3400000000000000000000000000000000000CD
:10E3500000000000000000000000000000000000BD
:10E3600000000000000000000000000000000000AD
:10E37000000000000000000000000000000000009D
:10E38000000000000000000000000000000000008D
:10E39000000000000000000000000000000000007D
:10E3A000000000000000000000000000000000006D
:10E3B000000000000000000000000000000000005D
:10E3C000000000000000000000000000000000004D
:10E3D000000000000000000000000000000000003D
:10E3E000000000000000000000000000000000002D
:10E3F000000000000000000000000000000000001D
:10E40000000000000000000000000000000000000C
:10E4100000000000000000000000000000000000FC
:10E4200000000000000000000000000000000000EC
:10E4300000000000000000000000000000000000DC
:10E4400000000000000000000000000000000000CC
:10E4500000000000000000000000000000000000BC
:10E4600000000000000000000000000000000000AC
:10E47000000000000000000000000000000000009C
:10E48000000000000000000000000000000000008C
:10E49000000000000000000000000000000000007C
:10E4A000000000000000000000000000000000006C
:10E4B000000000000000000000000000000000005C
:10E4C000000000000000000000000000000000004C
:10E4D000000000000000000000000000000000003C
:10E4E000000000000000000000000000000000002C
:10E4F000000000000000000000000000000000001C
:10E50000000000000000000000000000000000000B
:10E5100000000000000000000000000000000000FB
:10E5200000000000000000000000000000000000EB
:10E5300000000000000000000000000000000000DB
:10E5400000000000000000000000000000000000CB
:10E5500000000000000000000000000000000000BB
:10E5600000000000000000000000000000000000AB
:10E57000000000000000000000000000000000009B
:10E58000000000000000000000000000000000008B
:10E59000000000000000000000000000000000007B
:10E5A000000000000000000000000000000000006B
:10E5B000000000000000000000000000000000005B
:10E5C000000000000000000000000000000000004B
:10E5D000000000000000000000000000000000003B
:10E5E000000000000000000000000000000000002B
:10E5F000000000000000000000000000000000001B
:10E60000000000000000000000000000000000000A
:10E6100000000000000000000000000000000000FA
:10E6200000000000000000000000000000000000EA
:10E6300000000000000000000000000000000000DA
:10E6400000000000000000000000000000000000CA
:10E6500000000000000000000000000000000000BA
:10E6600000000000000000000000000000000000AA
:10E67000000000000000000000000000000000009A
:10E68000000000000000000000000000000000008A
:10E69000000000000000000000000000000000007A
:10E6A000000000000000000000000000000000006A
:10E6B000000000000000000000000000000000005A
:10E6C000000000000000000000000000000000004A
:10E6D000000000000000000000000000000000003A
:10E6E000000000000000000000000000000000002A
:10E6F000000000000000000000000000000000001A
:10E700000000000000000000000000000000000009
:10E7100000000000000000000000000000000000F9
:10E7200000000000000000000000000000000000E9
:10E7300000000000000000000000000000000000D9
:10E7400000000000000000000000000000000000C9
:10E7500000000000000000000000000000000000B9
:10E7600000000000000000000000000000000000A9
:10E770000000000000000000000000000000000099
:10E780000000000000000000000000000000000089
:10E790000000000000000000000000000000000079
:10E7A0000000000000000000000000000000000069
:10E7B0000000000000000000000000000000000059
:10E7C0000000000000000000000000000000000049
:10E7D0000000000000000000000000000000000039
:10E7E0000000000000000000000000000000000029
:10E7F0000000000000000000000000000000000019
:040000056000100087
:00000001FF
